subscription_id,user_id,tool_id,plan,monthly_price,start_date,end_date,status
1,4,2,Basic,9.99,2025-09-09,,Active
2,5,20,Basic,9.99,2026-02-12,,Active
3,6,20,Basic,9.99,2025-09-06,,Active
4,12,7,Pro,24.99,2026-06-21,,Active
5,13,2,Pro,24.99,2025-10-09,,Active
6,14,21,Basic,9.99,2025-05-14,,Active
7,16,24,Team,59.99,2025-11-18,,Active
8,20,18,Basic,9.99,2025-12-14,,Active
9,20,1,Team,59.99,2025-12-08,,Active
10,23,6,Team,59.99,2025-11-24,,Active
11,24,25,Pro,24.99,2026-01-27,,Active
12,25,23,Pro,24.99,2026-05-24,,Active
13,25,19,Basic,9.99,2026-04-30,,Active
14,26,25,Pro,24.99,2025-11-09,,Active
15,29,5,Team,59.99,2025-10-28,,Active
16,30,10,Basic,9.99,2025-12-06,,Active
17,35,16,Basic,9.99,2026-04-22,,Active
18,39,8,Pro,24.99,2025-11-29,,Active
19,41,22,Basic,9.99,2025-06-30,,Active
20,42,18,Pro,24.99,2026-06-30,,Active
21,46,17,Basic,9.99,2025-09-28,,Active
22,46,22,Basic,9.99,2025-07-22,,Active
23,47,30,Pro,24.99,2025-12-23,2026-03-20,Cancelled
24,47,5,Team,59.99,2025-11-20,2026-02-11,Cancelled
25,50,4,Basic,9.99,2025-12-03,,Active
26,54,1,Basic,9.99,2025-11-06,,Active
27,56,3,Basic,9.99,2025-12-08,,Active
28,62,1,Team,59.99,2026-04-11,,Active
29,63,7,Pro,24.99,2026-06-05,,Active
30,63,14,Basic,9.99,2025-10-11,,Active
31,64,11,Basic,9.99,2025-06-08,,Active
32,64,2,Pro,24.99,2025-05-18,,Active
33,68,3,Pro,24.99,2025-11-12,,Active
34,70,18,Pro,24.99,2026-01-20,,Active
35,70,1,Enterprise,149.99,2026-06-26,,Active
36,71,9,Basic,9.99,2026-02-06,,Active
37,71,21,Pro,24.99,2025-12-14,,Active
38,74,12,Pro,24.99,2025-09-25,2025-11-29,Cancelled
39,78,7,Team,59.99,2026-06-18,,Active
40,78,27,Team,59.99,2026-04-18,,Active
41,81,11,Pro,24.99,2025-12-23,,Active
42,81,30,Team,59.99,2025-11-07,,Active
43,82,4,Pro,24.99,2026-06-18,,Active
44,84,2,Team,59.99,2025-11-20,,Active
45,84,9,Basic,9.99,2026-05-09,,Active
46,88,4,Team,59.99,2025-11-03,,Active
47,89,7,Pro,24.99,2026-03-10,,Active
48,92,17,Pro,24.99,2026-02-02,,Active
49,92,8,Pro,24.99,2025-04-30,,Active
50,93,8,Basic,9.99,2026-02-28,,Active
51,95,19,Team,59.99,2025-09-12,,Active
52,96,10,Pro,24.99,2025-12-18,,Active
53,102,10,Basic,9.99,2026-04-06,,Active
54,104,11,Basic,9.99,2025-08-02,,Active
55,104,3,Pro,24.99,2025-09-11,,Active
56,105,29,Pro,24.99,2025-05-13,,Active
57,107,2,Basic,9.99,2025-09-23,,Active
58,108,7,Pro,24.99,2026-03-09,,Active
59,110,21,Pro,24.99,2025-08-27,,Active
60,112,3,Basic,9.99,2025-08-04,,Active
61,115,11,Basic,9.99,2026-01-28,,Active
62,116,13,Basic,9.99,2026-05-09,,Active
63,116,14,Pro,24.99,2026-03-03,,Active
64,124,23,Basic,9.99,2025-10-23,,Active
65,125,13,Team,59.99,2026-03-23,,Active
66,125,17,Pro,24.99,2026-04-14,,Active
67,127,1,Basic,9.99,2025-09-11,,Active
68,129,24,Team,59.99,2025-10-08,,Active
69,132,21,Enterprise,149.99,2025-06-27,,Active
70,133,10,Pro,24.99,2026-02-04,,Active
71,134,3,Basic,9.99,2026-05-13,,Active
72,137,2,Team,59.99,2025-11-02,,Active
73,145,8,Pro,24.99,2025-08-01,,Active
74,146,1,Basic,9.99,2025-08-04,,Active
75,147,18,Basic,9.99,2025-04-23,,Active
76,148,24,Basic,9.99,2026-04-15,,Active
77,153,11,Pro,24.99,2026-04-01,2026-05-27,Cancelled
78,154,20,Pro,24.99,2025-07-18,,Active
79,155,5,Basic,9.99,2025-07-13,,Active
80,158,10,Team,59.99,2026-05-25,,Active
81,159,21,Basic,9.99,2025-06-15,2025-11-07,Cancelled
82,159,30,Pro,24.99,2026-01-06,,Active
83,161,11,Pro,24.99,2026-06-11,,Active
84,161,21,Pro,24.99,2025-11-28,,Active
85,163,24,Pro,24.99,2025-06-27,,Active
86,163,19,Enterprise,149.99,2025-12-17,,Active
87,165,2,Pro,24.99,2025-04-01,,Active
88,167,30,Team,59.99,2025-11-27,2026-02-05,Cancelled
89,170,29,Basic,9.99,2025-03-05,,Active
90,170,22,Basic,9.99,2025-03-22,,Active
91,171,5,Team,59.99,2026-04-23,,Active
92,178,7,Basic,9.99,2025-12-05,,Active
93,178,30,Enterprise,149.99,2026-06-06,,Active
94,181,6,Team,59.99,2026-02-07,,Active
95,183,5,Pro,24.99,2025-09-15,,Active
96,183,15,Pro,24.99,2025-09-09,,Active
97,184,17,Basic,9.99,2026-01-13,,Active
98,184,14,Basic,9.99,2026-01-10,,Active
99,188,19,Basic,9.99,2025-10-21,,Active
100,189,28,Pro,24.99,2026-02-04,,Active
101,194,21,Basic,9.99,2026-03-02,,Active
102,195,7,Enterprise,149.99,2025-09-07,,Active
103,198,1,Basic,9.99,2026-06-19,,Active
104,199,14,Pro,24.99,2025-12-01,,Active
105,199,13,Basic,9.99,2025-11-07,2026-04-17,Cancelled
106,201,3,Pro,24.99,2025-08-09,2025-11-28,Cancelled
107,201,3,Team,59.99,2025-12-21,,Active
108,204,4,Pro,24.99,2026-06-15,,Active
109,204,1,Basic,9.99,2026-01-18,,Active
110,205,2,Basic,9.99,2026-04-17,,Active
111,205,3,Pro,24.99,2026-04-08,,Active
112,206,22,Pro,24.99,2026-05-03,,Active
113,210,4,Team,59.99,2025-05-24,2025-10-20,Cancelled
114,210,3,Team,59.99,2025-09-15,,Active
115,213,20,Basic,9.99,2026-04-05,,Active
116,220,17,Team,59.99,2026-03-13,,Active
117,223,20,Basic,9.99,2025-08-05,,Active
118,225,13,Basic,9.99,2026-05-21,,Active
119,230,23,Pro,24.99,2025-07-05,,Active
120,232,4,Pro,24.99,2026-03-08,,Active
121,233,26,Basic,9.99,2026-04-01,,Active
122,239,5,Pro,24.99,2026-06-03,,Active
123,240,2,Team,59.99,2025-08-06,,Active
124,244,20,Team,59.99,2025-12-08,,Active
125,244,11,Team,59.99,2025-05-13,,Active
126,252,2,Basic,9.99,2026-03-14,,Active
127,255,9,Basic,9.99,2025-12-24,,Active
128,256,22,Basic,9.99,2026-05-03,,Active
129,257,22,Pro,24.99,2026-03-17,,Active
130,258,2,Basic,9.99,2025-08-05,,Active
131,261,26,Basic,9.99,2025-10-23,,Active
132,261,6,Enterprise,149.99,2025-10-18,2026-01-03,Cancelled
133,262,21,Basic,9.99,2026-01-02,,Active
134,262,19,Enterprise,149.99,2026-03-10,2026-05-20,Cancelled
135,264,18,Pro,24.99,2026-06-11,,Active
136,267,20,Pro,24.99,2025-06-18,,Active
137,269,25,Basic,9.99,2026-02-03,,Active
138,271,19,Pro,24.99,2025-06-25,,Active
139,277,3,Basic,9.99,2025-12-23,,Active
140,278,20,Pro,24.99,2026-04-24,,Active
141,278,11,Pro,24.99,2026-05-27,,Active
142,279,6,Pro,24.99,2025-12-30,,Active
143,279,25,Pro,24.99,2026-06-05,,Active
144,290,28,Team,59.99,2026-04-01,,Active
145,295,4,Pro,24.99,2026-04-18,2026-06-13,Cancelled
146,298,18,Pro,24.99,2025-12-11,,Active
147,299,18,Basic,9.99,2025-12-22,,Active
148,306,10,Pro,24.99,2026-05-15,,Active
149,306,19,Basic,9.99,2026-03-28,,Active
150,307,7,Basic,9.99,2026-05-01,2026-06-05,Cancelled
151,307,20,Pro,24.99,2026-04-02,,Active
152,311,8,Basic,9.99,2026-04-07,,Active
153,311,28,Basic,9.99,2026-05-07,,Active
154,312,20,Basic,9.99,2025-11-05,,Active
155,314,18,Basic,9.99,2025-12-19,,Active
156,315,19,Pro,24.99,2025-10-25,,Active
157,316,1,Pro,24.99,2025-09-02,,Active
158,324,26,Team,59.99,2026-03-13,,Active
159,327,6,Team,59.99,2025-01-30,,Active
160,329,28,Basic,9.99,2025-05-20,,Active
161,329,14,Pro,24.99,2025-07-01,,Active
162,331,11,Basic,9.99,2025-06-10,,Active
163,331,10,Basic,9.99,2025-10-13,,Active
164,338,29,Basic,9.99,2025-08-17,,Active
165,348,9,Enterprise,149.99,2026-03-22,,Active
166,348,9,Basic,9.99,2025-12-31,2026-03-12,Cancelled
167,357,1,Pro,24.99,2026-02-03,,Active
168,359,9,Pro,24.99,2026-04-24,,Active
169,361,2,Basic,9.99,2026-02-16,2026-05-29,Cancelled
170,361,3,Pro,24.99,2025-10-17,,Active
171,363,10,Basic,9.99,2026-05-17,,Active
172,366,20,Basic,9.99,2026-02-06,,Active
173,366,10,Basic,9.99,2026-01-27,,Active
174,368,21,Team,59.99,2025-07-08,,Active
175,368,8,Pro,24.99,2026-01-06,,Active
176,370,11,Pro,24.99,2025-10-22,2026-02-08,Cancelled
177,372,28,Basic,9.99,2025-10-17,,Active
178,377,3,Basic,9.99,2025-09-19,,Active
179,379,5,Basic,9.99,2025-10-10,,Active
180,389,21,Basic,9.99,2026-01-14,,Active
181,389,23,Pro,24.99,2026-01-31,,Active
182,392,10,Basic,9.99,2025-08-26,,Active
183,395,29,Pro,24.99,2025-10-25,,Active
184,395,22,Basic,9.99,2026-04-19,,Active
185,398,25,Basic,9.99,2025-10-15,2025-11-21,Cancelled
186,399,8,Enterprise,149.99,2026-04-16,,Active
187,400,24,Basic,9.99,2025-07-12,,Active
188,400,5,Basic,9.99,2026-03-13,,Active
189,402,6,Basic,9.99,2025-06-07,,Active
190,404,24,Pro,24.99,2026-06-07,,Active
191,406,4,Pro,24.99,2026-03-05,,Active
192,407,1,Pro,24.99,2025-06-10,,Active
193,407,18,Basic,9.99,2025-08-26,2025-11-07,Cancelled
194,408,9,Pro,24.99,2026-05-12,,Active
195,408,8,Basic,9.99,2026-02-06,,Active
196,410,22,Basic,9.99,2025-11-25,,Active
197,413,12,Basic,9.99,2025-09-28,,Active
198,414,10,Pro,24.99,2025-08-15,,Active
199,415,6,Pro,24.99,2025-02-21,2025-06-05,Cancelled
200,417,8,Basic,9.99,2025-12-25,2026-03-23,Cancelled
201,422,4,Enterprise,149.99,2025-04-28,,Active
202,425,25,Pro,24.99,2026-04-19,,Active
203,426,19,Enterprise,149.99,2025-12-25,,Active
204,426,9,Basic,9.99,2025-09-22,,Active
205,434,20,Pro,24.99,2026-03-12,,Active
206,434,24,Pro,24.99,2025-09-01,,Active
207,435,28,Pro,24.99,2026-03-13,,Active
208,436,21,Basic,9.99,2025-06-13,,Active
209,439,16,Pro,24.99,2026-02-19,,Active
210,441,20,Basic,9.99,2026-06-16,,Active
211,444,17,Enterprise,149.99,2025-04-03,,Active
212,444,9,Pro,24.99,2025-03-26,,Active
213,451,6,Basic,9.99,2026-02-04,,Active
214,455,17,Team,59.99,2026-01-11,,Active
215,455,28,Team,59.99,2026-03-23,2026-06-08,Cancelled
216,458,19,Basic,9.99,2026-02-21,,Active
217,463,4,Basic,9.99,2026-01-26,,Active
218,468,4,Basic,9.99,2025-02-25,,Active
219,469,14,Team,59.99,2025-12-22,,Active
220,470,17,Basic,9.99,2026-03-13,2026-04-28,Cancelled
221,471,24,Pro,24.99,2025-11-16,,Active
222,472,17,Basic,9.99,2026-03-26,2026-06-07,Cancelled
223,472,17,Basic,9.99,2025-12-26,,Active
224,477,19,Enterprise,149.99,2025-05-01,2025-06-12,Cancelled
225,477,19,Pro,24.99,2025-08-13,,Active
226,478,13,Basic,9.99,2025-08-13,,Active
227,479,22,Basic,9.99,2026-03-08,,Active
228,482,27,Basic,9.99,2025-08-05,,Active
229,483,6,Basic,9.99,2026-01-25,,Active
230,484,14,Basic,9.99,2026-03-14,,Active
231,489,5,Pro,24.99,2025-03-23,,Active
232,489,1,Pro,24.99,2025-08-04,,Active
233,490,20,Basic,9.99,2025-12-17,,Active
234,495,2,Pro,24.99,2025-10-22,,Active
235,497,10,Team,59.99,2026-05-19,,Active
236,497,5,Pro,24.99,2026-01-19,,Active
237,498,20,Pro,24.99,2025-07-06,,Active
238,499,8,Pro,24.99,2025-11-14,,Active
239,500,4,Basic,9.99,2026-06-10,,Active
240,507,18,Pro,24.99,2026-03-22,,Active
241,510,6,Pro,24.99,2026-01-31,2026-03-18,Cancelled
242,511,15,Basic,9.99,2026-01-18,,Active
243,516,7,Team,59.99,2025-08-29,,Active
244,519,23,Basic,9.99,2026-04-07,,Active
245,520,10,Pro,24.99,2025-09-14,,Active
246,521,1,Basic,9.99,2026-02-22,,Active
247,521,21,Pro,24.99,2026-06-11,,Active
248,523,2,Team,59.99,2025-12-22,,Active
249,523,19,Basic,9.99,2026-01-12,2026-03-12,Cancelled
250,524,11,Team,59.99,2026-05-09,,Active
251,524,7,Enterprise,149.99,2026-02-02,,Active
252,525,28,Team,59.99,2025-12-04,,Active
253,525,1,Basic,9.99,2026-02-12,,Active
254,528,11,Basic,9.99,2025-04-21,,Active
255,528,10,Pro,24.99,2025-07-02,,Active
256,536,4,Basic,9.99,2025-11-25,,Active
257,536,1,Basic,9.99,2025-07-06,,Active
258,537,7,Basic,9.99,2026-05-13,,Active
259,539,6,Pro,24.99,2026-04-07,,Active
260,539,10,Pro,24.99,2025-08-26,,Active
261,543,27,Team,59.99,2026-03-06,,Active
262,543,15,Basic,9.99,2025-12-24,,Active
263,545,10,Basic,9.99,2026-03-11,,Active
264,546,4,Basic,9.99,2026-05-27,,Active
265,553,10,Basic,9.99,2026-01-30,,Active
266,556,7,Basic,9.99,2026-04-12,,Active
267,561,9,Basic,9.99,2025-10-26,,Active
268,562,10,Basic,9.99,2026-02-04,,Active
269,562,2,Pro,24.99,2026-03-20,,Active
270,567,26,Team,59.99,2025-10-25,,Active
271,568,25,Pro,24.99,2025-08-22,,Active
272,569,3,Enterprise,149.99,2025-07-13,,Active
273,571,23,Basic,9.99,2025-12-05,,Active
274,572,20,Basic,9.99,2025-12-27,,Active
275,572,3,Pro,24.99,2026-03-20,,Active
276,576,16,Basic,9.99,2026-06-04,,Active
277,577,15,Pro,24.99,2025-08-08,,Active
278,578,23,Team,59.99,2026-04-10,,Active
279,579,21,Basic,9.99,2025-10-07,,Active
280,579,9,Team,59.99,2025-08-15,,Active
281,583,19,Team,59.99,2026-01-15,,Active
282,584,12,Team,59.99,2026-04-01,,Active
283,586,29,Pro,24.99,2025-02-21,,Active
284,586,30,Team,59.99,2025-11-11,,Active
285,589,25,Basic,9.99,2026-05-11,,Active
286,591,8,Basic,9.99,2025-11-04,2026-03-15,Cancelled
287,595,12,Pro,24.99,2025-12-24,,Active
288,595,17,Basic,9.99,2025-07-10,,Active
289,596,27,Enterprise,149.99,2025-07-10,,Active
290,597,26,Enterprise,149.99,2026-03-06,,Active
291,598,15,Pro,24.99,2026-02-19,,Active
292,598,8,Pro,24.99,2025-06-27,,Active
293,599,19,Pro,24.99,2026-03-03,,Active
294,605,4,Basic,9.99,2026-05-21,,Active
295,609,13,Pro,24.99,2025-12-27,2026-02-23,Cancelled
296,614,1,Pro,24.99,2025-12-30,,Active
297,615,12,Pro,24.99,2026-01-07,,Active
298,617,7,Basic,9.99,2025-08-29,,Active
299,619,19,Basic,9.99,2025-12-27,,Active
300,619,18,Basic,9.99,2025-09-22,2025-10-31,Cancelled
301,623,10,Team,59.99,2026-02-15,,Active
302,624,20,Basic,9.99,2025-06-05,,Active
303,625,20,Pro,24.99,2025-09-18,2026-03-12,Cancelled
304,625,18,Basic,9.99,2025-10-27,,Active
305,626,10,Team,59.99,2026-05-17,,Active
306,628,16,Team,59.99,2026-05-10,,Active
307,628,15,Pro,24.99,2026-06-17,,Active
308,629,21,Pro,24.99,2026-02-21,,Active
309,630,23,Basic,9.99,2026-03-13,,Active
310,631,24,Team,59.99,2025-10-23,,Active
311,631,9,Pro,24.99,2026-05-10,,Active
312,634,28,Basic,9.99,2026-01-22,,Active
313,634,5,Basic,9.99,2026-04-11,,Active
314,637,18,Basic,9.99,2025-12-15,,Active
315,639,10,Pro,24.99,2025-03-27,,Active
316,640,24,Team,59.99,2026-03-02,,Active
317,645,17,Pro,24.99,2025-03-25,,Active
318,646,18,Basic,9.99,2026-01-26,,Active
319,647,3,Basic,9.99,2026-05-03,,Active
320,648,22,Pro,24.99,2026-02-10,,Active
321,652,8,Basic,9.99,2025-12-10,,Active
322,653,1,Pro,24.99,2026-04-23,,Active
323,655,25,Pro,24.99,2025-08-18,,Active
324,656,18,Basic,9.99,2025-07-24,,Active
325,666,29,Basic,9.99,2026-03-25,,Active
326,666,30,Team,59.99,2026-03-14,,Active
327,667,11,Team,59.99,2026-03-05,,Active
328,676,10,Pro,24.99,2025-12-07,,Active
329,676,11,Pro,24.99,2026-02-04,,Active
330,677,16,Team,59.99,2025-10-31,,Active
331,684,14,Basic,9.99,2026-05-27,,Active
332,688,24,Team,59.99,2026-05-04,,Active
333,690,19,Pro,24.99,2026-02-22,,Active
334,692,9,Basic,9.99,2026-04-12,,Active
335,700,24,Basic,9.99,2025-12-18,2026-03-28,Cancelled
336,701,21,Basic,9.99,2025-10-03,,Active
337,701,17,Team,59.99,2026-05-01,,Active
338,711,3,Basic,9.99,2025-09-24,,Active
339,711,18,Basic,9.99,2026-05-09,,Active
340,718,9,Pro,24.99,2025-11-27,,Active
341,720,24,Pro,24.99,2025-06-08,,Active
342,728,23,Basic,9.99,2025-10-23,,Active
343,730,7,Basic,9.99,2026-05-24,,Active
344,730,25,Basic,9.99,2026-01-22,,Active
345,733,5,Pro,24.99,2026-04-24,,Active
346,736,20,Pro,24.99,2025-09-03,,Active
347,737,15,Basic,9.99,2025-11-15,,Active
348,737,9,Enterprise,149.99,2025-10-15,,Active
349,743,6,Basic,9.99,2025-05-16,,Active
350,746,27,Pro,24.99,2025-11-10,,Active
351,748,14,Pro,24.99,2026-02-18,,Active
352,748,5,Basic,9.99,2026-02-07,2026-03-27,Cancelled
353,749,12,Basic,9.99,2025-11-11,,Active
354,754,25,Basic,9.99,2025-06-12,,Active
355,756,15,Team,59.99,2025-12-13,,Active
356,768,23,Enterprise,149.99,2025-07-24,,Active
357,772,6,Pro,24.99,2026-06-12,,Active
358,772,29,Team,59.99,2026-02-21,,Active
359,773,24,Team,59.99,2026-04-21,,Active
360,777,18,Pro,24.99,2026-05-28,,Active
361,779,9,Pro,24.99,2026-04-03,,Active
362,784,15,Pro,24.99,2026-06-25,,Active
363,786,28,Pro,24.99,2025-10-21,,Active
364,787,20,Basic,9.99,2026-05-06,,Active
365,791,3,Enterprise,149.99,2026-01-03,,Active
366,792,13,Basic,9.99,2025-10-08,,Active
367,795,25,Basic,9.99,2026-06-25,,Active
368,798,2,Basic,9.99,2026-04-05,,Active
369,802,16,Pro,24.99,2026-05-20,,Active
370,802,9,Pro,24.99,2026-03-03,,Active
371,803,4,Team,59.99,2026-03-11,,Active
372,803,19,Team,59.99,2025-09-27,,Active
373,809,26,Team,59.99,2026-01-26,,Active
374,815,21,Pro,24.99,2026-02-24,,Active
375,817,9,Pro,24.99,2026-02-11,,Active
376,817,7,Basic,9.99,2026-01-30,,Active
377,818,8,Enterprise,149.99,2026-04-06,,Active
378,824,10,Basic,9.99,2026-06-19,,Active
379,824,19,Basic,9.99,2026-01-03,,Active
380,826,4,Team,59.99,2025-12-02,,Active
381,826,24,Enterprise,149.99,2025-11-29,2026-04-15,Cancelled
382,827,25,Basic,9.99,2026-02-21,,Active
383,829,5,Pro,24.99,2026-03-23,,Active
384,831,18,Pro,24.99,2026-03-25,,Active
385,836,18,Basic,9.99,2025-06-07,,Active
386,838,6,Pro,24.99,2026-05-13,2026-06-28,Cancelled
387,839,22,Pro,24.99,2025-10-06,,Active
388,840,13,Basic,9.99,2026-06-26,,Active
389,840,16,Pro,24.99,2026-03-12,,Active
390,845,4,Basic,9.99,2025-07-02,2025-10-07,Cancelled
391,845,2,Basic,9.99,2025-08-19,,Active
392,847,25,Pro,24.99,2025-08-04,,Active
393,851,4,Basic,9.99,2026-05-27,,Active
394,853,20,Pro,24.99,2025-10-15,,Active
395,854,25,Basic,9.99,2026-03-18,,Active
396,854,6,Pro,24.99,2026-05-20,,Active
397,855,9,Pro,24.99,2026-04-26,,Active
398,856,19,Pro,24.99,2026-01-28,,Active
399,857,22,Basic,9.99,2025-12-05,,Active
400,858,22,Basic,9.99,2025-12-26,2026-03-01,Cancelled
401,858,25,Basic,9.99,2025-07-13,,Active
402,859,8,Pro,24.99,2026-06-08,,Active
403,860,11,Pro,24.99,2025-09-30,,Active
404,863,7,Pro,24.99,2025-12-18,,Active
405,864,23,Pro,24.99,2026-05-30,,Active
406,864,10,Basic,9.99,2026-04-10,,Active
407,868,24,Pro,24.99,2025-11-06,,Active
408,871,21,Basic,9.99,2025-10-11,,Active
409,872,25,Pro,24.99,2026-03-20,,Active
410,872,6,Basic,9.99,2025-11-12,2026-03-09,Cancelled
411,875,28,Basic,9.99,2025-10-13,,Active
412,875,23,Basic,9.99,2026-01-13,,Active
413,877,8,Basic,9.99,2025-08-30,,Active
414,877,25,Basic,9.99,2026-03-11,2026-04-15,Cancelled
415,884,20,Basic,9.99,2025-11-25,,Active
416,886,18,Pro,24.99,2025-06-30,,Active
417,887,6,Basic,9.99,2025-12-24,,Active
418,888,1,Pro,24.99,2026-03-28,,Active
419,891,6,Basic,9.99,2025-05-11,,Active
420,894,3,Basic,9.99,2026-03-31,,Active
421,896,1,Pro,24.99,2026-03-30,2026-04-29,Cancelled
422,899,15,Basic,9.99,2026-05-24,,Active
423,902,7,Pro,24.99,2026-04-14,,Active
424,902,25,Basic,9.99,2026-02-22,,Active
425,903,19,Basic,9.99,2025-05-16,,Active
426,903,18,Pro,24.99,2025-07-24,,Active
427,905,25,Basic,9.99,2026-06-04,,Active
428,906,27,Basic,9.99,2025-08-06,,Active
429,911,13,Basic,9.99,2026-04-17,,Active
430,912,7,Basic,9.99,2025-06-08,,Active
431,912,5,Basic,9.99,2025-05-21,,Active
432,913,28,Team,59.99,2026-02-24,,Active
433,913,5,Pro,24.99,2026-05-20,,Active
434,918,3,Team,59.99,2026-03-26,,Active
435,923,18,Pro,24.99,2025-12-11,,Active
436,924,2,Basic,9.99,2026-01-13,,Active
437,924,2,Pro,24.99,2026-03-17,,Active
438,926,11,Pro,24.99,2026-03-11,,Active
439,929,20,Basic,9.99,2025-08-17,,Active
440,929,9,Team,59.99,2025-10-11,,Active
441,930,8,Team,59.99,2025-06-10,2025-07-21,Cancelled
442,930,22,Pro,24.99,2025-04-23,,Active
443,932,24,Pro,24.99,2026-06-01,,Active
444,933,7,Basic,9.99,2026-02-06,2026-03-24,Cancelled
445,933,6,Pro,24.99,2025-08-07,,Active
446,939,10,Pro,24.99,2026-04-07,,Active
447,948,8,Pro,24.99,2026-02-20,,Active
448,953,1,Team,59.99,2026-02-27,,Active
449,954,10,Team,59.99,2025-11-13,,Active
450,955,6,Basic,9.99,2025-11-05,,Active
451,958,23,Basic,9.99,2025-06-29,,Active
452,958,28,Enterprise,149.99,2025-10-20,,Active
453,962,2,Pro,24.99,2026-02-07,,Active
454,968,3,Pro,24.99,2026-01-04,,Active
455,969,10,Pro,24.99,2026-05-12,,Active
456,969,19,Basic,9.99,2026-02-24,,Active
457,972,19,Pro,24.99,2025-06-13,2025-10-25,Cancelled
458,972,24,Basic,9.99,2025-07-23,,Active
459,973,20,Team,59.99,2025-10-07,,Active
460,975,20,Basic,9.99,2025-03-19,,Active
461,979,18,Pro,24.99,2026-03-10,,Active
462,979,8,Pro,24.99,2026-06-24,,Active
463,981,28,Pro,24.99,2025-09-03,,Active
464,982,25,Pro,24.99,2026-01-27,,Active
465,987,25,Enterprise,149.99,2025-10-23,,Active
466,987,25,Basic,9.99,2025-04-07,,Active
467,989,10,Pro,24.99,2026-02-09,,Active
468,994,11,Basic,9.99,2025-08-28,,Active
469,995,20,Pro,24.99,2026-06-13,,Active
470,1000,18,Basic,9.99,2026-02-15,,Active
471,1000,20,Pro,24.99,2026-03-18,,Active
472,1002,12,Team,59.99,2026-03-26,,Active
473,1002,17,Team,59.99,2026-05-06,,Active
474,1004,12,Basic,9.99,2026-04-20,,Active
475,1004,26,Pro,24.99,2026-02-13,,Active
476,1006,19,Pro,24.99,2025-02-06,,Active
477,1009,3,Basic,9.99,2026-03-31,,Active
478,1010,11,Pro,24.99,2026-05-11,,Active
479,1010,12,Basic,9.99,2025-09-28,,Active
480,1023,30,Pro,24.99,2025-12-15,,Active
481,1025,18,Basic,9.99,2026-06-22,,Active
482,1029,6,Pro,24.99,2026-04-30,,Active
483,1033,4,Pro,24.99,2026-04-07,,Active
484,1034,2,Basic,9.99,2025-10-06,2026-02-07,Cancelled
485,1035,5,Pro,24.99,2025-07-12,,Active
486,1035,25,Basic,9.99,2025-12-31,,Active
487,1036,10,Basic,9.99,2026-01-15,,Active
488,1037,27,Basic,9.99,2025-10-28,,Active
489,1037,17,Basic,9.99,2026-01-27,,Active
490,1044,14,Basic,9.99,2025-08-02,,Active
491,1046,25,Pro,24.99,2025-08-19,,Active
492,1046,21,Pro,24.99,2025-11-24,,Active
493,1048,26,Basic,9.99,2025-11-30,2026-05-25,Cancelled
494,1049,25,Team,59.99,2025-11-17,,Active
495,1052,1,Team,59.99,2025-09-12,,Active
496,1057,10,Enterprise,149.99,2026-05-30,,Active
497,1059,24,Basic,9.99,2025-09-20,,Active
498,1061,7,Basic,9.99,2025-12-17,,Active
499,1064,1,Basic,9.99,2025-11-24,,Active
500,1065,15,Pro,24.99,2025-09-06,2026-01-09,Cancelled
501,1066,30,Basic,9.99,2025-10-01,2026-03-25,Cancelled
502,1070,10,Enterprise,149.99,2025-03-12,,Active
503,1072,18,Pro,24.99,2026-06-12,,Active
504,1073,3,Enterprise,149.99,2026-01-06,,Active
505,1075,10,Basic,9.99,2026-01-14,,Active
506,1078,9,Enterprise,149.99,2025-11-09,2026-01-07,Cancelled
507,1083,11,Pro,24.99,2026-05-16,,Active
508,1083,11,Pro,24.99,2025-10-30,,Active
509,1084,13,Pro,24.99,2026-05-29,,Active
510,1096,14,Pro,24.99,2026-03-28,,Active
511,1097,3,Basic,9.99,2026-01-11,,Active
512,1100,13,Team,59.99,2025-11-22,,Active
513,1103,20,Team,59.99,2026-04-07,,Active
514,1103,2,Pro,24.99,2026-05-26,,Active
515,1107,22,Pro,24.99,2025-05-22,2025-09-01,Cancelled
516,1119,2,Team,59.99,2026-05-03,2026-06-23,Cancelled
517,1119,11,Basic,9.99,2026-05-15,,Active
518,1123,10,Team,59.99,2025-07-05,2025-10-03,Cancelled
519,1127,19,Team,59.99,2026-05-04,,Active
520,1130,19,Pro,24.99,2025-08-20,,Active
521,1131,19,Basic,9.99,2026-02-17,,Active
522,1131,27,Pro,24.99,2026-06-30,,Active
523,1134,18,Team,59.99,2026-01-14,2026-04-23,Cancelled
524,1135,22,Team,59.99,2026-05-16,,Active
525,1136,18,Basic,9.99,2025-11-29,,Active
526,1137,19,Basic,9.99,2026-01-21,,Active
527,1137,22,Basic,9.99,2026-01-19,,Active
528,1139,6,Basic,9.99,2025-09-27,,Active
529,1141,16,Pro,24.99,2025-11-13,,Active
530,1143,17,Pro,24.99,2025-09-18,,Active
531,1147,19,Basic,9.99,2026-04-07,,Active
532,1155,10,Basic,9.99,2026-04-16,,Active
533,1156,11,Basic,9.99,2025-05-02,,Active
534,1159,10,Enterprise,149.99,2025-08-01,2025-11-22,Cancelled
535,1160,5,Team,59.99,2026-01-21,,Active
536,1161,16,Pro,24.99,2025-08-21,,Active
537,1162,8,Team,59.99,2025-08-26,,Active
538,1165,8,Pro,24.99,2025-10-12,2026-02-13,Cancelled
539,1168,30,Basic,9.99,2025-09-27,,Active
540,1168,10,Basic,9.99,2025-08-06,2026-01-05,Cancelled
541,1169,17,Basic,9.99,2026-04-18,,Active
542,1171,3,Basic,9.99,2025-05-22,,Active
543,1174,22,Pro,24.99,2026-01-10,,Active
544,1177,5,Pro,24.99,2026-01-13,,Active
545,1177,6,Enterprise,149.99,2026-06-16,,Active
546,1186,9,Pro,24.99,2026-06-18,,Active
547,1187,21,Team,59.99,2026-01-22,,Active
548,1192,5,Pro,24.99,2026-02-22,2026-05-10,Cancelled
549,1198,27,Pro,24.99,2026-02-21,,Active
550,1200,25,Pro,24.99,2025-11-21,2026-04-22,Cancelled
551,1203,4,Basic,9.99,2025-12-26,,Active
552,1203,19,Pro,24.99,2026-04-11,,Active
553,1211,20,Pro,24.99,2026-01-12,,Active
554,1211,9,Basic,9.99,2025-08-22,2025-10-09,Cancelled
555,1216,13,Basic,9.99,2025-10-12,,Active
556,1220,28,Pro,24.99,2025-12-04,,Active
557,1220,28,Pro,24.99,2025-12-06,,Active
558,1225,4,Basic,9.99,2025-10-22,,Active
559,1226,18,Pro,24.99,2025-03-22,,Active
560,1226,18,Basic,9.99,2025-07-20,2025-10-07,Cancelled
561,1227,24,Pro,24.99,2025-09-03,,Active
562,1231,14,Pro,24.99,2026-05-08,,Active
563,1231,12,Team,59.99,2026-04-24,,Active
564,1233,9,Team,59.99,2025-12-01,,Active
565,1235,22,Basic,9.99,2026-01-08,2026-05-14,Cancelled
566,1235,7,Pro,24.99,2025-12-28,,Active
567,1240,3,Pro,24.99,2025-04-30,,Active
568,1244,11,Basic,9.99,2026-01-17,,Active
569,1246,28,Basic,9.99,2026-01-30,,Active
570,1247,11,Team,59.99,2025-12-10,,Active
571,1247,8,Basic,9.99,2026-01-08,,Active
572,1248,11,Team,59.99,2026-03-06,,Active
573,1250,24,Basic,9.99,2025-12-04,,Active
574,1250,10,Pro,24.99,2025-11-17,,Active
575,1254,1,Basic,9.99,2026-06-24,,Active
576,1256,11,Pro,24.99,2025-06-24,,Active
577,1258,5,Enterprise,149.99,2026-02-18,,Active
578,1260,6,Basic,9.99,2026-03-09,,Active
579,1263,24,Pro,24.99,2026-02-26,,Active
580,1264,10,Pro,24.99,2025-12-23,,Active
581,1265,10,Team,59.99,2025-04-10,,Active
582,1265,10,Pro,24.99,2025-12-21,,Active
583,1268,6,Team,59.99,2026-02-04,2026-06-28,Cancelled
584,1268,10,Pro,24.99,2026-03-29,,Active
585,1272,6,Basic,9.99,2026-04-09,,Active
586,1272,20,Basic,9.99,2026-03-01,,Active
587,1277,20,Pro,24.99,2026-02-27,,Active
588,1278,9,Team,59.99,2025-12-03,,Active
589,1279,2,Team,59.99,2025-07-17,2025-12-01,Cancelled
590,1279,11,Pro,24.99,2025-07-01,,Active
591,1280,11,Basic,9.99,2025-06-13,,Active
592,1281,3,Basic,9.99,2025-07-28,,Active
593,1282,18,Team,59.99,2025-10-22,,Active
594,1283,17,Basic,9.99,2025-04-07,,Active
595,1286,7,Pro,24.99,2026-03-19,,Active
596,1286,24,Basic,9.99,2025-11-13,,Active
597,1290,7,Pro,24.99,2025-12-12,,Active
598,1292,20,Pro,24.99,2026-06-04,,Active
599,1297,1,Basic,9.99,2025-11-16,,Active
600,1297,25,Basic,9.99,2025-11-02,,Active
601,1298,16,Basic,9.99,2025-03-22,2025-05-02,Cancelled
602,1300,5,Pro,24.99,2025-06-11,,Active
603,1302,7,Basic,9.99,2025-10-20,,Active
604,1307,10,Basic,9.99,2025-09-19,,Active
605,1308,11,Basic,9.99,2026-05-20,,Active
606,1308,21,Pro,24.99,2026-06-18,,Active
607,1310,15,Basic,9.99,2025-08-23,,Active
608,1310,15,Basic,9.99,2026-03-21,,Active
609,1315,8,Basic,9.99,2026-02-21,,Active
610,1319,23,Basic,9.99,2025-07-07,,Active
611,1320,20,Basic,9.99,2025-12-02,,Active
612,1322,4,Basic,9.99,2026-03-31,,Active
613,1323,4,Basic,9.99,2026-03-16,,Active
614,1327,23,Basic,9.99,2026-04-12,,Active
615,1329,6,Basic,9.99,2025-04-10,,Active
616,1331,19,Team,59.99,2026-02-25,,Active
617,1333,5,Basic,9.99,2025-12-15,,Active
618,1338,19,Pro,24.99,2026-01-11,,Active
619,1338,11,Pro,24.99,2026-05-12,,Active
620,1343,21,Pro,24.99,2025-11-22,,Active
621,1346,30,Pro,24.99,2026-01-21,,Active
622,1354,6,Basic,9.99,2025-10-20,,Active
623,1355,4,Basic,9.99,2026-01-09,2026-04-12,Cancelled
624,1356,1,Pro,24.99,2026-06-15,,Active
625,1357,23,Team,59.99,2026-03-04,,Active
626,1357,27,Pro,24.99,2026-06-10,,Active
627,1358,8,Basic,9.99,2026-03-04,,Active
628,1360,25,Basic,9.99,2026-04-15,2026-05-22,Cancelled
629,1363,5,Enterprise,149.99,2026-04-16,,Active
630,1363,9,Basic,9.99,2025-10-12,,Active
631,1364,24,Basic,9.99,2026-03-16,,Active
632,1365,19,Pro,24.99,2025-11-22,,Active
633,1365,28,Basic,9.99,2026-02-02,,Active
634,1368,13,Basic,9.99,2026-01-17,,Active
635,1371,13,Basic,9.99,2026-02-08,2026-04-30,Cancelled
636,1371,5,Pro,24.99,2026-02-23,,Active
637,1373,24,Pro,24.99,2025-04-07,2025-05-07,Cancelled
638,1376,5,Pro,24.99,2026-03-24,,Active
639,1380,7,Basic,9.99,2026-03-06,,Active
640,1381,2,Pro,24.99,2026-04-06,,Active
641,1381,25,Basic,9.99,2026-04-23,,Active
642,1382,9,Pro,24.99,2025-10-02,,Active
643,1384,6,Basic,9.99,2026-02-02,,Active
644,1405,11,Pro,24.99,2025-06-13,,Active
645,1413,14,Basic,9.99,2025-07-27,,Active
646,1413,25,Pro,24.99,2025-07-23,,Active
647,1415,25,Pro,24.99,2025-12-04,,Active
648,1418,12,Basic,9.99,2025-10-09,,Active
649,1425,12,Basic,9.99,2025-07-04,,Active
650,1433,24,Pro,24.99,2026-03-18,,Active
651,1433,11,Pro,24.99,2026-03-25,,Active
652,1434,4,Basic,9.99,2025-07-24,2025-12-16,Cancelled
653,1435,28,Basic,9.99,2026-06-21,,Active
654,1436,13,Pro,24.99,2025-04-22,,Active
655,1437,24,Basic,9.99,2026-01-14,,Active
656,1437,21,Pro,24.99,2025-09-10,2026-01-27,Cancelled
657,1438,11,Basic,9.99,2025-07-16,,Active
658,1439,18,Enterprise,149.99,2026-05-29,,Active
659,1441,29,Basic,9.99,2025-12-02,,Active
660,1449,2,Pro,24.99,2026-06-15,,Active
661,1451,27,Basic,9.99,2026-03-29,,Active
662,1452,17,Team,59.99,2026-05-14,,Active
663,1457,5,Team,59.99,2025-12-06,,Active
664,1457,22,Pro,24.99,2025-10-07,,Active
665,1461,20,Team,59.99,2025-09-06,,Active
666,1463,3,Team,59.99,2026-03-15,,Active
667,1464,4,Enterprise,149.99,2026-01-16,,Active
668,1464,18,Pro,24.99,2026-06-10,,Active
669,1465,2,Team,59.99,2025-10-09,,Active
670,1465,8,Team,59.99,2025-11-27,,Active
671,1466,4,Basic,9.99,2026-02-15,,Active
672,1470,24,Basic,9.99,2026-05-11,,Active
673,1471,4,Enterprise,149.99,2025-10-07,,Active
674,1472,6,Basic,9.99,2025-09-27,,Active
675,1474,20,Basic,9.99,2026-05-26,,Active
676,1474,3,Pro,24.99,2026-06-09,,Active
677,1478,13,Pro,24.99,2026-06-02,,Active
678,1478,5,Pro,24.99,2026-02-13,,Active
679,1479,19,Basic,9.99,2026-04-09,,Active
680,1480,29,Pro,24.99,2025-08-24,2025-12-27,Cancelled
681,1482,25,Pro,24.99,2026-02-04,,Active
682,1482,5,Basic,9.99,2026-01-13,,Active
683,1485,11,Basic,9.99,2025-12-06,,Active
684,1492,15,Basic,9.99,2025-04-05,,Active
685,1496,1,Basic,9.99,2025-08-06,,Active
686,1501,13,Pro,24.99,2026-02-27,,Active
687,1502,14,Pro,24.99,2026-03-30,,Active
688,1506,16,Basic,9.99,2025-10-02,,Active
689,1506,16,Pro,24.99,2025-11-25,,Active
690,1507,2,Pro,24.99,2026-03-19,,Active
691,1507,22,Team,59.99,2026-04-10,,Active
692,1516,20,Basic,9.99,2026-03-17,,Active
693,1518,9,Pro,24.99,2025-12-25,,Active
694,1518,10,Team,59.99,2026-06-11,,Active
695,1519,26,Pro,24.99,2025-07-22,,Active
696,1521,19,Pro,24.99,2025-11-06,,Active
697,1525,25,Basic,9.99,2026-02-16,2026-06-16,Cancelled
698,1527,16,Basic,9.99,2026-01-13,,Active
699,1527,28,Team,59.99,2025-12-09,,Active
700,1529,10,Basic,9.99,2026-04-13,,Active
701,1529,30,Basic,9.99,2025-12-23,,Active
702,1530,8,Enterprise,149.99,2025-07-05,,Active
703,1534,6,Enterprise,149.99,2025-10-10,,Active
704,1534,9,Pro,24.99,2025-12-10,,Active
705,1542,30,Pro,24.99,2025-01-19,2025-05-01,Cancelled
706,1546,23,Pro,24.99,2026-03-03,,Active
707,1554,15,Pro,24.99,2026-01-26,,Active
708,1555,20,Basic,9.99,2025-07-04,,Active
709,1556,6,Pro,24.99,2026-03-25,,Active
710,1557,9,Basic,9.99,2025-07-13,,Active
711,1557,19,Basic,9.99,2025-07-26,,Active
712,1559,19,Basic,9.99,2026-02-09,,Active
713,1561,18,Team,59.99,2025-10-22,,Active
714,1564,25,Pro,24.99,2025-09-24,,Active
715,1564,25,Pro,24.99,2025-08-02,,Active
716,1565,28,Basic,9.99,2026-06-02,,Active
717,1568,8,Team,59.99,2025-11-11,2026-05-10,Cancelled
718,1568,16,Pro,24.99,2026-01-17,,Active
719,1574,24,Basic,9.99,2025-12-07,,Active
720,1576,28,Pro,24.99,2025-10-01,,Active
721,1578,11,Basic,9.99,2025-05-22,,Active
722,1585,12,Pro,24.99,2025-12-11,,Active
723,1585,13,Basic,9.99,2025-07-22,,Active
724,1587,6,Basic,9.99,2026-03-10,,Active
725,1587,6,Basic,9.99,2025-12-12,,Active
726,1589,29,Pro,24.99,2026-03-05,,Active
727,1590,18,Basic,9.99,2026-05-18,,Active
728,1590,10,Basic,9.99,2026-06-03,,Active
729,1591,11,Team,59.99,2026-03-25,,Active
730,1595,20,Pro,24.99,2026-06-06,,Active
731,1596,23,Pro,24.99,2026-01-21,,Active
732,1596,22,Team,59.99,2026-04-12,,Active
733,1597,24,Team,59.99,2025-11-03,,Active
734,1597,25,Team,59.99,2025-07-07,,Active
735,1599,11,Basic,9.99,2026-02-10,,Active
736,1599,10,Enterprise,149.99,2025-11-23,,Active
737,1605,12,Team,59.99,2026-04-01,,Active
738,1609,3,Team,59.99,2025-07-03,,Active
739,1609,18,Basic,9.99,2025-05-19,,Active
740,1611,6,Pro,24.99,2025-07-09,,Active
741,1611,11,Basic,9.99,2025-02-16,,Active
742,1613,6,Basic,9.99,2026-01-15,,Active
743,1613,23,Basic,9.99,2026-04-25,,Active
744,1614,22,Basic,9.99,2026-03-31,,Active
745,1619,19,Basic,9.99,2025-08-21,,Active
746,1620,7,Enterprise,149.99,2026-03-07,,Active
747,1622,9,Basic,9.99,2025-05-27,2025-10-24,Cancelled
748,1624,23,Basic,9.99,2025-07-16,2025-11-11,Cancelled
749,1628,22,Pro,24.99,2025-05-29,,Active
750,1629,27,Basic,9.99,2025-10-14,,Active
751,1638,16,Pro,24.99,2026-02-04,,Active
752,1639,23,Basic,9.99,2026-04-21,,Active
753,1640,21,Team,59.99,2026-02-23,,Active
754,1642,22,Pro,24.99,2025-03-20,,Active
755,1643,9,Team,59.99,2026-03-31,,Active
756,1643,18,Pro,24.99,2026-02-22,,Active
757,1646,13,Basic,9.99,2025-09-01,,Active
758,1647,8,Basic,9.99,2025-08-10,,Active
759,1653,17,Pro,24.99,2026-05-26,,Active
760,1653,5,Basic,9.99,2026-03-28,,Active
761,1656,30,Basic,9.99,2025-09-04,,Active
762,1659,24,Basic,9.99,2025-02-16,,Active
763,1661,9,Basic,9.99,2025-10-04,,Active
764,1664,6,Team,59.99,2025-03-16,,Active
765,1668,21,Pro,24.99,2025-07-19,2025-11-29,Cancelled
766,1671,11,Basic,9.99,2025-11-10,,Active
767,1676,19,Basic,9.99,2026-04-09,,Active
768,1680,10,Pro,24.99,2026-03-26,,Active
769,1681,27,Basic,9.99,2026-05-04,2026-06-18,Cancelled
770,1682,7,Basic,9.99,2025-07-26,,Active
771,1684,19,Basic,9.99,2026-03-02,,Active
772,1684,10,Pro,24.99,2026-06-19,,Active
773,1686,21,Pro,24.99,2026-04-21,2026-06-22,Cancelled
774,1694,18,Pro,24.99,2025-08-17,,Active
775,1696,12,Team,59.99,2026-03-18,,Active
776,1699,25,Team,59.99,2025-06-27,,Active
777,1700,24,Pro,24.99,2026-01-09,,Active
778,1703,3,Team,59.99,2025-12-07,,Active
779,1712,9,Team,59.99,2025-09-16,2025-11-02,Cancelled
780,1715,24,Basic,9.99,2026-01-16,,Active
781,1718,28,Pro,24.99,2026-03-31,,Active
782,1718,27,Basic,9.99,2026-04-19,,Active
783,1724,25,Pro,24.99,2025-12-25,,Active
784,1724,21,Basic,9.99,2026-03-28,,Active
785,1726,6,Pro,24.99,2026-03-12,,Active
786,1726,19,Basic,9.99,2025-09-25,,Active
787,1728,11,Team,59.99,2026-03-31,,Active
788,1728,2,Basic,9.99,2025-10-20,,Active
789,1732,19,Pro,24.99,2026-01-02,,Active
790,1736,9,Basic,9.99,2026-02-25,,Active
791,1736,24,Basic,9.99,2026-06-21,,Active
792,1743,11,Enterprise,149.99,2025-03-06,,Active
793,1747,24,Pro,24.99,2025-12-08,,Active
794,1749,9,Pro,24.99,2025-05-03,2025-08-25,Cancelled
795,1754,22,Team,59.99,2026-03-29,,Active
796,1757,20,Pro,24.99,2026-02-10,2026-04-07,Cancelled
797,1761,16,Basic,9.99,2026-01-30,,Active
798,1762,24,Basic,9.99,2026-03-29,,Active
799,1763,18,Basic,9.99,2026-05-24,,Active
800,1764,20,Pro,24.99,2025-08-17,,Active
801,1771,27,Pro,24.99,2025-08-14,,Active
802,1771,7,Team,59.99,2025-07-11,,Active
803,1775,5,Basic,9.99,2026-04-21,,Active
804,1783,19,Basic,9.99,2026-04-03,,Active
805,1784,11,Basic,9.99,2025-08-31,2026-02-04,Cancelled
806,1786,3,Team,59.99,2026-03-21,,Active
807,1789,29,Pro,24.99,2025-11-03,,Active
808,1790,6,Basic,9.99,2026-06-02,,Active
809,1792,27,Basic,9.99,2025-10-03,,Active
810,1793,8,Enterprise,149.99,2026-05-15,,Active
811,1793,25,Pro,24.99,2025-12-01,,Active
812,1795,23,Pro,24.99,2025-12-21,,Active
813,1803,11,Team,59.99,2025-10-24,,Active
814,1807,2,Pro,24.99,2025-11-13,,Active
815,1807,21,Basic,9.99,2025-07-14,,Active
816,1808,23,Pro,24.99,2025-09-11,,Active
817,1810,7,Pro,24.99,2026-03-21,,Active
818,1817,1,Team,59.99,2026-03-15,,Active
819,1818,2,Pro,24.99,2026-01-22,,Active
820,1820,23,Basic,9.99,2026-01-22,,Active
821,1826,11,Pro,24.99,2026-03-05,,Active
822,1827,19,Pro,24.99,2025-07-02,,Active
823,1827,20,Basic,9.99,2025-05-22,,Active
824,1833,21,Basic,9.99,2026-05-31,,Active
825,1835,8,Basic,9.99,2025-05-30,,Active
826,1837,10,Basic,9.99,2026-06-10,,Active
827,1840,22,Basic,9.99,2026-05-24,,Active
828,1844,7,Pro,24.99,2026-06-26,,Active
829,1844,16,Basic,9.99,2026-05-21,,Active
830,1845,25,Pro,24.99,2026-04-03,,Active
831,1845,8,Pro,24.99,2026-05-09,,Active
832,1846,20,Enterprise,149.99,2025-12-03,,Active
833,1851,10,Basic,9.99,2025-11-16,,Active
834,1852,19,Team,59.99,2025-12-28,,Active
835,1853,20,Basic,9.99,2026-04-03,,Active
836,1854,14,Team,59.99,2026-06-23,,Active
837,1854,24,Pro,24.99,2026-04-09,,Active
838,1859,19,Basic,9.99,2026-02-09,,Active
839,1859,1,Pro,24.99,2025-07-22,,Active
840,1864,3,Basic,9.99,2025-08-10,,Active
841,1865,7,Basic,9.99,2026-05-10,2026-06-27,Cancelled
842,1865,9,Team,59.99,2026-02-03,,Active
843,1867,11,Basic,9.99,2025-06-29,,Active
844,1868,3,Enterprise,149.99,2025-12-19,,Active
845,1868,8,Pro,24.99,2026-05-08,,Active
846,1869,27,Basic,9.99,2026-06-18,,Active
847,1870,6,Basic,9.99,2026-02-18,,Active
848,1871,26,Basic,9.99,2026-06-29,,Active
849,1875,11,Basic,9.99,2026-04-30,,Active
850,1875,24,Pro,24.99,2026-04-30,,Active
851,1876,12,Pro,24.99,2025-12-15,,Active
852,1877,1,Basic,9.99,2026-05-14,,Active
853,1882,27,Basic,9.99,2026-05-02,,Active
854,1884,24,Pro,24.99,2026-01-31,,Active
855,1884,10,Team,59.99,2025-08-30,,Active
856,1886,10,Enterprise,149.99,2025-04-24,,Active
857,1886,6,Pro,24.99,2025-08-05,,Active
858,1889,24,Pro,24.99,2025-12-18,2026-02-14,Cancelled
859,1891,10,Basic,9.99,2025-09-07,,Active
860,1894,5,Enterprise,149.99,2026-04-01,,Active
861,1896,16,Team,59.99,2026-02-06,,Active
862,1898,9,Pro,24.99,2026-06-10,,Active
863,1898,16,Team,59.99,2026-03-13,,Active
864,1900,7,Enterprise,149.99,2026-01-09,,Active
865,1903,1,Basic,9.99,2025-09-28,2026-01-17,Cancelled
866,1905,29,Team,59.99,2025-08-18,,Active
867,1905,30,Basic,9.99,2026-01-22,,Active
868,1906,2,Team,59.99,2025-10-16,,Active
869,1907,11,Team,59.99,2025-10-28,,Active
870,1909,8,Pro,24.99,2026-03-09,,Active
871,1909,8,Pro,24.99,2026-06-16,,Active
872,1914,11,Pro,24.99,2025-10-26,,Active
873,1919,8,Pro,24.99,2026-01-07,,Active
874,1920,24,Pro,24.99,2026-05-02,,Active
875,1926,14,Pro,24.99,2025-07-14,,Active
876,1931,15,Basic,9.99,2026-01-20,,Active
877,1931,16,Pro,24.99,2026-01-06,2026-05-09,Cancelled
878,1933,11,Pro,24.99,2026-01-30,,Active
879,1936,4,Basic,9.99,2025-05-26,,Active
880,1936,21,Basic,9.99,2025-10-20,,Active
881,1938,23,Basic,9.99,2026-02-13,,Active
882,1940,8,Pro,24.99,2025-07-03,,Active
883,1941,23,Pro,24.99,2026-04-04,,Active
884,1944,11,Pro,24.99,2026-03-11,,Active
885,1950,11,Basic,9.99,2026-04-12,,Active
886,1953,4,Pro,24.99,2026-04-02,,Active
887,1954,25,Basic,9.99,2026-01-11,2026-05-30,Cancelled
888,1964,24,Basic,9.99,2025-10-31,2026-03-22,Cancelled
889,1965,9,Basic,9.99,2025-02-07,,Active
890,1970,24,Pro,24.99,2026-05-13,,Active
891,1974,23,Pro,24.99,2026-05-21,,Active
892,1977,27,Team,59.99,2026-02-06,,Active
893,1979,7,Enterprise,149.99,2025-05-01,,Active
894,1979,24,Basic,9.99,2025-07-11,2025-09-03,Cancelled
895,1984,18,Team,59.99,2026-01-06,2026-05-02,Cancelled
896,1984,3,Pro,24.99,2025-06-24,,Active
897,1987,20,Basic,9.99,2025-11-28,,Active
898,1987,10,Basic,9.99,2025-09-20,,Active
899,1988,25,Pro,24.99,2026-01-25,,Active
900,1991,19,Pro,24.99,2026-03-14,,Active
901,1996,7,Basic,9.99,2026-05-28,,Active
902,1998,9,Pro,24.99,2025-11-27,,Active
903,1998,8,Basic,9.99,2025-10-03,,Active
904,2003,7,Pro,24.99,2025-06-24,,Active
905,2003,4,Team,59.99,2025-09-10,,Active
906,2008,23,Basic,9.99,2026-03-24,,Active
907,2012,11,Pro,24.99,2026-03-11,,Active
908,2015,25,Basic,9.99,2026-04-07,,Active
909,2016,2,Basic,9.99,2026-02-11,,Active
910,2016,23,Team,59.99,2026-03-12,,Active
911,2018,27,Enterprise,149.99,2025-08-13,,Active
912,2019,13,Basic,9.99,2026-06-26,,Active
913,2020,18,Basic,9.99,2025-12-11,,Active
914,2020,18,Pro,24.99,2025-12-22,,Active
915,2024,21,Basic,9.99,2026-06-12,,Active
916,2026,12,Basic,9.99,2025-10-23,,Active
917,2027,25,Basic,9.99,2025-12-31,,Active
918,2037,29,Team,59.99,2025-10-04,,Active
919,2037,7,Basic,9.99,2025-09-11,,Active
920,2038,10,Pro,24.99,2026-06-03,,Active
921,2038,21,Basic,9.99,2025-12-29,,Active
922,2039,19,Team,59.99,2026-04-09,,Active
923,2040,19,Basic,9.99,2026-01-25,,Active
924,2043,11,Team,59.99,2025-11-09,,Active
925,2046,10,Basic,9.99,2026-06-28,,Active
926,2049,2,Basic,9.99,2025-09-06,,Active
927,2049,25,Basic,9.99,2025-12-01,,Active
928,2050,11,Basic,9.99,2026-05-05,,Active
929,2050,12,Basic,9.99,2026-02-25,,Active
930,2054,3,Pro,24.99,2026-05-20,,Active
931,2056,3,Basic,9.99,2026-05-15,,Active
932,2058,20,Basic,9.99,2026-03-09,,Active
933,2058,3,Basic,9.99,2026-01-11,,Active
934,2064,10,Pro,24.99,2025-09-07,,Active
935,2064,7,Team,59.99,2026-03-08,,Active
936,2065,29,Basic,9.99,2026-04-04,,Active
937,2065,30,Basic,9.99,2026-04-29,,Active
938,2067,22,Basic,9.99,2025-03-05,,Active
939,2069,7,Basic,9.99,2026-03-03,,Active
940,2070,11,Basic,9.99,2025-06-10,,Active
941,2070,24,Basic,9.99,2025-12-16,2026-05-12,Cancelled
942,2073,21,Basic,9.99,2026-04-24,,Active
943,2074,25,Basic,9.99,2026-01-13,,Active
944,2074,14,Basic,9.99,2025-12-17,2026-01-16,Cancelled
945,2078,7,Basic,9.99,2025-03-08,,Active
946,2086,7,Pro,24.99,2026-03-11,,Active
947,2086,7,Basic,9.99,2026-04-28,,Active
948,2090,20,Basic,9.99,2026-01-25,,Active
949,2090,23,Pro,24.99,2026-03-19,,Active
950,2093,25,Pro,24.99,2026-01-27,,Active
951,2093,25,Pro,24.99,2026-01-15,,Active
952,2094,23,Basic,9.99,2025-09-27,,Active
953,2096,5,Enterprise,149.99,2026-02-24,,Active
954,2096,19,Basic,9.99,2026-03-24,,Active
955,2098,29,Basic,9.99,2026-02-26,,Active
956,2102,25,Pro,24.99,2026-02-25,,Active
957,2104,7,Basic,9.99,2026-05-09,,Active
958,2107,1,Pro,24.99,2026-02-26,,Active
959,2109,19,Enterprise,149.99,2026-03-31,2026-05-20,Cancelled
960,2109,8,Team,59.99,2026-04-01,,Active
961,2114,18,Basic,9.99,2025-08-08,,Active
962,2115,18,Pro,24.99,2026-04-22,,Active
963,2116,4,Pro,24.99,2025-10-01,,Active
964,2118,18,Pro,24.99,2025-09-04,,Active
965,2119,29,Pro,24.99,2026-05-01,,Active
966,2124,14,Pro,24.99,2026-03-22,,Active
967,2128,19,Pro,24.99,2026-05-19,,Active
968,2128,20,Team,59.99,2026-04-29,,Active
969,2141,9,Pro,24.99,2025-07-01,,Active
970,2150,2,Team,59.99,2025-06-01,,Active
971,2155,20,Basic,9.99,2025-11-17,,Active
972,2156,23,Team,59.99,2025-10-30,,Active
973,2158,7,Basic,9.99,2025-08-22,,Active
974,2158,14,Pro,24.99,2025-03-09,,Active
975,2162,3,Enterprise,149.99,2025-08-21,,Active
976,2162,21,Basic,9.99,2025-05-17,,Active
977,2163,5,Basic,9.99,2026-06-17,,Active
978,2165,25,Basic,9.99,2026-05-01,,Active
979,2166,25,Basic,9.99,2025-06-11,,Active
980,2167,6,Pro,24.99,2025-06-29,,Active
981,2168,15,Basic,9.99,2025-04-13,2025-07-12,Cancelled
982,2170,5,Basic,9.99,2026-05-18,,Active
983,2171,12,Basic,9.99,2025-05-27,2025-06-29,Cancelled
984,2172,16,Enterprise,149.99,2025-02-27,,Active
985,2176,2,Team,59.99,2025-08-31,,Active
986,2176,25,Basic,9.99,2025-12-31,,Active
987,2177,8,Basic,9.99,2025-11-28,,Active
988,2177,4,Basic,9.99,2025-12-18,,Active
989,2182,26,Basic,9.99,2026-03-22,,Active
990,2182,16,Team,59.99,2026-05-18,,Active
991,2186,7,Pro,24.99,2025-07-28,,Active
992,2187,30,Basic,9.99,2026-05-15,,Active
993,2187,8,Pro,24.99,2026-01-25,,Active
994,2188,2,Pro,24.99,2026-06-03,,Active
995,2188,20,Pro,24.99,2026-02-26,2026-05-18,Cancelled
996,2197,15,Pro,24.99,2026-04-12,,Active
997,2199,1,Basic,9.99,2026-01-07,,Active
998,2200,13,Basic,9.99,2025-08-13,2025-12-21,Cancelled
999,2206,19,Team,59.99,2025-12-26,,Active
1000,2211,4,Pro,24.99,2025-06-19,,Active
1001,2211,1,Team,59.99,2025-08-07,2026-01-28,Cancelled
1002,2213,12,Team,59.99,2026-03-25,,Active
1003,2214,23,Pro,24.99,2026-03-15,,Active
1004,2214,24,Pro,24.99,2025-09-29,2026-03-13,Cancelled
1005,2216,9,Pro,24.99,2026-03-01,,Active
1006,2217,20,Basic,9.99,2025-03-26,,Active
1007,2222,7,Pro,24.99,2025-12-21,,Active
1008,2227,16,Enterprise,149.99,2026-02-24,,Active
1009,2228,9,Pro,24.99,2025-08-03,,Active
1010,2229,2,Pro,24.99,2026-06-30,,Active
1011,2232,13,Pro,24.99,2026-06-06,,Active
1012,2234,11,Basic,9.99,2026-06-17,,Active
1013,2236,26,Basic,9.99,2026-05-01,,Active
1014,2238,10,Team,59.99,2025-10-22,,Active
1015,2240,22,Pro,24.99,2025-05-17,,Active
1016,2241,3,Pro,24.99,2026-06-21,,Active
1017,2241,9,Pro,24.99,2026-04-28,,Active
1018,2243,25,Basic,9.99,2026-01-21,,Active
1019,2248,14,Basic,9.99,2025-08-10,,Active
1020,2248,16,Basic,9.99,2025-10-12,,Active
1021,2249,30,Pro,24.99,2025-08-22,,Active
1022,2249,30,Basic,9.99,2025-07-30,,Active
1023,2250,30,Enterprise,149.99,2026-05-26,,Active
1024,2252,10,Pro,24.99,2026-02-26,,Active
1025,2253,10,Basic,9.99,2025-12-09,,Active
1026,2253,7,Basic,9.99,2026-05-13,,Active
1027,2256,5,Pro,24.99,2025-03-11,,Active
1028,2258,13,Pro,24.99,2026-01-03,,Active
1029,2258,26,Pro,24.99,2026-05-30,,Active
1030,2259,11,Team,59.99,2026-05-13,,Active
1031,2261,15,Team,59.99,2025-05-02,,Active
1032,2263,5,Pro,24.99,2026-03-17,,Active
1033,2263,25,Basic,9.99,2026-05-12,,Active
1034,2265,9,Basic,9.99,2025-07-16,,Active
1035,2268,9,Pro,24.99,2026-04-18,,Active
1036,2268,4,Team,59.99,2026-01-19,,Active
1037,2271,1,Basic,9.99,2026-06-13,,Active
1038,2273,21,Pro,24.99,2026-04-24,,Active
1039,2273,6,Pro,24.99,2026-06-20,,Active
1040,2278,13,Team,59.99,2025-11-12,,Active
1041,2278,14,Team,59.99,2026-03-01,,Active
1042,2279,4,Basic,9.99,2025-10-27,,Active
1043,2280,18,Basic,9.99,2026-01-05,,Active
1044,2280,21,Enterprise,149.99,2026-03-28,,Active
1045,2281,18,Pro,24.99,2025-10-04,,Active
1046,2283,24,Basic,9.99,2026-01-30,,Active
1047,2284,11,Pro,24.99,2026-03-23,,Active
1048,2286,13,Basic,9.99,2026-03-18,,Active
1049,2288,11,Pro,24.99,2026-05-17,,Active
1050,2294,25,Team,59.99,2026-03-01,,Active
1051,2295,24,Team,59.99,2025-09-07,,Active
1052,2295,25,Pro,24.99,2025-09-18,,Active
1053,2296,20,Basic,9.99,2025-06-29,,Active
1054,2296,8,Basic,9.99,2025-12-27,,Active
1055,2297,26,Basic,9.99,2026-02-11,,Active
1056,2298,30,Basic,9.99,2025-12-07,,Active
1057,2304,22,Enterprise,149.99,2026-01-23,2026-05-25,Cancelled
1058,2307,8,Basic,9.99,2026-03-18,,Active
1059,2308,9,Team,59.99,2026-04-19,2026-06-24,Cancelled
1060,2308,20,Pro,24.99,2026-06-27,,Active
1061,2309,23,Pro,24.99,2026-01-18,,Active
1062,2312,21,Enterprise,149.99,2026-05-30,,Active
1063,2312,30,Basic,9.99,2026-05-28,,Active
1064,2313,24,Basic,9.99,2025-10-06,,Active
1065,2314,18,Pro,24.99,2025-12-05,2026-02-23,Cancelled
1066,2314,19,Team,59.99,2026-06-17,,Active
1067,2318,21,Basic,9.99,2026-06-30,,Active
1068,2319,23,Team,59.99,2025-07-18,,Active
1069,2321,21,Team,59.99,2025-08-21,,Active
1070,2321,9,Basic,9.99,2025-05-19,,Active
1071,2323,21,Basic,9.99,2026-02-23,,Active
1072,2325,1,Basic,9.99,2025-11-26,,Active
1073,2325,25,Enterprise,149.99,2026-03-05,,Active
1074,2326,25,Pro,24.99,2025-05-18,2025-11-01,Cancelled
1075,2327,1,Pro,24.99,2026-02-26,,Active
1076,2329,20,Pro,24.99,2025-07-22,,Active
1077,2330,18,Basic,9.99,2026-05-09,,Active
1078,2330,23,Pro,24.99,2026-02-01,,Active
1079,2331,11,Basic,9.99,2026-05-25,,Active
1080,2332,19,Basic,9.99,2026-02-19,,Active
1081,2335,24,Pro,24.99,2025-09-27,2026-02-08,Cancelled
1082,2336,15,Basic,9.99,2025-04-27,,Active
1083,2338,20,Pro,24.99,2025-10-29,,Active
1084,2341,22,Basic,9.99,2026-01-11,,Active
1085,2344,5,Pro,24.99,2025-09-27,,Active
1086,2348,16,Pro,24.99,2025-05-31,,Active
1087,2349,10,Basic,9.99,2025-11-20,,Active
1088,2350,20,Basic,9.99,2025-08-06,,Active
1089,2350,19,Basic,9.99,2025-05-10,,Active
1090,2351,14,Pro,24.99,2026-06-08,,Active
1091,2351,21,Basic,9.99,2026-05-19,,Active
1092,2355,14,Team,59.99,2025-03-23,2025-04-25,Cancelled
1093,2355,14,Pro,24.99,2025-03-04,,Active
1094,2356,20,Basic,9.99,2026-05-11,,Active
1095,2356,1,Pro,24.99,2026-04-15,,Active
1096,2357,3,Team,59.99,2026-05-16,,Active
1097,2357,20,Team,59.99,2025-11-06,,Active
1098,2358,8,Pro,24.99,2026-02-09,,Active
1099,2359,18,Pro,24.99,2025-09-10,,Active
1100,2360,7,Pro,24.99,2026-02-02,,Active
1101,2362,17,Enterprise,149.99,2025-11-02,,Active
1102,2370,28,Pro,24.99,2026-06-22,,Active
1103,2371,7,Pro,24.99,2026-03-25,,Active
1104,2371,10,Basic,9.99,2026-05-15,,Active
1105,2372,17,Basic,9.99,2025-07-13,,Active
1106,2375,28,Team,59.99,2025-11-03,,Active
1107,2376,3,Basic,9.99,2025-05-27,2025-10-23,Cancelled
1108,2381,3,Team,59.99,2026-03-25,,Active
1109,2385,26,Basic,9.99,2026-04-11,,Active
1110,2387,12,Basic,9.99,2025-08-12,2025-11-08,Cancelled
1111,2391,5,Pro,24.99,2026-05-24,,Active
1112,2392,3,Pro,24.99,2025-08-16,2025-12-23,Cancelled
1113,2394,19,Team,59.99,2026-01-15,,Active
1114,2396,11,Basic,9.99,2026-03-07,,Active
1115,2396,27,Pro,24.99,2026-04-20,,Active
1116,2399,28,Pro,24.99,2026-04-09,,Active
1117,2400,22,Pro,24.99,2026-03-24,,Active
1118,2401,3,Basic,9.99,2025-12-18,,Active
1119,2406,26,Team,59.99,2026-05-25,,Active
1120,2406,14,Pro,24.99,2026-05-08,,Active
1121,2407,19,Basic,9.99,2025-11-15,,Active
1122,2415,13,Team,59.99,2026-05-13,,Active
1123,2416,13,Basic,9.99,2026-04-21,,Active
1124,2416,12,Basic,9.99,2026-03-22,,Active
1125,2417,19,Team,59.99,2026-06-26,,Active
1126,2423,5,Pro,24.99,2026-05-06,,Active
1127,2430,29,Team,59.99,2026-02-01,,Active
1128,2430,5,Team,59.99,2025-09-21,,Active
1129,2434,2,Pro,24.99,2026-02-10,,Active
1130,2437,2,Basic,9.99,2026-05-05,2026-06-21,Cancelled
1131,2439,8,Pro,24.99,2026-01-25,2026-03-24,Cancelled
1132,2440,6,Pro,24.99,2025-10-24,,Active
1133,2440,8,Basic,9.99,2025-06-03,,Active
1134,2441,26,Basic,9.99,2025-10-14,,Active
1135,2444,20,Pro,24.99,2026-02-16,2026-04-27,Cancelled
1136,2444,18,Pro,24.99,2026-01-16,,Active
1137,2447,16,Pro,24.99,2026-03-18,,Active
1138,2448,20,Pro,24.99,2025-11-26,,Active
1139,2450,9,Basic,9.99,2025-06-15,,Active
1140,2451,4,Basic,9.99,2025-11-16,,Active
1141,2460,26,Pro,24.99,2026-04-09,,Active
1142,2460,28,Team,59.99,2026-06-26,,Active
1143,2464,5,Pro,24.99,2026-06-13,,Active
1144,2464,12,Pro,24.99,2026-02-24,,Active
1145,2465,7,Basic,9.99,2025-12-11,2026-04-06,Cancelled
1146,2466,8,Basic,9.99,2025-03-24,,Active
1147,2467,3,Team,59.99,2026-01-26,,Active
1148,2474,20,Pro,24.99,2026-05-15,,Active
1149,2474,20,Enterprise,149.99,2026-04-03,,Active
1150,2475,3,Pro,24.99,2025-02-02,,Active
1151,2484,16,Basic,9.99,2025-10-23,,Active
1152,2485,16,Pro,24.99,2025-05-13,,Active
1153,2486,27,Basic,9.99,2026-01-03,,Active
1154,2486,16,Basic,9.99,2026-02-06,,Active
1155,2488,11,Pro,24.99,2026-02-05,,Active
1156,2488,22,Enterprise,149.99,2026-06-04,,Active
1157,2496,25,Basic,9.99,2025-08-13,,Active
1158,2497,24,Basic,9.99,2026-04-14,,Active
1159,2504,20,Pro,24.99,2026-05-31,,Active
1160,2509,15,Basic,9.99,2026-03-31,,Active
1161,2513,12,Basic,9.99,2026-06-08,,Active
1162,2513,1,Basic,9.99,2026-01-18,,Active
1163,2516,7,Team,59.99,2025-04-12,,Active
1164,2518,7,Team,59.99,2026-04-18,,Active
1165,2521,27,Basic,9.99,2025-11-22,,Active
1166,2528,23,Basic,9.99,2026-03-06,,Active
1167,2531,20,Basic,9.99,2025-09-12,,Active
1168,2532,9,Pro,24.99,2026-04-28,,Active
1169,2532,19,Basic,9.99,2026-02-18,,Active
1170,2533,19,Team,59.99,2025-03-04,,Active
1171,2536,19,Team,59.99,2025-07-19,,Active
1172,2538,11,Team,59.99,2025-06-12,2025-08-19,Cancelled
1173,2538,26,Basic,9.99,2025-05-05,,Active
1174,2540,30,Enterprise,149.99,2026-02-11,,Active
1175,2542,17,Pro,24.99,2026-04-25,,Active
1176,2544,23,Basic,9.99,2025-09-16,2026-01-17,Cancelled
1177,2549,8,Pro,24.99,2026-02-10,,Active
1178,2560,2,Basic,9.99,2025-05-25,,Active
1179,2565,13,Enterprise,149.99,2026-03-09,,Active
1180,2565,28,Basic,9.99,2026-06-15,,Active
1181,2568,17,Basic,9.99,2025-07-17,,Active
1182,2569,3,Basic,9.99,2026-01-28,,Active
1183,2569,3,Pro,24.99,2026-03-20,,Active
1184,2576,22,Pro,24.99,2025-03-13,2025-07-19,Cancelled
1185,2577,27,Basic,9.99,2026-03-22,,Active
1186,2581,20,Basic,9.99,2026-06-26,,Active
1187,2588,21,Pro,24.99,2026-03-27,,Active
1188,2591,22,Basic,9.99,2026-05-14,,Active
1189,2596,3,Basic,9.99,2025-11-14,2026-02-25,Cancelled
1190,2597,10,Pro,24.99,2025-09-08,,Active
1191,2599,18,Basic,9.99,2025-10-14,2026-03-17,Cancelled
1192,2600,1,Pro,24.99,2026-03-24,,Active
1193,2605,22,Pro,24.99,2026-01-30,,Active
1194,2605,25,Pro,24.99,2025-12-13,,Active
1195,2606,1,Team,59.99,2025-11-29,2026-03-18,Cancelled
1196,2606,20,Basic,9.99,2026-01-16,2026-02-25,Cancelled
1197,2608,24,Pro,24.99,2026-01-19,,Active
1198,2609,20,Basic,9.99,2025-05-24,,Active
1199,2609,1,Basic,9.99,2025-07-19,2025-09-28,Cancelled
1200,2613,10,Basic,9.99,2026-03-15,,Active
1201,2613,9,Basic,9.99,2026-06-03,,Active
1202,2617,18,Basic,9.99,2025-09-22,,Active
1203,2617,3,Pro,24.99,2025-10-29,,Active
1204,2619,25,Basic,9.99,2026-04-01,,Active
1205,2620,1,Pro,24.99,2026-05-22,,Active
1206,2622,11,Basic,9.99,2026-04-19,,Active
1207,2624,27,Basic,9.99,2026-05-12,,Active
1208,2637,12,Basic,9.99,2025-10-03,,Active
1209,2637,5,Basic,9.99,2026-02-18,,Active
1210,2643,20,Basic,9.99,2026-05-01,,Active
1211,2644,6,Basic,9.99,2025-09-27,,Active
1212,2644,10,Pro,24.99,2025-07-06,2025-11-05,Cancelled
1213,2645,11,Basic,9.99,2025-12-06,,Active
1214,2645,1,Pro,24.99,2026-06-19,,Active
1215,2646,15,Team,59.99,2026-05-22,,Active
1216,2648,27,Basic,9.99,2026-05-10,,Active
1217,2650,30,Team,59.99,2026-06-22,,Active
1218,2652,8,Team,59.99,2026-02-13,,Active
1219,2653,20,Basic,9.99,2025-02-09,,Active
1220,2657,9,Basic,9.99,2025-12-30,,Active
1221,2658,22,Basic,9.99,2026-05-11,2026-06-17,Cancelled
1222,2660,9,Basic,9.99,2025-09-21,,Active
1223,2660,11,Pro,24.99,2026-02-15,,Active
1224,2661,10,Team,59.99,2025-02-09,2025-05-10,Cancelled
1225,2662,13,Basic,9.99,2025-11-08,,Active
1226,2666,19,Pro,24.99,2026-06-05,,Active
1227,2666,6,Team,59.99,2025-11-29,,Active
1228,2668,1,Basic,9.99,2025-12-21,,Active
1229,2672,15,Basic,9.99,2025-08-11,,Active
1230,2681,3,Basic,9.99,2026-05-26,,Active
1231,2682,24,Basic,9.99,2026-06-21,,Active
1232,2689,24,Basic,9.99,2025-11-20,,Active
1233,2692,5,Basic,9.99,2025-09-10,,Active
1234,2698,7,Basic,9.99,2025-11-30,,Active
1235,2698,28,Basic,9.99,2026-06-14,,Active
1236,2699,23,Basic,9.99,2025-05-11,,Active
1237,2701,21,Basic,9.99,2025-12-29,,Active
1238,2703,27,Pro,24.99,2025-05-09,2025-08-20,Cancelled
1239,2704,13,Pro,24.99,2025-12-19,,Active
1240,2705,6,Pro,24.99,2025-11-28,,Active
1241,2705,27,Basic,9.99,2025-11-06,,Active
1242,2706,11,Basic,9.99,2026-02-04,,Active
1243,2709,1,Pro,24.99,2026-06-04,,Active
1244,2710,9,Basic,9.99,2025-10-15,,Active
1245,2711,28,Pro,24.99,2025-05-29,,Active
1246,2713,29,Pro,24.99,2025-06-09,2025-11-05,Cancelled
1247,2716,18,Pro,24.99,2025-07-13,,Active
1248,2717,11,Team,59.99,2026-01-26,,Active
1249,2717,11,Basic,9.99,2025-10-26,,Active
1250,2719,18,Basic,9.99,2025-04-23,,Active
1251,2724,19,Pro,24.99,2025-09-10,,Active
1252,2724,4,Pro,24.99,2025-02-26,,Active
1253,2726,20,Basic,9.99,2025-03-12,2025-07-02,Cancelled
1254,2728,4,Basic,9.99,2025-07-31,,Active
1255,2730,27,Basic,9.99,2026-02-14,,Active
1256,2730,27,Team,59.99,2026-03-19,2026-06-22,Cancelled
1257,2734,19,Basic,9.99,2025-09-08,,Active
1258,2737,20,Pro,24.99,2025-08-26,,Active
1259,2738,22,Pro,24.99,2026-06-15,,Active
1260,2738,3,Basic,9.99,2026-05-27,,Active
1261,2740,22,Basic,9.99,2025-12-05,,Active
1262,2742,7,Pro,24.99,2025-12-27,,Active
1263,2743,20,Pro,24.99,2026-04-03,,Active
1264,2744,2,Basic,9.99,2026-05-03,,Active
1265,2746,10,Basic,9.99,2025-09-24,,Active
1266,2746,23,Pro,24.99,2026-01-05,,Active
1267,2752,25,Basic,9.99,2026-02-28,,Active
1268,2752,24,Basic,9.99,2026-03-09,,Active
1269,2755,4,Pro,24.99,2026-01-29,2026-05-13,Cancelled
1270,2755,18,Basic,9.99,2026-02-17,,Active
1271,2756,12,Pro,24.99,2026-02-23,,Active
1272,2759,24,Team,59.99,2025-10-05,,Active
1273,2759,25,Team,59.99,2025-06-13,2025-10-13,Cancelled
1274,2761,29,Basic,9.99,2026-03-09,2026-05-13,Cancelled
1275,2766,6,Pro,24.99,2025-07-06,2025-11-10,Cancelled
1276,2767,26,Basic,9.99,2025-12-01,,Active
1277,2770,25,Basic,9.99,2025-05-24,2025-08-23,Cancelled
1278,2771,9,Team,59.99,2026-02-03,,Active
1279,2779,24,Team,59.99,2025-06-12,,Active
1280,2779,11,Pro,24.99,2025-10-10,,Active
1281,2782,29,Basic,9.99,2025-08-31,,Active
1282,2782,30,Basic,9.99,2025-11-09,,Active
1283,2787,11,Pro,24.99,2026-02-21,,Active
1284,2788,18,Basic,9.99,2026-03-12,,Active
1285,2794,15,Basic,9.99,2025-08-15,,Active
1286,2798,30,Basic,9.99,2025-11-04,,Active
1287,2798,11,Basic,9.99,2026-03-15,,Active
1288,2801,29,Basic,9.99,2026-06-09,,Active
1289,2801,29,Team,59.99,2026-06-19,,Active
1290,2804,10,Basic,9.99,2026-01-16,2026-02-23,Cancelled
1291,2804,5,Basic,9.99,2025-12-22,,Active
1292,2810,6,Basic,9.99,2025-02-23,,Active
1293,2810,11,Pro,24.99,2025-10-09,,Active
1294,2811,16,Pro,24.99,2026-02-01,,Active
1295,2817,25,Pro,24.99,2025-11-01,,Active
1296,2821,22,Pro,24.99,2025-09-13,,Active
1297,2822,23,Basic,9.99,2026-04-25,,Active
1298,2823,23,Basic,9.99,2026-01-24,,Active
1299,2825,7,Pro,24.99,2025-12-02,,Active
1300,2825,20,Pro,24.99,2025-08-17,,Active
1301,2827,22,Pro,24.99,2026-03-20,,Active
1302,2829,7,Basic,9.99,2026-03-29,,Active
1303,2830,20,Team,59.99,2026-02-15,,Active
1304,2834,2,Pro,24.99,2026-05-17,,Active
1305,2835,29,Basic,9.99,2026-04-05,,Active
1306,2837,10,Basic,9.99,2026-01-06,,Active
1307,2839,20,Pro,24.99,2026-05-08,,Active
1308,2841,21,Enterprise,149.99,2026-01-27,2026-03-28,Cancelled
1309,2843,25,Pro,24.99,2025-12-10,2026-03-24,Cancelled
1310,2844,10,Basic,9.99,2026-02-26,,Active
1311,2845,24,Basic,9.99,2025-02-06,,Active
1312,2845,10,Team,59.99,2025-10-27,,Active
1313,2847,9,Team,59.99,2025-11-22,,Active
1314,2847,9,Basic,9.99,2025-07-29,,Active
1315,2848,21,Pro,24.99,2026-04-09,,Active
1316,2849,16,Basic,9.99,2026-04-12,,Active
1317,2850,25,Basic,9.99,2025-06-20,,Active
1318,2854,11,Pro,24.99,2026-05-13,,Active
1319,2856,23,Team,59.99,2026-04-05,,Active
1320,2856,28,Basic,9.99,2026-03-01,,Active
1321,2859,8,Basic,9.99,2026-03-11,,Active
1322,2862,10,Basic,9.99,2025-09-19,,Active
1323,2865,23,Pro,24.99,2025-12-21,,Active
1324,2865,23,Team,59.99,2025-12-06,,Active
1325,2866,13,Pro,24.99,2026-01-18,,Active
1326,2869,5,Pro,24.99,2025-07-09,2025-08-25,Cancelled
1327,2869,7,Pro,24.99,2025-12-15,,Active
1328,2870,10,Basic,9.99,2026-03-30,,Active
1329,2871,20,Basic,9.99,2026-02-25,,Active
1330,2871,5,Basic,9.99,2026-03-12,,Active
1331,2877,9,Basic,9.99,2025-03-22,,Active
1332,2878,3,Basic,9.99,2025-08-28,,Active
1333,2882,17,Pro,24.99,2025-11-01,,Active
1334,2883,1,Pro,24.99,2026-02-17,,Active
1335,2885,28,Team,59.99,2026-06-19,,Active
1336,2887,9,Basic,9.99,2025-10-26,,Active
1337,2888,5,Basic,9.99,2026-06-13,,Active
1338,2889,11,Basic,9.99,2026-03-29,,Active
1339,2891,23,Pro,24.99,2026-02-25,2026-05-18,Cancelled
1340,2893,11,Pro,24.99,2026-04-17,,Active
1341,2893,9,Basic,9.99,2025-11-22,,Active
1342,2894,4,Pro,24.99,2026-01-21,,Active
1343,2894,1,Basic,9.99,2026-04-29,,Active
1344,2895,8,Pro,24.99,2025-09-27,,Active
1345,2900,12,Basic,9.99,2025-11-04,,Active
1346,2905,25,Basic,9.99,2025-05-05,,Active
1347,2907,16,Team,59.99,2025-12-24,,Active
1348,2914,6,Basic,9.99,2026-02-27,,Active
1349,2919,7,Basic,9.99,2026-01-25,,Active
1350,2922,18,Basic,9.99,2026-01-30,,Active
1351,2925,25,Pro,24.99,2026-01-27,,Active
1352,2926,30,Basic,9.99,2026-05-15,,Active
1353,2926,29,Pro,24.99,2026-03-11,,Active
1354,2933,15,Basic,9.99,2025-12-16,,Active
1355,2934,11,Basic,9.99,2025-05-26,,Active
1356,2935,30,Team,59.99,2026-06-25,,Active
1357,2935,8,Basic,9.99,2026-03-25,,Active
1358,2936,24,Basic,9.99,2025-05-14,,Active
1359,2938,23,Pro,24.99,2025-11-09,2025-12-23,Cancelled
1360,2943,11,Team,59.99,2026-04-04,,Active
1361,2944,24,Basic,9.99,2026-03-20,,Active
1362,2949,6,Basic,9.99,2026-02-20,,Active
1363,2949,9,Basic,9.99,2026-01-18,2026-04-09,Cancelled
1364,2960,24,Team,59.99,2025-12-14,,Active
1365,2973,9,Team,59.99,2025-03-02,,Active
1366,2976,17,Basic,9.99,2026-04-17,,Active
1367,2981,22,Pro,24.99,2026-01-06,2026-04-03,Cancelled
1368,2982,19,Pro,24.99,2026-05-31,,Active
1369,2985,27,Basic,9.99,2025-09-30,,Active
1370,2996,24,Basic,9.99,2026-01-05,,Active
1371,2999,12,Pro,24.99,2025-12-23,,Active
1372,3001,14,Basic,9.99,2025-12-04,,Active
1373,3002,16,Basic,9.99,2026-03-24,,Active
1374,3003,5,Pro,24.99,2025-08-28,,Active
1375,3005,4,Pro,24.99,2026-01-09,,Active
1376,3006,2,Pro,24.99,2025-06-21,,Active
1377,3006,24,Basic,9.99,2025-08-06,2025-10-01,Cancelled
1378,3010,30,Pro,24.99,2026-01-31,,Active
1379,3014,10,Basic,9.99,2026-02-21,,Active
1380,3014,1,Basic,9.99,2026-03-11,,Active
1381,3015,23,Pro,24.99,2026-03-14,,Active
1382,3020,2,Enterprise,149.99,2026-06-25,,Active
1383,3021,20,Pro,24.99,2025-12-14,,Active
1384,3024,26,Basic,9.99,2026-03-29,,Active
1385,3028,25,Team,59.99,2025-10-28,,Active
1386,3031,18,Basic,9.99,2026-03-21,,Active
1387,3031,20,Basic,9.99,2026-02-07,,Active
1388,3032,14,Team,59.99,2026-04-20,2026-06-16,Cancelled
1389,3032,5,Pro,24.99,2026-02-10,,Active
1390,3036,19,Team,59.99,2026-05-31,,Active
1391,3036,11,Enterprise,149.99,2025-10-13,2026-03-10,Cancelled
1392,3037,11,Enterprise,149.99,2025-05-18,,Active
1393,3040,30,Pro,24.99,2026-03-03,,Active
1394,3040,7,Basic,9.99,2025-12-29,,Active
1395,3041,10,Basic,9.99,2025-10-01,,Active
1396,3041,10,Basic,9.99,2025-11-10,,Active
1397,3043,17,Basic,9.99,2026-05-15,,Active
1398,3043,26,Pro,24.99,2026-03-02,,Active
1399,3044,19,Pro,24.99,2026-03-18,,Active
1400,3052,10,Basic,9.99,2025-05-10,,Active
1401,3054,21,Pro,24.99,2026-03-25,,Active
1402,3055,10,Basic,9.99,2026-05-08,,Active
1403,3055,11,Team,59.99,2026-03-14,,Active
1404,3056,20,Pro,24.99,2025-09-03,,Active
1405,3059,20,Pro,24.99,2025-09-24,,Active
1406,3060,28,Pro,24.99,2025-03-29,,Active
1407,3061,5,Basic,9.99,2026-05-22,,Active
1408,3062,18,Team,59.99,2026-04-01,,Active
1409,3062,6,Pro,24.99,2026-06-16,,Active
1410,3063,1,Team,59.99,2026-03-27,,Active
1411,3064,9,Basic,9.99,2025-06-24,,Active
1412,3065,24,Pro,24.99,2025-11-15,2026-03-17,Cancelled
1413,3067,26,Pro,24.99,2025-12-09,,Active
1414,3067,8,Pro,24.99,2026-06-06,,Active
1415,3068,16,Basic,9.99,2026-04-24,,Active
1416,3069,20,Team,59.99,2025-04-03,,Active
1417,3070,5,Team,59.99,2026-05-23,,Active
1418,3072,1,Pro,24.99,2026-02-25,,Active
1419,3073,11,Pro,24.99,2025-11-07,,Active
1420,3074,23,Basic,9.99,2026-06-21,,Active
1421,3074,4,Basic,9.99,2026-05-10,2026-06-10,Cancelled
1422,3076,7,Team,59.99,2026-04-03,,Active
1423,3076,5,Team,59.99,2026-05-20,,Active
1424,3077,20,Team,59.99,2025-10-31,,Active
1425,3077,25,Basic,9.99,2025-04-22,2025-08-11,Cancelled
1426,3078,23,Team,59.99,2026-02-22,,Active
1427,3079,2,Basic,9.99,2025-08-06,2025-12-24,Cancelled
1428,3079,4,Enterprise,149.99,2025-09-25,,Active
1429,3085,20,Team,59.99,2026-02-23,,Active
1430,3086,3,Basic,9.99,2026-01-12,,Active
1431,3091,28,Basic,9.99,2025-05-09,,Active
1432,3092,23,Pro,24.99,2026-03-29,,Active
1433,3096,27,Team,59.99,2026-01-06,,Active
1434,3101,23,Pro,24.99,2025-07-04,2025-11-29,Cancelled
1435,3103,9,Pro,24.99,2025-08-12,,Active
1436,3105,23,Pro,24.99,2026-04-13,,Active
1437,3108,11,Pro,24.99,2025-05-22,,Active
1438,3108,16,Pro,24.99,2025-09-23,2026-02-15,Cancelled
1439,3109,5,Basic,9.99,2026-01-21,,Active
1440,3114,28,Basic,9.99,2026-06-05,,Active
1441,3116,21,Pro,24.99,2025-10-22,,Active
1442,3116,9,Basic,9.99,2025-07-14,,Active
1443,3119,6,Basic,9.99,2026-06-05,,Active
1444,3123,10,Basic,9.99,2026-02-12,,Active
1445,3126,22,Pro,24.99,2025-02-04,,Active
1446,3132,3,Team,59.99,2025-04-06,2025-06-14,Cancelled
1447,3133,2,Enterprise,149.99,2025-12-26,,Active
1448,3136,10,Basic,9.99,2025-08-20,,Active
1449,3136,10,Basic,9.99,2026-05-16,,Active
1450,3142,29,Basic,9.99,2025-11-30,,Active
1451,3149,4,Pro,24.99,2026-01-28,,Active
1452,3149,20,Basic,9.99,2026-05-24,,Active
1453,3156,27,Pro,24.99,2026-02-28,,Active
1454,3157,25,Team,59.99,2026-02-26,2026-03-30,Cancelled
1455,3159,8,Pro,24.99,2026-04-01,,Active
1456,3167,19,Pro,24.99,2026-02-15,,Active
1457,3167,11,Enterprise,149.99,2025-09-25,,Active
1458,3170,9,Basic,9.99,2025-07-11,,Active
1459,3171,14,Basic,9.99,2025-06-27,2025-10-08,Cancelled
1460,3175,9,Pro,24.99,2025-10-16,,Active
1461,3178,15,Team,59.99,2025-09-13,,Active
1462,3180,22,Basic,9.99,2025-04-27,2025-08-24,Cancelled
1463,3181,22,Basic,9.99,2025-09-03,,Active
1464,3182,23,Pro,24.99,2026-04-11,,Active
1465,3183,2,Pro,24.99,2025-01-19,,Active
1466,3184,11,Basic,9.99,2025-09-23,,Active
1467,3185,16,Basic,9.99,2026-01-10,,Active
1468,3185,13,Basic,9.99,2025-07-24,,Active
1469,3189,24,Team,59.99,2026-04-28,,Active
1470,3190,12,Basic,9.99,2026-02-28,,Active
1471,3190,14,Basic,9.99,2025-12-04,,Active
1472,3194,19,Pro,24.99,2025-12-21,,Active
1473,3197,23,Pro,24.99,2025-11-24,,Active
1474,3198,18,Pro,24.99,2026-04-11,,Active
1475,3199,24,Pro,24.99,2026-02-28,,Active
1476,3202,14,Pro,24.99,2025-08-22,,Active
1477,3208,24,Basic,9.99,2026-01-01,,Active
1478,3211,22,Pro,24.99,2026-03-01,,Active
1479,3211,9,Pro,24.99,2026-03-06,,Active
1480,3214,17,Basic,9.99,2026-02-14,,Active
1481,3219,26,Pro,24.99,2025-07-20,,Active
1482,3219,5,Enterprise,149.99,2025-08-28,,Active
1483,3220,15,Pro,24.99,2026-06-25,,Active
1484,3221,18,Basic,9.99,2025-09-28,,Active
1485,3222,19,Pro,24.99,2025-10-30,,Active
1486,3223,18,Basic,9.99,2025-06-18,,Active
1487,3223,5,Team,59.99,2025-10-24,,Active
1488,3224,11,Pro,24.99,2026-05-07,,Active
1489,3224,9,Basic,9.99,2026-04-25,,Active
1490,3226,9,Pro,24.99,2025-07-30,,Active
1491,3229,25,Team,59.99,2025-08-12,,Active
1492,3231,8,Enterprise,149.99,2025-10-30,,Active
1493,3232,25,Basic,9.99,2025-09-13,,Active
1494,3234,24,Basic,9.99,2026-02-10,2026-03-17,Cancelled
1495,3242,2,Pro,24.99,2025-12-09,,Active
1496,3242,18,Basic,9.99,2026-06-01,,Active
1497,3255,23,Basic,9.99,2026-05-20,,Active
1498,3256,16,Team,59.99,2025-12-14,,Active
1499,3258,2,Basic,9.99,2026-01-14,,Active
1500,3259,21,Basic,9.99,2026-06-14,,Active
1501,3260,25,Pro,24.99,2026-06-25,,Active
1502,3267,11,Pro,24.99,2026-02-28,,Active
1503,3271,19,Pro,24.99,2025-11-17,,Active
1504,3272,22,Basic,9.99,2026-03-30,,Active
1505,3273,25,Basic,9.99,2025-08-05,,Active
1506,3273,10,Basic,9.99,2025-10-28,,Active
1507,3277,26,Pro,24.99,2026-05-21,,Active
1508,3278,19,Basic,9.99,2025-06-10,,Active
1509,3281,30,Pro,24.99,2026-06-24,,Active
1510,3285,28,Pro,24.99,2025-08-22,,Active
1511,3286,2,Pro,24.99,2025-12-23,,Active
1512,3290,19,Pro,24.99,2026-02-09,,Active
1513,3291,6,Pro,24.99,2026-06-17,,Active
1514,3291,13,Team,59.99,2026-03-24,,Active
1515,3292,26,Basic,9.99,2026-05-15,,Active
1516,3293,10,Basic,9.99,2025-10-14,,Active
1517,3293,4,Pro,24.99,2026-01-22,,Active
1518,3298,11,Basic,9.99,2026-05-21,,Active
1519,3304,11,Pro,24.99,2026-02-18,,Active
1520,3305,27,Pro,24.99,2026-01-12,,Active
1521,3307,13,Pro,24.99,2025-10-26,2026-02-07,Cancelled
1522,3307,9,Basic,9.99,2025-08-26,,Active
1523,3308,27,Team,59.99,2026-05-03,,Active
1524,3318,24,Team,59.99,2025-10-24,,Active
1525,3318,23,Basic,9.99,2026-01-18,,Active
1526,3321,9,Basic,9.99,2025-04-03,,Active
1527,3322,6,Pro,24.99,2025-02-06,,Active
1528,3323,8,Basic,9.99,2025-11-03,,Active
1529,3323,18,Basic,9.99,2025-11-01,,Active
1530,3324,2,Pro,24.99,2025-03-29,,Active
1531,3325,1,Pro,24.99,2026-04-20,,Active
1532,3330,2,Basic,9.99,2025-09-12,,Active
1533,3331,21,Pro,24.99,2026-01-03,2026-03-06,Cancelled
1534,3334,22,Enterprise,149.99,2025-11-20,,Active
1535,3334,25,Basic,9.99,2025-07-31,,Active
1536,3335,26,Pro,24.99,2026-04-26,,Active
1537,3335,12,Pro,24.99,2025-10-11,,Active
1538,3340,4,Team,59.99,2026-03-26,,Active
1539,3344,4,Basic,9.99,2026-03-14,,Active
1540,3344,4,Pro,24.99,2026-05-08,,Active
1541,3345,9,Enterprise,149.99,2026-03-23,,Active
1542,3345,9,Basic,9.99,2026-04-19,,Active
1543,3351,25,Basic,9.99,2026-03-20,,Active
1544,3352,22,Team,59.99,2026-01-23,,Active
1545,3353,25,Pro,24.99,2026-03-28,,Active
1546,3353,14,Basic,9.99,2025-08-14,,Active
1547,3355,3,Enterprise,149.99,2025-09-30,,Active
1548,3357,26,Basic,9.99,2026-01-02,,Active
1549,3357,21,Basic,9.99,2026-02-20,,Active
1550,3359,3,Pro,24.99,2026-03-19,,Active
1551,3362,19,Pro,24.99,2026-02-18,2026-03-20,Cancelled
1552,3362,23,Pro,24.99,2025-10-23,,Active
1553,3369,11,Basic,9.99,2026-05-23,,Active
1554,3371,21,Basic,9.99,2026-04-20,,Active
1555,3375,10,Pro,24.99,2026-05-09,,Active
1556,3376,21,Basic,9.99,2026-03-06,2026-06-26,Cancelled
1557,3376,21,Basic,9.99,2026-03-21,,Active
1558,3378,6,Basic,9.99,2025-12-05,2026-05-21,Cancelled
1559,3380,6,Pro,24.99,2025-08-23,,Active
1560,3385,2,Team,59.99,2025-10-30,2026-03-28,Cancelled
1561,3385,4,Pro,24.99,2025-05-17,,Active
1562,3386,20,Team,59.99,2025-12-19,,Active
1563,3387,23,Team,59.99,2025-06-28,,Active
1564,3390,15,Team,59.99,2026-05-05,,Active
1565,3395,3,Pro,24.99,2026-01-21,,Active
1566,3396,21,Pro,24.99,2025-11-05,,Active
1567,3397,9,Pro,24.99,2026-04-24,,Active
1568,3399,12,Basic,9.99,2025-12-14,,Active
1569,3399,9,Pro,24.99,2025-11-10,,Active
1570,3400,20,Pro,24.99,2025-05-08,,Active
1571,3402,19,Team,59.99,2025-06-24,,Active
1572,3407,20,Pro,24.99,2026-01-30,,Active
1573,3410,18,Basic,9.99,2026-02-03,,Active
1574,3411,6,Team,59.99,2025-10-05,,Active
1575,3412,7,Team,59.99,2026-02-27,,Active
1576,3413,6,Enterprise,149.99,2025-09-04,,Active
1577,3416,22,Team,59.99,2026-05-14,,Active
1578,3416,19,Basic,9.99,2026-06-03,,Active
1579,3419,4,Basic,9.99,2026-06-14,,Active
1580,3423,23,Enterprise,149.99,2026-03-19,2026-04-27,Cancelled
1581,3424,15,Basic,9.99,2026-04-22,,Active
1582,3424,21,Team,59.99,2025-10-08,,Active
1583,3428,21,Basic,9.99,2026-05-13,,Active
1584,3428,10,Basic,9.99,2026-02-24,,Active
1585,3429,18,Pro,24.99,2025-12-28,,Active
1586,3430,9,Pro,24.99,2025-09-28,,Active
1587,3432,14,Pro,24.99,2025-11-22,,Active
1588,3441,19,Basic,9.99,2026-02-22,,Active
1589,3441,3,Pro,24.99,2026-04-30,,Active
1590,3442,19,Team,59.99,2025-03-26,,Active
1591,3442,1,Pro,24.99,2025-03-20,2025-07-24,Cancelled
1592,3446,18,Team,59.99,2025-07-05,,Active
1593,3448,21,Basic,9.99,2026-03-03,,Active
1594,3449,12,Team,59.99,2025-07-30,,Active
1595,3451,7,Pro,24.99,2026-01-19,,Active
1596,3456,9,Team,59.99,2025-11-24,,Active
1597,3457,5,Team,59.99,2026-01-19,,Active
1598,3460,19,Basic,9.99,2025-09-18,,Active
1599,3460,19,Pro,24.99,2025-11-25,,Active
1600,3463,23,Team,59.99,2026-05-22,,Active
1601,3467,27,Basic,9.99,2025-02-10,2025-03-30,Cancelled
1602,3469,20,Basic,9.99,2025-05-25,2025-08-06,Cancelled
1603,3471,24,Pro,24.99,2025-01-15,,Active
1604,3471,8,Pro,24.99,2025-01-27,2025-06-30,Cancelled
1605,3481,21,Pro,24.99,2026-04-30,,Active
1606,3483,8,Basic,9.99,2025-12-19,,Active
1607,3483,28,Basic,9.99,2026-05-06,,Active
1608,3484,9,Team,59.99,2026-01-18,,Active
1609,3485,19,Team,59.99,2025-09-25,2025-11-30,Cancelled
1610,3486,18,Basic,9.99,2025-12-31,,Active
1611,3486,19,Basic,9.99,2026-01-20,,Active
1612,3488,22,Basic,9.99,2026-05-06,,Active
1613,3491,20,Basic,9.99,2025-08-10,,Active
1614,3491,28,Pro,24.99,2026-01-24,,Active
1615,3493,25,Basic,9.99,2025-12-15,,Active
1616,3495,4,Team,59.99,2025-04-07,2025-09-14,Cancelled
1617,3498,18,Basic,9.99,2025-09-27,,Active
1618,3499,18,Basic,9.99,2025-08-06,,Active
1619,3501,1,Pro,24.99,2025-08-19,,Active
1620,3504,2,Basic,9.99,2026-05-26,,Active
1621,3504,11,Basic,9.99,2026-05-19,,Active
1622,3505,6,Pro,24.99,2025-08-25,,Active
1623,3509,9,Pro,24.99,2026-03-22,,Active
1624,3516,29,Basic,9.99,2026-01-26,,Active
1625,3519,6,Team,59.99,2025-09-30,,Active
1626,3520,10,Pro,24.99,2026-03-04,,Active
1627,3520,19,Basic,9.99,2026-03-16,,Active
1628,3522,20,Basic,9.99,2026-06-13,,Active
1629,3523,1,Pro,24.99,2026-04-22,,Active
1630,3528,28,Pro,24.99,2026-04-21,,Active
1631,3528,28,Basic,9.99,2026-04-27,,Active
1632,3530,5,Pro,24.99,2025-12-25,2026-01-24,Cancelled
1633,3530,6,Pro,24.99,2025-07-20,,Active
1634,3531,6,Basic,9.99,2026-03-20,,Active
1635,3532,8,Pro,24.99,2025-11-04,,Active
1636,3532,9,Pro,24.99,2025-08-12,,Active
1637,3534,24,Basic,9.99,2025-06-12,2025-08-30,Cancelled
1638,3538,18,Basic,9.99,2025-11-11,,Active
1639,3541,19,Pro,24.99,2025-07-14,,Active
1640,3541,20,Team,59.99,2025-06-30,2025-08-13,Cancelled
1641,3548,8,Basic,9.99,2026-04-05,,Active
1642,3548,22,Basic,9.99,2026-02-04,,Active
1643,3549,1,Team,59.99,2026-02-26,,Active
1644,3551,20,Basic,9.99,2025-08-10,,Active
1645,3551,21,Team,59.99,2025-05-13,,Active
1646,3557,20,Team,59.99,2025-11-28,,Active
1647,3557,4,Basic,9.99,2025-06-22,,Active
1648,3561,29,Basic,9.99,2025-11-04,,Active
1649,3563,25,Basic,9.99,2026-06-11,,Active
1650,3563,23,Pro,24.99,2026-02-24,,Active
1651,3565,2,Enterprise,149.99,2026-06-20,,Active
1652,3570,14,Team,59.99,2025-03-29,,Active
1653,3571,10,Basic,9.99,2025-04-14,,Active
1654,3575,8,Enterprise,149.99,2026-05-08,,Active
1655,3580,19,Basic,9.99,2025-09-02,2025-12-23,Cancelled
1656,3581,24,Team,59.99,2025-11-11,,Active
1657,3583,6,Pro,24.99,2026-01-03,,Active
1658,3586,4,Basic,9.99,2025-11-30,,Active
1659,3586,9,Pro,24.99,2025-09-28,,Active
1660,3589,7,Basic,9.99,2026-05-09,,Active
1661,3591,5,Team,59.99,2026-06-15,,Active
1662,3602,7,Enterprise,149.99,2026-05-01,,Active
1663,3603,21,Pro,24.99,2026-02-21,,Active
1664,3604,15,Basic,9.99,2026-06-25,,Active
1665,3605,11,Basic,9.99,2026-01-01,,Active
1666,3611,20,Basic,9.99,2026-04-01,,Active
1667,3615,6,Basic,9.99,2025-12-22,,Active
1668,3615,18,Basic,9.99,2026-02-04,,Active
1669,3616,15,Team,59.99,2025-10-10,,Active
1670,3616,7,Team,59.99,2026-03-27,,Active
1671,3617,19,Team,59.99,2025-08-21,2026-01-15,Cancelled
1672,3618,7,Basic,9.99,2026-04-29,,Active
1673,3622,8,Team,59.99,2025-03-03,,Active
1674,3632,17,Basic,9.99,2025-06-25,,Active
1675,3632,27,Pro,24.99,2025-02-20,,Active
1676,3634,13,Basic,9.99,2026-06-09,,Active
1677,3636,16,Basic,9.99,2026-05-01,,Active
1678,3644,9,Team,59.99,2026-03-23,,Active
1679,3645,24,Team,59.99,2026-03-25,,Active
1680,3653,10,Pro,24.99,2026-02-16,,Active
1681,3653,22,Enterprise,149.99,2026-06-27,,Active
1682,3654,25,Basic,9.99,2025-08-07,,Active
1683,3660,4,Team,59.99,2025-08-16,2025-10-27,Cancelled
1684,3663,2,Basic,9.99,2025-03-08,,Active
1685,3664,27,Team,59.99,2026-03-21,,Active
1686,3665,27,Basic,9.99,2026-05-12,,Active
1687,3665,23,Basic,9.99,2026-06-18,,Active
1688,3666,15,Pro,24.99,2026-02-20,,Active
1689,3667,26,Pro,24.99,2026-01-30,2026-06-28,Cancelled
1690,3667,26,Pro,24.99,2026-04-13,,Active
1691,3668,9,Pro,24.99,2025-12-25,,Active
1692,3669,29,Basic,9.99,2025-12-22,,Active
1693,3670,6,Team,59.99,2026-05-21,,Active
1694,3670,6,Pro,24.99,2026-06-26,,Active
1695,3673,30,Pro,24.99,2026-04-03,,Active
1696,3680,10,Basic,9.99,2025-11-15,,Active
1697,3681,10,Team,59.99,2026-06-19,,Active
1698,3686,15,Basic,9.99,2026-03-07,,Active
1699,3690,16,Pro,24.99,2025-10-22,,Active
1700,3694,21,Basic,9.99,2025-12-03,2026-02-10,Cancelled
1701,3697,26,Basic,9.99,2025-09-14,,Active
1702,3698,24,Basic,9.99,2026-03-05,,Active
1703,3700,6,Pro,24.99,2026-04-17,,Active
1704,3700,24,Enterprise,149.99,2025-11-25,,Active
1705,3701,21,Basic,9.99,2026-03-25,,Active
1706,3701,21,Pro,24.99,2026-04-24,,Active
1707,3702,25,Basic,9.99,2026-03-19,,Active
1708,3703,28,Team,59.99,2025-12-30,,Active
1709,3704,10,Pro,24.99,2026-04-26,,Active
1710,3705,7,Pro,24.99,2026-03-08,,Active
1711,3707,21,Basic,9.99,2025-08-16,,Active
1712,3707,24,Basic,9.99,2025-10-06,,Active
1713,3711,2,Basic,9.99,2025-08-04,,Active
1714,3714,9,Pro,24.99,2025-12-18,,Active
1715,3714,11,Pro,24.99,2025-08-26,,Active
1716,3715,5,Pro,24.99,2025-05-18,,Active
1717,3715,23,Basic,9.99,2025-12-25,2026-02-15,Cancelled
1718,3718,13,Basic,9.99,2026-01-17,,Active
1719,3723,3,Pro,24.99,2025-09-15,2026-03-07,Cancelled
1720,3723,20,Basic,9.99,2025-12-13,,Active
1721,3724,6,Team,59.99,2026-03-04,,Active
1722,3724,19,Basic,9.99,2026-01-30,,Active
1723,3725,10,Pro,24.99,2026-06-15,,Active
1724,3726,5,Pro,24.99,2026-05-20,,Active
1725,3726,28,Enterprise,149.99,2026-02-23,,Active
1726,3727,19,Pro,24.99,2026-03-09,,Active
1727,3735,25,Pro,24.99,2025-12-02,,Active
1728,3735,10,Pro,24.99,2026-01-13,,Active
1729,3740,12,Pro,24.99,2026-05-06,,Active
1730,3741,22,Basic,9.99,2026-05-03,,Active
1731,3744,24,Basic,9.99,2025-11-02,,Active
1732,3745,17,Pro,24.99,2026-04-28,,Active
1733,3746,8,Pro,24.99,2026-04-05,,Active
1734,3746,8,Pro,24.99,2026-04-06,,Active
1735,3750,14,Basic,9.99,2025-12-12,,Active
1736,3753,23,Team,59.99,2025-10-11,,Active
1737,3753,9,Pro,24.99,2025-10-24,,Active
1738,3755,24,Pro,24.99,2026-02-24,,Active
1739,3755,10,Team,59.99,2026-06-24,,Active
1740,3756,16,Basic,9.99,2025-09-21,,Active
1741,3758,5,Pro,24.99,2026-04-19,,Active
1742,3760,21,Basic,9.99,2026-05-06,,Active
1743,3760,20,Basic,9.99,2026-04-18,,Active
1744,3761,20,Team,59.99,2026-02-22,,Active
1745,3761,1,Enterprise,149.99,2026-03-21,,Active
1746,3762,5,Pro,24.99,2025-08-15,2026-01-13,Cancelled
1747,3763,2,Enterprise,149.99,2026-01-05,,Active
1748,3767,19,Pro,24.99,2025-09-11,,Active
1749,3768,9,Pro,24.99,2026-05-29,,Active
1750,3769,4,Basic,9.99,2026-01-05,,Active
1751,3772,30,Basic,9.99,2026-04-24,,Active
1752,3774,6,Basic,9.99,2026-02-24,,Active
1753,3777,7,Pro,24.99,2026-03-28,,Active
1754,3777,4,Pro,24.99,2025-09-23,2026-02-07,Cancelled
1755,3778,28,Basic,9.99,2026-05-03,,Active
1756,3781,18,Basic,9.99,2026-01-02,,Active
1757,3781,20,Pro,24.99,2026-02-17,,Active
1758,3783,18,Basic,9.99,2025-09-24,,Active
1759,3784,24,Basic,9.99,2025-10-07,,Active
1760,3785,13,Team,59.99,2025-05-09,2025-10-25,Cancelled
1761,3786,1,Pro,24.99,2025-08-28,,Active
1762,3786,3,Basic,9.99,2025-12-13,,Active
1763,3787,16,Pro,24.99,2026-04-06,,Active
1764,3788,9,Pro,24.99,2026-01-27,,Active
1765,3789,24,Basic,9.99,2025-12-22,,Active
1766,3792,9,Pro,24.99,2025-09-25,,Active
1767,3792,9,Basic,9.99,2025-03-11,,Active
1768,3796,25,Pro,24.99,2025-07-18,,Active
1769,3799,10,Basic,9.99,2026-02-25,,Active
1770,3801,11,Basic,9.99,2026-04-01,2026-05-16,Cancelled
1771,3801,24,Pro,24.99,2026-04-08,,Active
1772,3802,9,Basic,9.99,2026-03-24,,Active
1773,3805,19,Basic,9.99,2026-04-06,,Active
1774,3809,24,Basic,9.99,2025-11-11,,Active
1775,3810,2,Basic,9.99,2025-11-10,,Active
1776,3812,23,Enterprise,149.99,2026-06-15,,Active
1777,3813,22,Team,59.99,2026-01-30,,Active
1778,3814,9,Basic,9.99,2025-09-14,,Active
1779,3815,22,Basic,9.99,2025-12-07,,Active
1780,3818,4,Pro,24.99,2026-04-25,,Active
1781,3819,3,Pro,24.99,2026-04-08,,Active
1782,3820,26,Basic,9.99,2026-04-21,,Active
1783,3822,26,Basic,9.99,2026-01-13,,Active
1784,3825,22,Pro,24.99,2025-08-15,,Active
1785,3826,7,Basic,9.99,2025-07-24,2025-11-08,Cancelled
1786,3826,9,Pro,24.99,2025-06-05,,Active
1787,3828,28,Enterprise,149.99,2025-10-19,2026-03-24,Cancelled
1788,3832,5,Pro,24.99,2025-03-14,,Active
1789,3834,18,Basic,9.99,2025-08-30,,Active
1790,3837,6,Basic,9.99,2025-09-27,,Active
1791,3842,6,Basic,9.99,2025-11-28,,Active
1792,3850,10,Team,59.99,2025-12-15,,Active
1793,3855,24,Team,59.99,2026-02-25,,Active
1794,3856,10,Basic,9.99,2025-03-11,,Active
1795,3859,18,Pro,24.99,2026-03-16,,Active
1796,3861,3,Pro,24.99,2025-12-03,,Active
1797,3862,6,Pro,24.99,2026-04-03,,Active
1798,3862,13,Basic,9.99,2026-06-17,,Active
1799,3863,1,Team,59.99,2026-02-02,,Active
1800,3866,17,Basic,9.99,2025-08-26,,Active
1801,3869,10,Basic,9.99,2026-02-03,,Active
1802,3869,23,Basic,9.99,2026-03-18,,Active
1803,3870,6,Pro,24.99,2025-03-28,,Active
1804,3872,1,Basic,9.99,2026-05-25,,Active
1805,3873,2,Basic,9.99,2025-07-04,,Active
1806,3873,25,Team,59.99,2025-06-04,,Active
1807,3876,25,Pro,24.99,2025-10-01,,Active
1808,3878,20,Team,59.99,2026-05-16,,Active
1809,3881,10,Pro,24.99,2025-02-11,,Active
1810,3883,24,Team,59.99,2026-03-25,2026-04-24,Cancelled
1811,3884,10,Basic,9.99,2025-07-08,,Active
1812,3885,19,Basic,9.99,2026-05-14,,Active
1813,3885,18,Basic,9.99,2025-10-31,,Active
1814,3887,10,Team,59.99,2026-06-11,,Active
1815,3890,17,Basic,9.99,2025-03-28,,Active
1816,3899,25,Team,59.99,2026-02-12,2026-03-17,Cancelled
1817,3899,7,Pro,24.99,2026-02-18,,Active
1818,3900,26,Basic,9.99,2025-09-01,,Active
1819,3901,13,Enterprise,149.99,2026-04-29,,Active
1820,3902,19,Pro,24.99,2026-04-19,,Active
1821,3909,3,Pro,24.99,2025-06-10,,Active
1822,3919,13,Team,59.99,2025-05-28,2025-11-01,Cancelled
1823,3920,18,Basic,9.99,2026-03-31,,Active
1824,3920,9,Pro,24.99,2026-03-25,2026-06-20,Cancelled
1825,3925,20,Basic,9.99,2025-07-05,,Active
1826,3928,5,Pro,24.99,2026-06-25,,Active
1827,3928,9,Basic,9.99,2026-06-12,,Active
1828,3929,20,Basic,9.99,2025-06-18,,Active
1829,3931,19,Team,59.99,2025-09-02,,Active
1830,3933,15,Pro,24.99,2025-12-11,,Active
1831,3939,21,Basic,9.99,2026-05-02,,Active
1832,3940,25,Pro,24.99,2025-12-03,,Active
1833,3941,26,Pro,24.99,2026-02-02,,Active
1834,3941,14,Basic,9.99,2026-05-15,,Active
1835,3946,27,Pro,24.99,2025-05-28,,Active
1836,3946,16,Team,59.99,2025-05-02,,Active
1837,3950,8,Pro,24.99,2025-04-14,2025-05-29,Cancelled
1838,3952,26,Basic,9.99,2025-10-14,,Active
1839,3956,2,Enterprise,149.99,2026-01-01,2026-04-03,Cancelled
1840,3957,17,Team,59.99,2026-05-30,,Active
1841,3961,21,Pro,24.99,2025-06-27,,Active
1842,3963,9,Basic,9.99,2025-09-09,,Active
1843,3969,23,Pro,24.99,2026-01-17,,Active
1844,3970,22,Enterprise,149.99,2025-12-20,,Active
1845,3972,6,Pro,24.99,2026-04-17,2026-06-13,Cancelled
1846,3975,30,Basic,9.99,2026-01-02,,Active
1847,3975,6,Basic,9.99,2025-12-24,,Active
1848,3977,2,Team,59.99,2025-11-21,,Active
1849,3977,19,Pro,24.99,2026-02-18,,Active
1850,3978,2,Pro,24.99,2025-03-01,,Active
1851,3984,30,Pro,24.99,2025-12-11,,Active
1852,3985,10,Basic,9.99,2025-10-05,2026-01-06,Cancelled
1853,3986,7,Basic,9.99,2025-08-20,,Active
1854,3991,6,Team,59.99,2025-04-24,2025-07-16,Cancelled
1855,3994,18,Pro,24.99,2026-05-27,,Active
1856,3996,10,Pro,24.99,2025-08-06,2025-09-20,Cancelled
1857,3999,3,Pro,24.99,2026-01-10,,Active
1858,3999,3,Pro,24.99,2025-10-05,,Active
1859,4006,4,Basic,9.99,2026-05-04,,Active
1860,4009,3,Basic,9.99,2026-03-07,,Active
1861,4009,4,Team,59.99,2025-12-03,,Active
1862,4015,12,Enterprise,149.99,2026-06-15,,Active
1863,4017,10,Basic,9.99,2025-02-28,2025-08-06,Cancelled
1864,4020,2,Pro,24.99,2025-08-17,,Active
1865,4021,25,Basic,9.99,2026-01-02,,Active
1866,4022,29,Team,59.99,2025-03-05,,Active
1867,4023,30,Pro,24.99,2026-04-02,,Active
1868,4023,23,Basic,9.99,2026-04-24,,Active
1869,4033,2,Pro,24.99,2025-03-25,,Active
1870,4034,22,Basic,9.99,2026-03-22,,Active
1871,4035,24,Pro,24.99,2026-04-29,,Active
1872,4035,24,Basic,9.99,2026-05-29,,Active
1873,4038,18,Pro,24.99,2025-05-06,,Active
1874,4038,11,Basic,9.99,2025-05-31,,Active
1875,4040,24,Basic,9.99,2026-04-20,,Active
1876,4040,10,Pro,24.99,2026-02-07,,Active
1877,4041,22,Basic,9.99,2026-05-29,,Active
1878,4042,25,Pro,24.99,2025-10-02,,Active
1879,4042,25,Basic,9.99,2026-01-21,,Active
1880,4047,11,Basic,9.99,2025-03-12,,Active
1881,4052,26,Basic,9.99,2026-02-11,,Active
1882,4054,25,Pro,24.99,2025-09-10,,Active
1883,4054,14,Basic,9.99,2025-09-07,,Active
1884,4061,20,Basic,9.99,2025-12-11,,Active
1885,4062,1,Basic,9.99,2026-01-19,,Active
1886,4064,14,Basic,9.99,2025-12-17,,Active
1887,4064,28,Basic,9.99,2025-12-23,,Active
1888,4066,13,Pro,24.99,2025-10-31,,Active
1889,4068,1,Basic,9.99,2026-05-31,,Active
1890,4068,5,Basic,9.99,2026-05-28,,Active
1891,4074,18,Enterprise,149.99,2026-01-04,2026-03-29,Cancelled
1892,4074,1,Basic,9.99,2026-01-09,,Active
1893,4077,2,Basic,9.99,2026-03-15,,Active
1894,4078,1,Basic,9.99,2025-09-09,,Active
1895,4080,24,Pro,24.99,2025-07-18,,Active
1896,4080,7,Pro,24.99,2025-08-30,,Active
1897,4083,1,Pro,24.99,2026-06-28,,Active
1898,4092,24,Pro,24.99,2025-07-18,,Active
1899,4096,24,Pro,24.99,2026-02-26,,Active
1900,4098,30,Pro,24.99,2026-03-10,,Active
1901,4103,7,Basic,9.99,2025-09-04,2025-10-27,Cancelled
1902,4106,5,Pro,24.99,2025-10-17,,Active
1903,4106,5,Basic,9.99,2025-01-31,,Active
1904,4108,5,Basic,9.99,2025-10-06,,Active
1905,4108,18,Team,59.99,2025-08-18,,Active
1906,4110,5,Basic,9.99,2026-05-19,,Active
1907,4110,27,Enterprise,149.99,2026-04-20,,Active
1908,4111,30,Basic,9.99,2025-04-01,2025-09-12,Cancelled
1909,4112,7,Basic,9.99,2026-05-01,,Active
1910,4118,10,Enterprise,149.99,2026-04-11,,Active
1911,4121,6,Basic,9.99,2026-03-22,,Active
1912,4122,26,Basic,9.99,2026-01-08,,Active
1913,4130,22,Basic,9.99,2025-11-29,,Active
1914,4132,11,Basic,9.99,2026-04-01,,Active
1915,4134,24,Pro,24.99,2025-11-23,,Active
1916,4135,20,Basic,9.99,2025-08-03,,Active
1917,4135,18,Basic,9.99,2025-09-13,,Active
1918,4140,8,Pro,24.99,2025-10-05,,Active
1919,4141,25,Team,59.99,2025-11-25,,Active
1920,4141,10,Pro,24.99,2026-01-06,,Active
1921,4142,13,Basic,9.99,2026-04-16,,Active
1922,4147,19,Basic,9.99,2026-03-29,,Active
1923,4147,18,Team,59.99,2026-02-14,,Active
1924,4148,8,Basic,9.99,2025-04-29,,Active
1925,4148,27,Basic,9.99,2025-03-09,,Active
1926,4154,19,Pro,24.99,2026-01-29,,Active
1927,4160,25,Enterprise,149.99,2025-11-19,,Active
1928,4161,1,Team,59.99,2025-06-14,,Active
1929,4174,4,Basic,9.99,2025-07-03,,Active
1930,4174,2,Basic,9.99,2025-10-16,,Active
1931,4176,1,Basic,9.99,2026-01-16,2026-04-23,Cancelled
1932,4177,4,Basic,9.99,2026-04-03,,Active
1933,4179,26,Basic,9.99,2025-07-03,,Active
1934,4180,3,Team,59.99,2026-01-13,,Active
1935,4181,7,Pro,24.99,2026-05-01,,Active
1936,4182,24,Basic,9.99,2025-05-31,,Active
1937,4183,14,Pro,24.99,2026-05-09,,Active
1938,4184,15,Basic,9.99,2026-03-25,,Active
1939,4190,14,Enterprise,149.99,2026-02-27,,Active
1940,4192,13,Basic,9.99,2026-04-16,,Active
1941,4193,13,Basic,9.99,2025-07-26,,Active
1942,4197,8,Basic,9.99,2026-03-10,,Active
1943,4198,9,Basic,9.99,2026-06-10,,Active
1944,4199,4,Basic,9.99,2025-10-01,2026-01-17,Cancelled
1945,4199,2,Team,59.99,2026-02-16,,Active
1946,4202,20,Pro,24.99,2026-05-12,,Active
1947,4203,10,Enterprise,149.99,2026-06-03,,Active
1948,4204,11,Team,59.99,2025-10-28,,Active
1949,4204,1,Basic,9.99,2025-12-30,,Active
1950,4205,20,Team,59.99,2026-03-05,,Active
1951,4206,2,Pro,24.99,2025-07-27,,Active
1952,4208,6,Basic,9.99,2026-06-21,,Active
1953,4210,7,Basic,9.99,2026-01-19,,Active
1954,4210,9,Pro,24.99,2025-05-03,,Active
1955,4211,4,Basic,9.99,2025-08-28,,Active
1956,4213,9,Pro,24.99,2026-03-07,,Active
1957,4214,22,Basic,9.99,2025-10-06,,Active
1958,4218,21,Pro,24.99,2025-07-09,,Active
1959,4218,20,Basic,9.99,2025-09-03,,Active
1960,4221,27,Pro,24.99,2025-12-23,,Active
1961,4222,24,Pro,24.99,2025-10-19,,Active
1962,4226,4,Basic,9.99,2026-03-28,,Active
1963,4230,14,Basic,9.99,2026-05-26,,Active
1964,4231,10,Basic,9.99,2025-12-12,,Active
1965,4233,5,Basic,9.99,2026-04-19,,Active
1966,4233,26,Pro,24.99,2025-11-01,,Active
1967,4237,23,Pro,24.99,2025-09-08,,Active
1968,4237,22,Enterprise,149.99,2025-04-10,,Active
1969,4238,17,Enterprise,149.99,2026-04-09,,Active
1970,4238,27,Basic,9.99,2026-05-22,,Active
1971,4241,21,Pro,24.99,2025-05-09,,Active
1972,4242,25,Basic,9.99,2025-06-04,,Active
1973,4245,19,Basic,9.99,2026-01-25,,Active
1974,4250,23,Pro,24.99,2025-07-15,,Active
1975,4255,14,Pro,24.99,2026-03-04,,Active
1976,4256,13,Basic,9.99,2026-06-18,,Active
1977,4257,2,Pro,24.99,2026-04-19,,Active
1978,4257,7,Basic,9.99,2026-03-29,,Active
1979,4263,29,Basic,9.99,2025-08-07,2025-10-14,Cancelled
1980,4264,9,Team,59.99,2026-01-02,,Active
1981,4266,9,Basic,9.99,2026-03-11,2026-05-04,Cancelled
1982,4266,3,Pro,24.99,2026-03-05,,Active
1983,4279,16,Basic,9.99,2026-02-18,,Active
1984,4281,16,Basic,9.99,2026-02-18,,Active
1985,4284,18,Basic,9.99,2025-10-28,,Active
1986,4285,23,Basic,9.99,2025-12-15,,Active
1987,4285,13,Team,59.99,2026-02-13,,Active
1988,4294,11,Basic,9.99,2026-05-15,,Active
1989,4295,15,Enterprise,149.99,2026-01-19,,Active
1990,4299,9,Pro,24.99,2025-12-24,,Active
1991,4304,28,Pro,24.99,2026-02-06,,Active
1992,4306,25,Basic,9.99,2026-05-31,,Active
1993,4307,16,Team,59.99,2026-01-06,,Active
1994,4309,25,Basic,9.99,2026-03-14,,Active
1995,4312,9,Basic,9.99,2026-01-29,,Active
1996,4312,6,Basic,9.99,2026-03-10,,Active
1997,4313,1,Pro,24.99,2026-01-23,,Active
1998,4313,4,Pro,24.99,2025-11-26,,Active
1999,4317,11,Pro,24.99,2025-10-29,,Active
2000,4319,20,Pro,24.99,2026-04-10,2026-06-06,Cancelled
2001,4327,19,Pro,24.99,2025-08-03,,Active
2002,4327,10,Pro,24.99,2026-03-23,,Active
2003,4329,10,Basic,9.99,2026-01-04,,Active
2004,4329,10,Pro,24.99,2025-08-16,,Active
2005,4330,11,Enterprise,149.99,2025-02-09,,Active
2006,4335,11,Basic,9.99,2025-05-08,,Active
2007,4336,29,Team,59.99,2025-12-12,2026-04-07,Cancelled
2008,4340,23,Team,59.99,2026-06-08,,Active
2009,4341,27,Basic,9.99,2025-04-20,,Active
2010,4343,22,Basic,9.99,2025-11-21,,Active
2011,4344,21,Team,59.99,2025-08-23,,Active
2012,4344,20,Team,59.99,2026-01-26,,Active
2013,4345,4,Pro,24.99,2026-03-29,,Active
2014,4346,26,Basic,9.99,2025-05-29,,Active
2015,4346,17,Basic,9.99,2025-09-20,,Active
2016,4348,29,Pro,24.99,2025-08-16,,Active
2017,4348,30,Team,59.99,2025-08-17,2026-01-05,Cancelled
2018,4351,9,Team,59.99,2025-07-24,,Active
2019,4351,22,Pro,24.99,2025-12-08,,Active
2020,4353,20,Team,59.99,2026-05-25,,Active
2021,4354,25,Basic,9.99,2026-01-21,,Active
2022,4359,5,Basic,9.99,2026-05-14,,Active
2023,4360,4,Basic,9.99,2025-10-08,,Active
2024,4361,24,Pro,24.99,2026-06-19,,Active
2025,4362,18,Team,59.99,2025-09-10,,Active
2026,4364,18,Team,59.99,2026-03-29,,Active
2027,4369,17,Pro,24.99,2026-05-13,,Active
2028,4370,30,Basic,9.99,2025-12-07,,Active
2029,4371,12,Team,59.99,2026-06-22,,Active
2030,4379,9,Basic,9.99,2025-08-01,,Active
2031,4380,20,Pro,24.99,2025-09-09,,Active
2032,4382,20,Pro,24.99,2026-04-10,,Active
2033,4383,28,Basic,9.99,2026-05-19,,Active
2034,4385,10,Enterprise,149.99,2026-05-06,,Active
2035,4385,11,Team,59.99,2026-06-29,,Active
2036,4386,18,Basic,9.99,2025-12-21,,Active
2037,4389,23,Enterprise,149.99,2026-04-04,,Active
2038,4390,28,Basic,9.99,2025-05-15,,Active
2039,4392,25,Basic,9.99,2025-03-20,,Active
2040,4395,18,Pro,24.99,2026-02-25,,Active
2041,4397,30,Pro,24.99,2026-04-27,,Active
2042,4397,29,Pro,24.99,2026-04-10,,Active
2043,4398,4,Basic,9.99,2026-04-17,,Active
2044,4398,3,Pro,24.99,2025-07-29,,Active
2045,4404,6,Basic,9.99,2025-11-09,2026-02-25,Cancelled
2046,4408,25,Basic,9.99,2026-04-02,2026-05-10,Cancelled
2047,4409,19,Basic,9.99,2025-09-05,,Active
2048,4411,4,Basic,9.99,2026-02-09,,Active
2049,4412,11,Pro,24.99,2025-08-24,,Active
2050,4412,6,Pro,24.99,2025-04-27,,Active
2051,4416,13,Basic,9.99,2026-04-05,,Active
2052,4416,22,Pro,24.99,2026-06-01,,Active
2053,4419,24,Pro,24.99,2025-08-20,,Active
2054,4420,2,Team,59.99,2026-02-20,,Active
2055,4421,5,Basic,9.99,2026-06-16,,Active
2056,4422,13,Basic,9.99,2026-04-11,,Active
2057,4422,5,Team,59.99,2026-01-28,,Active
2058,4423,10,Basic,9.99,2026-05-23,,Active
2059,4423,24,Pro,24.99,2026-06-25,,Active
2060,4427,3,Basic,9.99,2025-08-21,,Active
2061,4428,15,Basic,9.99,2026-06-29,,Active
2062,4431,2,Team,59.99,2026-05-31,,Active
2063,4433,25,Team,59.99,2025-09-20,,Active
2064,4433,8,Basic,9.99,2026-05-09,,Active
2065,4435,23,Basic,9.99,2026-01-10,,Active
2066,4435,18,Basic,9.99,2025-09-12,,Active
2067,4438,7,Pro,24.99,2025-10-26,,Active
2068,4439,23,Basic,9.99,2025-12-08,,Active
2069,4442,14,Pro,24.99,2025-08-23,2025-11-27,Cancelled
2070,4443,3,Team,59.99,2026-06-25,,Active
2071,4443,20,Team,59.99,2026-06-21,,Active
2072,4448,20,Basic,9.99,2025-07-29,,Active
2073,4448,18,Basic,9.99,2025-10-12,2025-11-17,Cancelled
2074,4451,2,Basic,9.99,2026-02-16,,Active
2075,4453,7,Team,59.99,2026-01-24,2026-06-08,Cancelled
2076,4454,19,Pro,24.99,2025-11-07,,Active
2077,4456,2,Pro,24.99,2025-07-19,,Active
2078,4463,25,Pro,24.99,2026-01-01,,Active
2079,4463,11,Basic,9.99,2025-11-13,,Active
2080,4466,7,Pro,24.99,2025-03-20,,Active
2081,4467,20,Basic,9.99,2025-09-25,,Active
2082,4470,19,Basic,9.99,2025-09-17,,Active
2083,4471,10,Basic,9.99,2025-11-02,,Active
2084,4472,5,Basic,9.99,2026-06-02,,Active
2085,4475,17,Enterprise,149.99,2025-10-23,,Active
2086,4476,5,Pro,24.99,2025-11-22,,Active
2087,4478,19,Basic,9.99,2026-01-22,,Active
2088,4481,7,Pro,24.99,2025-10-06,,Active
2089,4481,24,Basic,9.99,2025-08-09,,Active
2090,4482,19,Pro,24.99,2026-03-03,2026-06-29,Cancelled
2091,4482,19,Basic,9.99,2026-03-28,,Active
2092,4484,8,Pro,24.99,2025-05-17,,Active
2093,4486,19,Team,59.99,2026-04-27,,Active
2094,4490,7,Pro,24.99,2025-12-31,,Active
2095,4491,12,Basic,9.99,2025-03-23,2025-06-29,Cancelled
2096,4491,5,Basic,9.99,2025-10-22,,Active
2097,4500,11,Pro,24.99,2026-04-11,,Active
2098,4506,7,Pro,24.99,2026-02-04,,Active
2099,4507,2,Pro,24.99,2025-09-22,,Active
2100,4508,2,Pro,24.99,2025-06-21,2025-11-29,Cancelled
2101,4509,20,Enterprise,149.99,2026-02-24,,Active
2102,4510,6,Team,59.99,2025-08-09,2025-10-22,Cancelled
2103,4511,9,Team,59.99,2026-03-18,,Active
2104,4513,25,Team,59.99,2025-11-29,,Active
2105,4515,22,Pro,24.99,2026-05-01,,Active
2106,4518,22,Enterprise,149.99,2026-06-27,,Active
2107,4518,21,Basic,9.99,2026-03-28,,Active
2108,4530,18,Enterprise,149.99,2025-09-29,2025-12-22,Cancelled
2109,4531,25,Team,59.99,2026-05-22,,Active
2110,4532,21,Basic,9.99,2025-10-28,,Active
2111,4537,3,Pro,24.99,2025-09-06,2025-11-27,Cancelled
2112,4537,24,Pro,24.99,2025-06-03,,Active
2113,4541,4,Pro,24.99,2026-06-11,,Active
2114,4542,6,Pro,24.99,2026-02-01,,Active
2115,4542,25,Pro,24.99,2026-03-19,,Active
2116,4545,27,Enterprise,149.99,2026-02-15,,Active
2117,4546,5,Pro,24.99,2026-02-03,,Active
2118,4552,28,Pro,24.99,2025-12-12,,Active
2119,4554,22,Pro,24.99,2025-11-01,2026-01-19,Cancelled
2120,4554,6,Pro,24.99,2026-03-22,,Active
2121,4557,18,Pro,24.99,2025-09-18,,Active
2122,4561,8,Team,59.99,2025-12-04,2026-04-16,Cancelled
2123,4562,25,Basic,9.99,2026-03-25,,Active
2124,4566,29,Pro,24.99,2025-08-19,,Active
2125,4568,25,Pro,24.99,2025-12-19,,Active
2126,4568,5,Basic,9.99,2026-06-30,,Active
2127,4569,20,Basic,9.99,2026-04-22,,Active
2128,4571,21,Team,59.99,2026-05-03,,Active
2129,4573,10,Team,59.99,2025-02-14,,Active
2130,4573,24,Team,59.99,2025-09-08,,Active
2131,4578,30,Basic,9.99,2025-09-21,,Active
2132,4578,11,Basic,9.99,2025-07-24,2025-12-04,Cancelled
2133,4581,3,Pro,24.99,2026-01-13,,Active
2134,4581,24,Pro,24.99,2025-12-17,,Active
2135,4586,8,Basic,9.99,2025-11-23,,Active
2136,4588,1,Basic,9.99,2026-05-22,,Active
2137,4589,12,Team,59.99,2026-06-09,,Active
2138,4591,3,Basic,9.99,2026-03-28,,Active
2139,4591,19,Basic,9.99,2026-03-16,,Active
2140,4593,27,Team,59.99,2026-03-31,2026-05-25,Cancelled
2141,4594,29,Pro,24.99,2025-03-21,,Active
2142,4594,29,Team,59.99,2025-06-06,,Active
2143,4595,6,Pro,24.99,2026-01-12,2026-04-11,Cancelled
2144,4596,9,Basic,9.99,2025-04-22,,Active
2145,4598,28,Basic,9.99,2026-03-02,,Active
2146,4598,13,Pro,24.99,2025-12-17,,Active
2147,4600,10,Basic,9.99,2026-03-05,,Active
2148,4603,18,Basic,9.99,2026-05-31,,Active
2149,4609,18,Basic,9.99,2025-07-14,,Active
2150,4609,18,Team,59.99,2025-10-09,,Active
2151,4610,1,Basic,9.99,2026-04-23,,Active
2152,4611,3,Pro,24.99,2025-11-30,2026-04-26,Cancelled
2153,4612,12,Basic,9.99,2026-01-04,,Active
2154,4614,3,Basic,9.99,2026-03-08,,Active
2155,4616,11,Team,59.99,2026-02-27,2026-04-20,Cancelled
2156,4618,7,Pro,24.99,2025-11-25,2026-01-27,Cancelled
2157,4620,14,Basic,9.99,2025-07-27,,Active
2158,4622,10,Team,59.99,2026-06-24,,Active
2159,4623,3,Pro,24.99,2026-06-20,,Active
2160,4626,7,Basic,9.99,2025-12-28,,Active
2161,4628,16,Enterprise,149.99,2026-05-31,,Active
2162,4631,6,Pro,24.99,2026-06-28,,Active
2163,4631,22,Pro,24.99,2026-04-25,,Active
2164,4633,2,Pro,24.99,2025-09-09,,Active
2165,4634,11,Basic,9.99,2025-09-24,,Active
2166,4634,10,Pro,24.99,2026-02-15,,Active
2167,4637,19,Basic,9.99,2025-10-16,,Active
2168,4637,18,Pro,24.99,2025-06-05,,Active
2169,4641,4,Basic,9.99,2025-03-05,2025-07-23,Cancelled
2170,4645,5,Basic,9.99,2026-02-17,2026-06-29,Cancelled
2171,4646,17,Basic,9.99,2026-03-31,,Active
2172,4650,14,Pro,24.99,2025-07-30,,Active
2173,4651,24,Basic,9.99,2026-04-02,,Active
2174,4651,9,Pro,24.99,2026-04-20,,Active
2175,4652,29,Basic,9.99,2025-05-14,,Active
2176,4655,2,Pro,24.99,2026-04-12,,Active
2177,4655,1,Pro,24.99,2026-04-03,,Active
2178,4656,30,Basic,9.99,2026-03-31,,Active
2179,4657,26,Basic,9.99,2025-12-18,,Active
2180,4658,24,Basic,9.99,2026-03-07,,Active
2181,4663,11,Basic,9.99,2026-04-28,,Active
2182,4670,17,Basic,9.99,2026-02-24,,Active
2183,4673,1,Basic,9.99,2026-03-28,,Active
2184,4673,4,Basic,9.99,2025-11-03,,Active
2185,4680,15,Team,59.99,2026-05-31,,Active
2186,4682,3,Team,59.99,2025-05-02,,Active
2187,4682,20,Basic,9.99,2025-06-19,,Active
2188,4683,8,Team,59.99,2025-11-30,,Active
2189,4683,18,Team,59.99,2026-06-11,,Active
2190,4685,27,Pro,24.99,2025-11-25,,Active
2191,4686,16,Enterprise,149.99,2026-04-25,,Active
2192,4689,10,Pro,24.99,2025-12-01,2026-05-14,Cancelled
2193,4694,9,Team,59.99,2025-02-26,,Active
2194,4698,25,Pro,24.99,2026-06-26,,Active
2195,4699,11,Pro,24.99,2026-05-20,,Active
2196,4704,23,Basic,9.99,2025-09-08,2025-10-14,Cancelled
2197,4707,22,Basic,9.99,2025-07-29,,Active
2198,4708,14,Basic,9.99,2026-01-13,,Active
2199,4709,10,Basic,9.99,2026-01-12,,Active
2200,4713,4,Team,59.99,2026-01-26,2026-06-15,Cancelled
2201,4713,4,Basic,9.99,2025-05-29,,Active
2202,4715,2,Basic,9.99,2026-01-02,2026-04-15,Cancelled
2203,4716,15,Pro,24.99,2026-03-26,,Active
2204,4716,12,Basic,9.99,2026-03-05,,Active
2205,4717,2,Pro,24.99,2025-12-26,,Active
2206,4719,26,Pro,24.99,2025-12-19,,Active
2207,4719,9,Basic,9.99,2026-03-24,2026-06-12,Cancelled
2208,4721,25,Basic,9.99,2026-05-29,,Active
2209,4721,1,Basic,9.99,2026-04-06,,Active
2210,4724,24,Pro,24.99,2025-05-21,,Active
2211,4724,6,Pro,24.99,2025-08-12,2026-01-23,Cancelled
2212,4725,9,Basic,9.99,2025-08-31,,Active
2213,4725,27,Basic,9.99,2025-05-08,,Active
2214,4727,2,Enterprise,149.99,2026-06-14,,Active
2215,4728,8,Pro,24.99,2026-04-18,,Active
2216,4735,18,Team,59.99,2025-08-29,,Active
2217,4737,3,Basic,9.99,2026-01-10,,Active
2218,4738,25,Basic,9.99,2026-01-23,,Active
2219,4739,1,Pro,24.99,2026-03-28,,Active
2220,4742,16,Basic,9.99,2026-03-05,,Active
2221,4742,23,Pro,24.99,2026-04-13,,Active
2222,4746,9,Basic,9.99,2025-08-20,2025-10-04,Cancelled
2223,4748,18,Basic,9.99,2025-12-14,2026-04-02,Cancelled
2224,4755,18,Basic,9.99,2025-09-04,,Active
2225,4761,12,Pro,24.99,2025-10-11,,Active
2226,4764,25,Basic,9.99,2025-07-31,2025-12-21,Cancelled
2227,4766,28,Pro,24.99,2025-10-23,,Active
2228,4772,23,Basic,9.99,2025-10-03,,Active
2229,4772,6,Pro,24.99,2026-01-08,,Active
2230,4773,1,Pro,24.99,2025-06-15,,Active
2231,4780,10,Team,59.99,2026-02-21,,Active
2232,4780,21,Pro,24.99,2025-12-16,2026-02-16,Cancelled
2233,4782,30,Basic,9.99,2026-06-07,,Active
2234,4782,30,Pro,24.99,2026-02-23,,Active
2235,4783,7,Basic,9.99,2025-07-30,,Active
2236,4784,3,Pro,24.99,2025-07-17,,Active
2237,4784,5,Pro,24.99,2025-07-30,,Active
2238,4785,22,Pro,24.99,2026-02-13,,Active
2239,4786,8,Team,59.99,2025-09-17,,Active
2240,4787,9,Team,59.99,2026-04-01,,Active
2241,4788,11,Team,59.99,2025-12-25,,Active
2242,4793,14,Basic,9.99,2025-10-29,2026-01-12,Cancelled
2243,4793,5,Basic,9.99,2026-01-09,,Active
2244,4802,12,Pro,24.99,2025-10-26,,Active
2245,4802,13,Basic,9.99,2026-05-14,,Active
2246,4803,28,Team,59.99,2026-02-04,,Active
2247,4804,12,Enterprise,149.99,2025-09-18,,Active
2248,4805,25,Basic,9.99,2026-01-19,,Active
2249,4807,20,Pro,24.99,2026-02-04,,Active
2250,4807,20,Team,59.99,2025-11-19,,Active
2251,4816,26,Basic,9.99,2025-10-05,,Active
2252,4816,10,Enterprise,149.99,2026-04-22,,Active
2253,4817,29,Team,59.99,2025-05-08,,Active
2254,4817,30,Pro,24.99,2025-08-25,,Active
2255,4818,22,Basic,9.99,2025-02-11,,Active
2256,4826,7,Pro,24.99,2025-10-15,,Active
2257,4827,19,Team,59.99,2025-05-23,,Active
2258,4841,11,Basic,9.99,2025-11-05,,Active
2259,4843,9,Pro,24.99,2026-03-12,,Active
2260,4843,10,Pro,24.99,2026-03-21,,Active
2261,4848,20,Basic,9.99,2025-08-17,,Active
2262,4853,14,Team,59.99,2026-06-04,,Active
2263,4855,7,Basic,9.99,2026-05-31,,Active
2264,4857,25,Pro,24.99,2025-04-17,,Active
2265,4858,26,Pro,24.99,2026-01-23,,Active
2266,4859,7,Basic,9.99,2025-09-02,,Active
2267,4860,18,Pro,24.99,2025-04-07,,Active
2268,4861,4,Basic,9.99,2025-03-08,,Active
2269,4862,11,Pro,24.99,2025-04-06,,Active
2270,4865,16,Pro,24.99,2025-12-24,,Active
2271,4866,8,Basic,9.99,2026-04-28,,Active
2272,4866,29,Team,59.99,2026-06-13,,Active
2273,4867,30,Enterprise,149.99,2025-06-30,,Active
2274,4867,30,Team,59.99,2025-04-24,,Active
2275,4868,18,Basic,9.99,2025-12-22,,Active
2276,4868,6,Basic,9.99,2025-08-10,,Active
2277,4869,18,Basic,9.99,2025-10-22,,Active
2278,4872,13,Pro,24.99,2026-02-23,,Active
2279,4876,21,Pro,24.99,2026-06-26,,Active
2280,4877,25,Pro,24.99,2026-03-29,,Active
2281,4881,24,Basic,9.99,2026-03-26,,Active
2282,4881,8,Basic,9.99,2026-06-27,,Active
2283,4887,30,Basic,9.99,2026-04-24,,Active
2284,4889,14,Basic,9.99,2025-03-16,,Active
2285,4897,24,Team,59.99,2026-03-08,,Active
2286,4898,9,Basic,9.99,2025-10-12,,Active
2287,4899,4,Basic,9.99,2026-03-13,,Active
2288,4900,19,Pro,24.99,2025-10-28,,Active
2289,4901,3,Enterprise,149.99,2026-05-26,,Active
2290,4909,6,Basic,9.99,2025-08-31,,Active
2291,4910,7,Team,59.99,2025-08-12,2025-11-10,Cancelled
2292,4913,21,Pro,24.99,2025-11-05,,Active
2293,4919,11,Pro,24.99,2026-05-02,,Active
2294,4924,22,Team,59.99,2025-12-04,,Active
2295,4927,21,Pro,24.99,2026-01-23,,Active
2296,4928,27,Basic,9.99,2026-02-27,,Active
2297,4932,9,Pro,24.99,2025-12-10,,Active
2298,4932,20,Basic,9.99,2025-03-11,,Active
2299,4933,9,Basic,9.99,2026-06-19,,Active
2300,4933,2,Basic,9.99,2026-03-01,,Active
2301,4934,8,Basic,9.99,2026-04-12,,Active
2302,4938,21,Pro,24.99,2026-05-30,,Active
2303,4938,12,Basic,9.99,2026-02-08,,Active
2304,4940,24,Basic,9.99,2026-04-02,,Active
2305,4941,2,Pro,24.99,2026-02-10,,Active
2306,4941,3,Pro,24.99,2026-05-22,,Active
2307,4942,6,Basic,9.99,2025-12-26,,Active
2308,4946,25,Basic,9.99,2026-03-18,,Active
2309,4947,6,Pro,24.99,2025-09-19,2026-03-03,Cancelled
2310,4948,10,Team,59.99,2026-06-17,,Active
2311,4948,3,Pro,24.99,2026-05-22,,Active
2312,4950,10,Basic,9.99,2026-03-13,,Active
2313,4952,24,Pro,24.99,2025-10-03,,Active
2314,4958,3,Pro,24.99,2026-03-02,,Active
2315,4963,2,Pro,24.99,2026-03-24,,Active
2316,4963,4,Pro,24.99,2026-06-27,,Active
2317,4964,17,Basic,9.99,2026-01-01,,Active
2318,4966,22,Pro,24.99,2026-04-26,,Active
2319,4969,22,Team,59.99,2026-04-21,,Active
2320,4969,24,Enterprise,149.99,2026-04-19,,Active
2321,4975,17,Basic,9.99,2026-01-23,2026-05-23,Cancelled
2322,4976,11,Team,59.99,2025-10-12,,Active
2323,4977,9,Pro,24.99,2025-06-05,,Active
2324,4977,10,Basic,9.99,2025-04-11,,Active
2325,4980,23,Basic,9.99,2026-05-19,,Active
2326,4981,25,Pro,24.99,2025-07-21,,Active
2327,4987,23,Pro,24.99,2026-05-03,,Active
2328,4987,8,Team,59.99,2026-02-16,,Active
2329,4991,12,Basic,9.99,2025-12-30,,Active
2330,4993,20,Team,59.99,2026-01-30,,Active
2331,4995,3,Basic,9.99,2026-04-23,,Active
2332,4996,5,Team,59.99,2026-05-04,,Active
2333,5008,3,Basic,9.99,2025-10-07,2025-12-03,Cancelled
2334,5009,21,Pro,24.99,2025-10-26,2025-12-20,Cancelled
2335,5009,10,Basic,9.99,2025-08-12,,Active
2336,5013,12,Basic,9.99,2025-10-01,,Active
2337,5017,8,Basic,9.99,2025-11-11,,Active
2338,5018,2,Team,59.99,2026-03-29,,Active
2339,5018,20,Pro,24.99,2026-04-24,,Active
2340,5020,1,Basic,9.99,2026-04-26,,Active
2341,5022,3,Basic,9.99,2025-12-05,,Active
2342,5022,2,Pro,24.99,2025-12-12,,Active
2343,5024,23,Basic,9.99,2025-10-24,,Active
2344,5027,24,Team,59.99,2026-02-17,,Active
2345,5027,6,Basic,9.99,2026-02-11,2026-03-17,Cancelled
2346,5029,25,Pro,24.99,2025-12-21,,Active
2347,5029,22,Basic,9.99,2026-03-07,,Active
2348,5031,17,Team,59.99,2025-12-31,,Active
2349,5034,21,Basic,9.99,2025-10-03,,Active
2350,5036,10,Pro,24.99,2026-06-27,,Active
2351,5036,1,Basic,9.99,2025-12-21,,Active
2352,5038,13,Basic,9.99,2025-10-16,,Active
2353,5038,27,Pro,24.99,2025-10-14,,Active
2354,5039,18,Pro,24.99,2025-10-04,,Active
2355,5039,22,Team,59.99,2025-07-23,,Active
2356,5041,9,Basic,9.99,2025-12-14,,Active
2357,5041,2,Basic,9.99,2026-05-31,,Active
2358,5043,25,Pro,24.99,2025-11-06,,Active
2359,5044,2,Basic,9.99,2026-04-27,,Active
2360,5044,1,Enterprise,149.99,2026-05-20,,Active
2361,5045,4,Basic,9.99,2026-04-18,,Active
2362,5045,4,Team,59.99,2026-06-15,,Active
2363,5046,20,Team,59.99,2025-11-22,,Active
2364,5047,19,Pro,24.99,2026-02-07,,Active
2365,5052,17,Basic,9.99,2025-07-22,,Active
2366,5052,13,Pro,24.99,2025-04-23,,Active
2367,5058,25,Enterprise,149.99,2025-05-26,,Active
2368,5059,9,Team,59.99,2025-08-11,,Active
2369,5061,19,Basic,9.99,2026-03-10,,Active
2370,5065,19,Pro,24.99,2026-02-11,,Active
2371,5070,22,Basic,9.99,2025-05-26,,Active
2372,5072,14,Basic,9.99,2025-09-17,,Active
2373,5073,2,Basic,9.99,2026-05-13,,Active
2374,5075,30,Basic,9.99,2026-04-08,,Active
2375,5075,7,Basic,9.99,2026-05-28,,Active
2376,5078,20,Basic,9.99,2026-01-02,,Active
2377,5081,8,Basic,9.99,2026-02-16,,Active
2378,5082,1,Basic,9.99,2026-03-09,,Active
2379,5084,4,Team,59.99,2025-12-14,,Active
2380,5084,2,Pro,24.99,2025-09-10,,Active
2381,5088,27,Basic,9.99,2026-02-10,,Active
2382,5088,16,Basic,9.99,2026-04-08,,Active
2383,5091,28,Basic,9.99,2025-08-04,,Active
2384,5093,16,Basic,9.99,2025-04-25,,Active
2385,5093,16,Basic,9.99,2025-07-10,2025-08-11,Cancelled
2386,5095,11,Basic,9.99,2026-06-21,,Active
2387,5095,1,Pro,24.99,2026-05-10,,Active
2388,5096,24,Pro,24.99,2025-07-11,,Active
2389,5097,6,Pro,24.99,2026-05-30,,Active
2390,5098,18,Basic,9.99,2026-03-19,,Active
2391,5100,14,Team,59.99,2026-02-12,,Active
2392,5100,11,Pro,24.99,2025-12-14,2026-02-01,Cancelled
2393,5103,21,Team,59.99,2025-11-16,,Active
2394,5104,7,Pro,24.99,2026-02-21,2026-05-23,Cancelled
2395,5105,22,Team,59.99,2025-12-12,,Active
2396,5107,12,Pro,24.99,2026-03-05,,Active
2397,5108,1,Basic,9.99,2026-02-28,,Active
2398,5109,26,Pro,24.99,2026-04-23,,Active
2399,5111,7,Pro,24.99,2026-02-24,,Active
2400,5114,6,Pro,24.99,2026-01-07,,Active
2401,5114,10,Basic,9.99,2026-04-22,,Active
2402,5115,6,Basic,9.99,2026-01-28,2026-05-30,Cancelled
2403,5116,24,Pro,24.99,2025-12-12,,Active
2404,5118,7,Pro,24.99,2026-01-22,,Active
2405,5120,4,Basic,9.99,2025-11-12,,Active
2406,5120,2,Pro,24.99,2025-12-16,,Active
2407,5121,1,Basic,9.99,2026-01-30,,Active
2408,5123,6,Team,59.99,2025-12-23,,Active
2409,5127,3,Team,59.99,2025-11-28,,Active
2410,5128,3,Team,59.99,2026-06-24,,Active
2411,5130,1,Basic,9.99,2026-06-09,,Active
2412,5130,5,Basic,9.99,2026-03-07,,Active
2413,5131,22,Basic,9.99,2026-02-10,,Active
2414,5133,25,Pro,24.99,2026-01-06,,Active
2415,5135,19,Basic,9.99,2025-10-18,,Active
2416,5136,25,Basic,9.99,2025-12-25,,Active
2417,5144,28,Pro,24.99,2025-12-25,,Active
2418,5145,9,Pro,24.99,2025-11-28,,Active
2419,5147,2,Pro,24.99,2026-06-13,,Active
2420,5153,24,Basic,9.99,2026-06-19,,Active
2421,5166,22,Basic,9.99,2026-06-13,,Active
2422,5167,19,Pro,24.99,2025-03-17,,Active
2423,5168,2,Pro,24.99,2025-06-24,,Active
2424,5173,2,Basic,9.99,2026-02-02,,Active
2425,5173,25,Basic,9.99,2026-03-30,,Active
2426,5174,10,Basic,9.99,2025-04-04,,Active
2427,5174,5,Pro,24.99,2025-07-25,,Active
2428,5179,13,Basic,9.99,2025-02-22,,Active
2429,5182,14,Team,59.99,2026-01-16,,Active
2430,5182,25,Basic,9.99,2025-11-16,,Active
2431,5183,4,Pro,24.99,2026-03-03,,Active
2432,5183,7,Basic,9.99,2026-06-05,,Active
2433,5184,12,Pro,24.99,2025-12-25,,Active
2434,5184,17,Team,59.99,2026-01-15,,Active
2435,5186,28,Team,59.99,2026-01-12,2026-04-13,Cancelled
2436,5186,26,Basic,9.99,2026-05-03,,Active
2437,5187,22,Team,59.99,2025-12-16,,Active
2438,5189,19,Team,59.99,2026-01-21,,Active
2439,5190,4,Pro,24.99,2026-05-03,,Active
2440,5191,7,Team,59.99,2026-05-09,,Active
2441,5193,5,Pro,24.99,2026-03-05,,Active
2442,5193,6,Team,59.99,2025-10-25,,Active
2443,5194,30,Pro,24.99,2026-01-15,,Active
2444,5194,5,Basic,9.99,2025-11-26,,Active
2445,5201,30,Enterprise,149.99,2026-03-17,,Active
2446,5203,10,Basic,9.99,2026-04-13,,Active
2447,5203,10,Pro,24.99,2025-08-20,,Active
2448,5205,9,Basic,9.99,2026-03-23,,Active
2449,5207,6,Basic,9.99,2026-01-27,,Active
2450,5208,7,Basic,9.99,2025-05-08,,Active
2451,5208,8,Enterprise,149.99,2025-05-11,,Active
2452,5212,2,Pro,24.99,2026-01-19,,Active
2453,5213,7,Enterprise,149.99,2025-12-25,2026-04-19,Cancelled
2454,5214,6,Pro,24.99,2025-08-12,,Active
2455,5220,2,Team,59.99,2026-06-24,,Active
2456,5222,10,Basic,9.99,2025-03-05,,Active
2457,5222,20,Pro,24.99,2025-07-21,,Active
2458,5223,1,Pro,24.99,2026-03-28,,Active
2459,5224,27,Basic,9.99,2025-11-26,,Active
2460,5224,26,Pro,24.99,2025-06-21,,Active
2461,5225,20,Basic,9.99,2026-04-09,,Active
2462,5227,25,Pro,24.99,2025-04-25,,Active
2463,5228,1,Team,59.99,2026-03-21,,Active
2464,5230,11,Basic,9.99,2025-12-17,,Active
2465,5230,1,Team,59.99,2026-06-14,,Active
2466,5234,11,Basic,9.99,2026-04-16,,Active
2467,5240,9,Basic,9.99,2025-09-21,,Active
2468,5241,2,Pro,24.99,2026-04-02,,Active
2469,5243,22,Pro,24.99,2025-11-15,,Active
2470,5246,18,Pro,24.99,2025-11-25,,Active
2471,5247,6,Basic,9.99,2026-01-31,,Active
2472,5247,24,Basic,9.99,2025-11-10,,Active
2473,5248,26,Team,59.99,2025-06-16,2025-11-08,Cancelled
2474,5251,21,Enterprise,149.99,2026-04-01,,Active
2475,5255,4,Pro,24.99,2026-04-12,,Active
2476,5256,7,Pro,24.99,2025-07-08,2025-12-27,Cancelled
2477,5261,12,Enterprise,149.99,2025-12-24,,Active
2478,5262,16,Team,59.99,2025-07-04,,Active
2479,5265,4,Pro,24.99,2026-01-27,,Active
2480,5272,23,Team,59.99,2025-10-31,,Active
2481,5272,22,Basic,9.99,2025-06-09,,Active
2482,5275,5,Pro,24.99,2026-02-22,,Active
2483,5276,19,Basic,9.99,2025-10-21,,Active
2484,5277,4,Pro,24.99,2025-09-13,,Active
2485,5279,8,Enterprise,149.99,2025-05-23,,Active
2486,5280,30,Basic,9.99,2026-01-03,,Active
2487,5284,18,Enterprise,149.99,2026-06-14,,Active
2488,5284,5,Pro,24.99,2026-06-06,,Active
2489,5286,9,Enterprise,149.99,2026-04-13,,Active
2490,5289,3,Pro,24.99,2025-08-17,,Active
2491,5290,7,Team,59.99,2026-04-09,,Active
2492,5291,1,Enterprise,149.99,2025-10-13,,Active
2493,5291,5,Basic,9.99,2025-02-23,,Active
2494,5297,29,Team,59.99,2026-01-10,,Active
2495,5300,3,Basic,9.99,2025-08-17,,Active
2496,5302,25,Team,59.99,2025-07-12,,Active
2497,5304,30,Basic,9.99,2026-04-14,2026-06-19,Cancelled
2498,5304,29,Basic,9.99,2026-04-04,,Active
2499,5307,24,Pro,24.99,2025-07-17,,Active
2500,5311,6,Basic,9.99,2026-04-06,,Active
2501,5312,24,Basic,9.99,2025-09-30,,Active
2502,5313,10,Enterprise,149.99,2026-01-14,,Active
2503,5313,18,Basic,9.99,2026-01-29,,Active
2504,5321,24,Basic,9.99,2025-07-13,2025-10-23,Cancelled
2505,5321,25,Basic,9.99,2025-07-24,,Active
2506,5322,7,Pro,24.99,2025-11-28,2026-02-21,Cancelled
2507,5325,28,Pro,24.99,2026-01-24,,Active
2508,5326,10,Pro,24.99,2025-12-02,2026-03-17,Cancelled
2509,5329,24,Pro,24.99,2026-01-04,2026-04-09,Cancelled
2510,5330,8,Pro,24.99,2026-01-06,,Active
2511,5331,25,Basic,9.99,2026-03-21,,Active
2512,5332,21,Basic,9.99,2026-04-01,,Active
2513,5333,23,Basic,9.99,2026-02-15,2026-05-20,Cancelled
2514,5338,25,Basic,9.99,2025-10-13,2026-01-22,Cancelled
2515,5339,16,Pro,24.99,2025-07-18,2025-08-31,Cancelled
2516,5340,22,Enterprise,149.99,2025-11-19,,Active
2517,5341,9,Enterprise,149.99,2025-04-13,,Active
2518,5341,20,Basic,9.99,2025-04-16,,Active
2519,5342,25,Basic,9.99,2026-02-13,,Active
2520,5345,11,Basic,9.99,2026-04-13,,Active
2521,5347,9,Basic,9.99,2025-04-04,,Active
2522,5349,7,Basic,9.99,2026-03-10,,Active
2523,5351,16,Pro,24.99,2026-01-27,,Active
2524,5352,23,Pro,24.99,2026-03-20,,Active
2525,5352,23,Pro,24.99,2026-01-21,2026-05-06,Cancelled
2526,5353,29,Basic,9.99,2026-04-23,,Active
2527,5354,10,Team,59.99,2025-11-17,,Active
2528,5355,9,Team,59.99,2025-10-11,,Active
2529,5357,21,Team,59.99,2026-04-25,,Active
2530,5359,23,Pro,24.99,2025-09-20,,Active
2531,5365,21,Basic,9.99,2025-12-02,2026-01-26,Cancelled
2532,5365,5,Team,59.99,2026-04-04,,Active
2533,5370,3,Basic,9.99,2025-08-25,,Active
2534,5370,4,Basic,9.99,2025-09-04,,Active
2535,5371,20,Pro,24.99,2025-12-05,,Active
2536,5374,19,Team,59.99,2025-09-03,,Active
2537,5375,24,Pro,24.99,2026-01-08,,Active
2538,5379,12,Basic,9.99,2026-01-04,,Active
2539,5381,19,Pro,24.99,2025-07-15,,Active
2540,5388,10,Pro,24.99,2026-04-28,,Active
2541,5388,26,Basic,9.99,2025-10-13,2026-01-20,Cancelled
2542,5389,22,Pro,24.99,2025-05-02,,Active
2543,5390,24,Basic,9.99,2026-02-24,,Active
2544,5390,6,Basic,9.99,2025-12-22,,Active
2545,5393,24,Basic,9.99,2025-12-24,2026-05-28,Cancelled
2546,5394,5,Pro,24.99,2026-06-09,,Active
2547,5399,28,Team,59.99,2026-01-29,,Active
2548,5400,14,Basic,9.99,2026-02-18,,Active
2549,5400,16,Team,59.99,2026-04-18,,Active
2550,5403,18,Basic,9.99,2026-02-05,2026-04-19,Cancelled
2551,5404,29,Team,59.99,2025-08-04,,Active
2552,5405,24,Basic,9.99,2026-04-04,,Active
2553,5405,2,Basic,9.99,2026-06-04,,Active
2554,5407,22,Pro,24.99,2026-03-25,2026-04-30,Cancelled
2555,5409,30,Basic,9.99,2025-04-12,,Active
2556,5413,29,Basic,9.99,2026-04-08,,Active
2557,5413,29,Pro,24.99,2026-06-20,,Active
2558,5414,6,Basic,9.99,2025-09-06,,Active
2559,5414,14,Basic,9.99,2025-11-08,,Active
2560,5417,21,Basic,9.99,2026-01-11,,Active
2561,5419,29,Pro,24.99,2025-05-23,,Active
2562,5422,1,Enterprise,149.99,2025-07-16,,Active
2563,5428,24,Basic,9.99,2025-06-25,,Active
2564,5428,22,Basic,9.99,2025-09-30,2025-11-26,Cancelled
2565,5429,8,Basic,9.99,2026-06-02,,Active
2566,5431,21,Basic,9.99,2025-06-12,,Active
2567,5432,4,Team,59.99,2026-01-07,2026-06-01,Cancelled
2568,5433,6,Pro,24.99,2025-03-24,,Active
2569,5435,8,Basic,9.99,2025-11-12,,Active
2570,5437,25,Basic,9.99,2026-01-17,,Active
2571,5438,3,Team,59.99,2025-10-14,,Active
2572,5440,11,Team,59.99,2025-11-01,,Active
2573,5446,21,Pro,24.99,2025-01-27,,Active
2574,5448,25,Team,59.99,2025-08-27,,Active
2575,5449,15,Basic,9.99,2026-05-14,,Active
2576,5457,1,Pro,24.99,2026-05-28,,Active
2577,5457,2,Basic,9.99,2026-05-12,,Active
2578,5458,1,Basic,9.99,2026-06-09,,Active
2579,5460,15,Basic,9.99,2025-09-26,,Active
2580,5460,15,Pro,24.99,2025-06-15,2025-08-06,Cancelled
2581,5461,28,Basic,9.99,2025-05-14,,Active
2582,5461,14,Basic,9.99,2025-06-12,,Active
2583,5463,11,Basic,9.99,2026-04-09,,Active
2584,5464,10,Pro,24.99,2026-06-03,,Active
2585,5464,19,Pro,24.99,2026-03-26,,Active
2586,5466,24,Basic,9.99,2025-06-21,,Active
2587,5469,11,Team,59.99,2026-02-13,,Active
2588,5473,14,Team,59.99,2026-04-03,,Active
2589,5475,8,Pro,24.99,2026-06-17,,Active
2590,5475,11,Basic,9.99,2025-12-17,,Active
2591,5479,6,Basic,9.99,2026-04-23,,Active
2592,5480,27,Pro,24.99,2026-01-25,2026-05-19,Cancelled
2593,5480,9,Team,59.99,2025-11-21,2026-05-02,Cancelled
2594,5481,20,Pro,24.99,2025-10-30,,Active
2595,5482,1,Team,59.99,2026-06-15,,Active
2596,5482,2,Basic,9.99,2026-05-14,,Active
2597,5487,10,Pro,24.99,2026-06-08,,Active
2598,5488,19,Basic,9.99,2025-12-21,,Active
2599,5488,2,Pro,24.99,2025-09-24,2025-12-25,Cancelled
2600,5493,24,Pro,24.99,2025-08-31,2025-10-14,Cancelled
2601,5500,2,Team,59.99,2026-05-22,,Active
2602,5504,19,Pro,24.99,2025-10-10,,Active
2603,5504,19,Pro,24.99,2025-08-23,,Active
2604,5505,14,Pro,24.99,2026-01-17,,Active
2605,5505,7,Team,59.99,2025-06-12,2025-09-11,Cancelled
2606,5506,22,Basic,9.99,2025-06-16,,Active
2607,5507,18,Pro,24.99,2025-05-10,,Active
2608,5508,21,Team,59.99,2025-07-05,,Active
2609,5510,1,Team,59.99,2025-09-08,,Active
2610,5511,6,Pro,24.99,2026-04-17,,Active
2611,5513,25,Basic,9.99,2026-06-10,,Active
2612,5513,10,Basic,9.99,2026-03-18,,Active
2613,5517,3,Basic,9.99,2025-05-27,,Active
2614,5518,18,Team,59.99,2025-02-22,2025-08-13,Cancelled
2615,5522,20,Basic,9.99,2026-02-04,,Active
2616,5522,21,Pro,24.99,2026-06-24,,Active
2617,5524,5,Basic,9.99,2026-02-28,,Active
2618,5530,2,Team,59.99,2025-12-16,,Active
2619,5534,25,Pro,24.99,2025-10-20,2026-01-11,Cancelled
2620,5534,7,Basic,9.99,2026-01-01,,Active
2621,5538,11,Pro,24.99,2026-04-08,,Active
2622,5539,6,Pro,24.99,2025-05-18,2025-06-23,Cancelled
2623,5540,20,Team,59.99,2025-09-18,,Active
2624,5541,21,Basic,9.99,2025-07-21,2025-12-27,Cancelled
2625,5543,22,Basic,9.99,2025-03-03,,Active
2626,5545,7,Team,59.99,2025-12-24,,Active
2627,5545,3,Team,59.99,2025-12-11,,Active
2628,5554,9,Basic,9.99,2025-08-22,,Active
2629,5555,8,Enterprise,149.99,2026-05-29,,Active
2630,5556,6,Pro,24.99,2026-03-03,,Active
2631,5557,25,Pro,24.99,2026-04-16,,Active
2632,5559,14,Basic,9.99,2026-03-21,,Active
2633,5560,22,Pro,24.99,2025-04-29,,Active
2634,5562,9,Basic,9.99,2026-03-04,,Active
2635,5565,6,Team,59.99,2025-11-04,,Active
2636,5566,15,Basic,9.99,2026-06-11,,Active
2637,5567,22,Basic,9.99,2025-10-26,,Active
2638,5568,19,Team,59.99,2025-11-11,,Active
2639,5569,10,Basic,9.99,2025-03-06,,Active
2640,5569,25,Team,59.99,2025-12-14,,Active
2641,5570,5,Pro,24.99,2026-06-30,,Active
2642,5571,24,Pro,24.99,2025-04-30,,Active
2643,5571,5,Basic,9.99,2025-03-11,2025-08-14,Cancelled
2644,5576,8,Basic,9.99,2026-06-10,,Active
2645,5578,11,Basic,9.99,2025-04-18,,Active
2646,5582,3,Basic,9.99,2025-07-22,2025-11-26,Cancelled
2647,5582,1,Basic,9.99,2025-02-18,,Active
2648,5592,8,Pro,24.99,2025-10-01,,Active
2649,5592,28,Pro,24.99,2026-03-09,,Active
2650,5593,7,Pro,24.99,2026-02-10,,Active
2651,5598,5,Pro,24.99,2026-06-22,,Active
2652,5598,29,Team,59.99,2026-06-20,,Active
2653,5600,3,Pro,24.99,2025-11-08,,Active
2654,5602,23,Basic,9.99,2025-10-18,,Active
2655,5606,24,Pro,24.99,2026-02-23,,Active
2656,5609,20,Basic,9.99,2025-12-04,,Active
2657,5609,19,Pro,24.99,2026-02-16,,Active
2658,5610,18,Team,59.99,2026-01-23,,Active
2659,5611,4,Basic,9.99,2026-05-18,,Active
2660,5616,7,Team,59.99,2026-06-28,,Active
2661,5618,9,Team,59.99,2025-06-06,,Active
2662,5621,10,Basic,9.99,2026-01-02,,Active
2663,5622,25,Basic,9.99,2025-03-19,,Active
2664,5622,11,Pro,24.99,2025-07-24,,Active
2665,5623,20,Basic,9.99,2025-02-12,,Active
2666,5624,7,Basic,9.99,2025-10-09,2025-11-28,Cancelled
2667,5625,11,Basic,9.99,2026-02-20,,Active
2668,5626,11,Team,59.99,2026-02-12,2026-04-09,Cancelled
2669,5627,2,Basic,9.99,2026-06-15,,Active
2670,5627,10,Basic,9.99,2026-05-11,,Active
2671,5631,12,Pro,24.99,2026-06-24,,Active
2672,5633,11,Team,59.99,2026-04-09,,Active
2673,5637,19,Basic,9.99,2026-01-21,,Active
2674,5640,22,Pro,24.99,2025-05-13,,Active
2675,5641,22,Basic,9.99,2026-05-15,,Active
2676,5641,22,Basic,9.99,2026-05-07,,Active
2677,5642,21,Enterprise,149.99,2025-09-30,,Active
2678,5646,6,Basic,9.99,2026-06-06,,Active
2679,5658,11,Pro,24.99,2025-09-21,,Active
2680,5659,8,Team,59.99,2025-08-03,,Active
2681,5660,2,Basic,9.99,2025-11-17,2026-02-08,Cancelled
2682,5660,19,Pro,24.99,2025-11-10,,Active
2683,5661,7,Basic,9.99,2026-02-03,,Active
2684,5661,11,Basic,9.99,2025-09-06,,Active
2685,5664,23,Basic,9.99,2026-01-25,,Active
2686,5665,25,Team,59.99,2025-03-23,,Active
2687,5668,14,Team,59.99,2026-04-10,,Active
2688,5669,19,Basic,9.99,2025-10-05,,Active
2689,5672,20,Team,59.99,2025-09-27,,Active
2690,5681,12,Pro,24.99,2025-02-28,,Active
2691,5681,16,Pro,24.99,2025-05-17,,Active
2692,5686,8,Basic,9.99,2025-09-23,,Active
2693,5686,21,Basic,9.99,2026-01-26,,Active
2694,5688,21,Pro,24.99,2026-04-06,,Active
2695,5691,10,Pro,24.99,2025-05-24,,Active
2696,5692,28,Team,59.99,2026-06-25,,Active
2697,5696,25,Basic,9.99,2026-06-27,,Active
2698,5697,5,Basic,9.99,2025-04-23,2025-10-12,Cancelled
2699,5698,5,Basic,9.99,2025-08-12,,Active
2700,5701,23,Basic,9.99,2025-09-08,,Active
2701,5701,20,Team,59.99,2025-08-18,,Active
2702,5702,4,Basic,9.99,2026-04-10,,Active
2703,5702,20,Pro,24.99,2026-05-20,,Active
2704,5703,11,Pro,24.99,2025-09-17,,Active
2705,5703,11,Pro,24.99,2025-12-27,,Active
2706,5704,9,Basic,9.99,2025-11-04,,Active
2707,5704,25,Basic,9.99,2025-07-10,,Active
2708,5706,3,Team,59.99,2026-03-18,2026-06-08,Cancelled
2709,5707,18,Basic,9.99,2026-04-07,,Active
2710,5707,19,Pro,24.99,2026-03-13,,Active
2711,5710,4,Pro,24.99,2026-01-04,2026-06-02,Cancelled
2712,5710,7,Basic,9.99,2026-02-24,2026-06-09,Cancelled
2713,5712,7,Basic,9.99,2026-06-19,,Active
2714,5714,10,Basic,9.99,2026-06-02,,Active
2715,5718,29,Pro,24.99,2025-08-23,,Active
2716,5721,11,Basic,9.99,2026-02-09,,Active
2717,5723,29,Pro,24.99,2025-10-13,,Active
2718,5725,19,Basic,9.99,2025-12-22,2026-05-04,Cancelled
2719,5727,19,Basic,9.99,2025-12-16,,Active
2720,5727,9,Pro,24.99,2026-03-20,,Active
2721,5728,13,Basic,9.99,2026-06-04,,Active
2722,5728,25,Team,59.99,2026-03-25,,Active
2723,5729,4,Basic,9.99,2026-04-24,,Active
2724,5732,20,Enterprise,149.99,2025-11-19,,Active
2725,5735,7,Basic,9.99,2025-10-08,,Active
2726,5742,30,Basic,9.99,2026-05-17,,Active
2727,5748,22,Pro,24.99,2025-08-25,2025-11-27,Cancelled
2728,5750,21,Pro,24.99,2026-04-29,,Active
2729,5752,6,Basic,9.99,2025-08-13,,Active
2730,5752,15,Basic,9.99,2025-05-18,,Active
2731,5753,21,Pro,24.99,2025-07-24,,Active
2732,5757,1,Pro,24.99,2026-04-21,,Active
2733,5762,2,Pro,24.99,2025-03-17,,Active
2734,5762,1,Pro,24.99,2025-01-21,,Active
2735,5765,8,Basic,9.99,2026-02-28,,Active
2736,5765,23,Team,59.99,2026-05-06,,Active
2737,5767,24,Team,59.99,2025-03-15,2025-07-30,Cancelled
2738,5771,13,Pro,24.99,2025-11-13,,Active
2739,5772,16,Pro,24.99,2026-03-28,,Active
2740,5778,9,Pro,24.99,2026-06-04,,Active
2741,5781,20,Basic,9.99,2026-06-22,,Active
2742,5781,9,Basic,9.99,2026-03-21,,Active
2743,5782,24,Enterprise,149.99,2025-06-07,,Active
2744,5782,24,Basic,9.99,2025-07-03,2025-09-07,Cancelled
2745,5783,11,Basic,9.99,2026-02-16,,Active
2746,5784,23,Pro,24.99,2026-06-16,,Active
2747,5785,3,Basic,9.99,2026-03-13,,Active
2748,5786,10,Basic,9.99,2026-06-07,,Active
2749,5787,8,Pro,24.99,2025-10-04,,Active
2750,5788,28,Basic,9.99,2026-05-08,,Active
2751,5790,27,Enterprise,149.99,2026-06-07,,Active
2752,5791,11,Pro,24.99,2026-04-02,,Active
2753,5793,8,Basic,9.99,2025-05-20,,Active
2754,5797,20,Pro,24.99,2026-06-20,,Active
2755,5797,1,Basic,9.99,2025-12-17,,Active
2756,5798,7,Pro,24.99,2025-12-27,,Active
2757,5798,10,Basic,9.99,2026-05-19,,Active
2758,5800,6,Basic,9.99,2025-12-11,,Active
2759,5804,3,Basic,9.99,2026-02-14,,Active
2760,5806,14,Pro,24.99,2025-07-10,,Active
2761,5806,16,Pro,24.99,2025-11-02,,Active
2762,5807,17,Basic,9.99,2025-12-17,,Active
2763,5808,9,Enterprise,149.99,2025-10-04,,Active
2764,5809,4,Pro,24.99,2026-02-18,,Active
2765,5812,3,Basic,9.99,2026-02-17,2026-06-17,Cancelled
2766,5814,6,Basic,9.99,2025-12-24,,Active
2767,5815,7,Pro,24.99,2026-04-03,,Active
2768,5817,22,Pro,24.99,2025-11-21,,Active
2769,5823,7,Team,59.99,2025-09-28,,Active
2770,5823,19,Basic,9.99,2026-01-18,,Active
2771,5824,21,Basic,9.99,2025-08-26,,Active
2772,5825,8,Basic,9.99,2026-05-29,,Active
2773,5828,11,Pro,24.99,2025-10-22,,Active
2774,5829,18,Pro,24.99,2026-04-24,,Active
2775,5831,18,Basic,9.99,2026-01-12,,Active
2776,5833,27,Pro,24.99,2025-08-03,2025-10-18,Cancelled
2777,5838,3,Basic,9.99,2025-08-17,,Active
2778,5839,5,Team,59.99,2025-10-31,,Active
2779,5840,30,Basic,9.99,2026-03-18,,Active
2780,5842,25,Pro,24.99,2025-07-14,,Active
2781,5844,10,Basic,9.99,2025-06-10,,Active
2782,5845,5,Team,59.99,2026-01-16,,Active
2783,5846,3,Team,59.99,2026-05-29,,Active
2784,5848,26,Basic,9.99,2025-05-13,,Active
2785,5848,13,Pro,24.99,2025-09-14,,Active
2786,5851,4,Basic,9.99,2026-04-26,,Active
2787,5851,3,Basic,9.99,2026-03-03,,Active
2788,5853,4,Enterprise,149.99,2026-05-19,,Active
2789,5854,28,Basic,9.99,2025-08-28,,Active
2790,5854,7,Basic,9.99,2025-07-25,,Active
2791,5859,11,Basic,9.99,2026-02-06,,Active
2792,5860,23,Basic,9.99,2026-04-06,,Active
2793,5868,3,Basic,9.99,2025-08-26,,Active
2794,5868,1,Pro,24.99,2025-11-25,,Active
2795,5869,5,Basic,9.99,2025-08-18,,Active
2796,5871,8,Pro,24.99,2025-08-20,,Active
2797,5872,11,Pro,24.99,2026-01-30,,Active
2798,5872,10,Pro,24.99,2026-04-16,,Active
2799,5874,3,Basic,9.99,2026-06-26,,Active
2800,5877,20,Enterprise,149.99,2025-06-10,,Active
2801,5877,8,Basic,9.99,2025-10-24,,Active
2802,5878,5,Team,59.99,2026-05-18,,Active
2803,5880,23,Basic,9.99,2026-06-22,,Active
2804,5883,21,Pro,24.99,2026-05-04,,Active
2805,5884,10,Basic,9.99,2026-01-16,,Active
2806,5886,4,Enterprise,149.99,2025-09-21,2026-02-24,Cancelled
2807,5888,30,Pro,24.99,2026-02-17,,Active
2808,5888,30,Basic,9.99,2026-01-10,,Active
2809,5891,8,Team,59.99,2025-11-18,2026-02-07,Cancelled
2810,5895,20,Pro,24.99,2025-11-23,,Active
2811,5897,13,Team,59.99,2025-10-16,,Active
2812,5897,24,Team,59.99,2026-05-20,,Active
2813,5899,15,Basic,9.99,2025-09-27,,Active
2814,5900,8,Pro,24.99,2025-08-08,,Active
2815,5900,7,Pro,24.99,2025-11-19,2026-04-20,Cancelled
2816,5903,3,Basic,9.99,2025-09-30,,Active
2817,5903,21,Team,59.99,2025-08-13,,Active
2818,5906,23,Pro,24.99,2025-12-26,,Active
2819,5907,16,Basic,9.99,2025-11-27,,Active
2820,5910,10,Basic,9.99,2025-08-21,,Active
2821,5910,28,Basic,9.99,2025-08-24,,Active
2822,5911,6,Basic,9.99,2025-08-10,,Active
2823,5913,25,Pro,24.99,2025-12-22,,Active
2824,5914,22,Basic,9.99,2025-05-21,,Active
2825,5915,6,Pro,24.99,2025-10-27,,Active
2826,5918,28,Pro,24.99,2026-01-30,,Active
2827,5923,24,Team,59.99,2026-06-19,,Active
2828,5923,24,Pro,24.99,2026-06-02,,Active
2829,5924,21,Team,59.99,2026-02-11,,Active
2830,5925,2,Basic,9.99,2026-04-29,,Active
2831,5925,3,Basic,9.99,2025-09-06,,Active
2832,5928,21,Basic,9.99,2026-06-01,,Active
2833,5932,28,Basic,9.99,2025-08-17,,Active
2834,5933,27,Basic,9.99,2026-06-25,,Active
2835,5939,2,Pro,24.99,2025-12-23,,Active
2836,5939,20,Team,59.99,2025-12-31,,Active
2837,5941,19,Pro,24.99,2026-01-21,,Active
2838,5941,19,Basic,9.99,2025-09-24,,Active
2839,5942,3,Pro,24.99,2025-12-09,,Active
2840,5944,21,Pro,24.99,2026-05-25,,Active
2841,5944,19,Pro,24.99,2026-06-03,,Active
2842,5945,13,Team,59.99,2026-02-20,,Active
2843,5950,23,Pro,24.99,2026-03-15,,Active
2844,5954,29,Basic,9.99,2025-06-30,,Active
2845,5956,11,Basic,9.99,2025-11-17,,Active
2846,5962,20,Basic,9.99,2025-07-15,,Active
2847,5965,17,Enterprise,149.99,2026-04-24,,Active
2848,5974,3,Basic,9.99,2026-04-15,,Active
2849,5974,4,Basic,9.99,2026-02-14,,Active
2850,5976,11,Pro,24.99,2026-03-10,,Active
2851,5976,19,Basic,9.99,2026-06-20,,Active
2852,5977,7,Pro,24.99,2025-10-29,,Active
2853,5983,15,Basic,9.99,2026-03-10,,Active
2854,5987,23,Basic,9.99,2026-02-10,,Active
2855,5988,25,Basic,9.99,2025-10-02,,Active
2856,5989,25,Basic,9.99,2025-08-17,,Active
2857,5990,11,Basic,9.99,2026-06-20,,Active
2858,5996,24,Basic,9.99,2026-01-27,,Active
2859,5998,20,Basic,9.99,2026-03-13,,Active
2860,5999,14,Enterprise,149.99,2026-04-10,,Active
2861,5999,7,Team,59.99,2026-05-21,,Active
2862,6007,20,Enterprise,149.99,2025-11-20,2026-02-24,Cancelled
2863,6008,10,Basic,9.99,2025-07-25,,Active
2864,6008,9,Basic,9.99,2025-11-05,,Active
2865,6009,14,Pro,24.99,2026-06-10,,Active
2866,6019,5,Basic,9.99,2025-05-17,,Active
2867,6019,15,Basic,9.99,2025-09-09,,Active
2868,6023,14,Team,59.99,2025-02-28,,Active
2869,6025,10,Pro,24.99,2025-05-20,,Active
2870,6027,14,Pro,24.99,2026-02-23,,Active
2871,6028,14,Team,59.99,2026-01-19,,Active
2872,6029,6,Pro,24.99,2026-05-31,,Active
2873,6029,24,Basic,9.99,2026-03-03,,Active
2874,6031,27,Pro,24.99,2025-12-04,,Active
2875,6032,8,Pro,24.99,2025-12-16,,Active
2876,6032,28,Basic,9.99,2025-04-11,,Active
2877,6034,1,Basic,9.99,2026-01-31,,Active
2878,6035,9,Basic,9.99,2026-04-06,,Active
2879,6038,10,Pro,24.99,2025-07-24,,Active
2880,6039,1,Pro,24.99,2026-06-18,,Active
2881,6044,15,Pro,24.99,2025-06-12,,Active
2882,6045,17,Pro,24.99,2026-01-07,,Active
2883,6049,8,Pro,24.99,2025-10-19,,Active
2884,6050,28,Pro,24.99,2026-05-24,,Active
2885,6055,15,Basic,9.99,2025-11-29,,Active
2886,6064,22,Basic,9.99,2025-06-23,2025-10-22,Cancelled
2887,6065,2,Enterprise,149.99,2025-12-09,,Active
2888,6068,5,Basic,9.99,2026-06-15,,Active
2889,6076,7,Basic,9.99,2026-02-19,,Active
2890,6077,18,Pro,24.99,2026-04-06,,Active
2891,6083,27,Team,59.99,2025-12-20,,Active
2892,6085,25,Pro,24.99,2026-05-30,,Active
2893,6085,5,Pro,24.99,2026-05-15,,Active
2894,6088,2,Basic,9.99,2025-11-09,,Active
2895,6088,1,Basic,9.99,2026-02-17,,Active
2896,6089,25,Basic,9.99,2025-10-30,,Active
2897,6091,7,Basic,9.99,2026-01-16,,Active
2898,6091,24,Basic,9.99,2026-06-29,,Active
2899,6092,7,Basic,9.99,2026-04-29,,Active
2900,6094,29,Pro,24.99,2025-09-23,,Active
2901,6097,3,Enterprise,149.99,2026-03-29,,Active
2902,6098,5,Basic,9.99,2025-10-21,,Active
2903,6102,4,Pro,24.99,2025-09-11,,Active
2904,6103,8,Basic,9.99,2026-06-20,,Active
2905,6104,21,Enterprise,149.99,2026-04-11,,Active
2906,6105,24,Pro,24.99,2025-05-12,2025-07-05,Cancelled
2907,6107,2,Enterprise,149.99,2025-10-14,2026-02-15,Cancelled
2908,6108,24,Team,59.99,2025-11-24,,Active
2909,6108,24,Team,59.99,2025-11-21,,Active
2910,6111,26,Basic,9.99,2025-09-01,,Active
2911,6112,7,Pro,24.99,2026-02-06,2026-06-30,Cancelled
2912,6117,19,Pro,24.99,2026-05-18,,Active
2913,6118,24,Basic,9.99,2026-03-26,,Active
2914,6118,24,Basic,9.99,2026-03-30,,Active
2915,6121,13,Pro,24.99,2025-07-28,,Active
2916,6128,10,Team,59.99,2026-03-13,,Active
2917,6128,10,Basic,9.99,2026-03-09,,Active
2918,6136,11,Team,59.99,2026-03-30,,Active
2919,6137,10,Basic,9.99,2026-03-19,,Active
2920,6138,10,Pro,24.99,2026-02-05,,Active
2921,6138,30,Basic,9.99,2025-07-18,,Active
2922,6144,29,Pro,24.99,2026-01-25,2026-05-01,Cancelled
2923,6145,24,Pro,24.99,2026-02-20,,Active
2924,6145,24,Basic,9.99,2026-06-13,,Active
2925,6148,29,Pro,24.99,2025-06-29,,Active
2926,6148,30,Pro,24.99,2025-10-31,,Active
2927,6151,17,Basic,9.99,2025-07-29,,Active
2928,6154,1,Basic,9.99,2025-11-08,2026-04-30,Cancelled
2929,6155,24,Team,59.99,2025-11-13,,Active
2930,6156,27,Pro,24.99,2026-03-26,,Active
2931,6158,5,Basic,9.99,2026-03-01,,Active
2932,6158,10,Enterprise,149.99,2026-04-27,,Active
2933,6160,13,Basic,9.99,2025-12-27,,Active
2934,6165,14,Basic,9.99,2026-03-11,,Active
2935,6168,11,Basic,9.99,2025-03-24,,Active
2936,6170,2,Team,59.99,2026-01-29,,Active
2937,6175,30,Pro,24.99,2026-03-04,,Active
2938,6179,14,Basic,9.99,2025-08-26,,Active
2939,6180,18,Pro,24.99,2025-11-08,2026-04-25,Cancelled
2940,6180,9,Pro,24.99,2026-02-24,,Active
2941,6184,22,Basic,9.99,2026-03-19,,Active
2942,6187,30,Basic,9.99,2025-10-23,,Active
2943,6187,30,Basic,9.99,2025-06-24,,Active
2944,6194,11,Pro,24.99,2026-03-25,,Active
2945,6196,20,Basic,9.99,2025-12-06,,Active
2946,6197,20,Team,59.99,2025-11-28,,Active
2947,6198,9,Enterprise,149.99,2026-04-19,,Active
2948,6208,22,Pro,24.99,2025-10-20,,Active
2949,6209,11,Basic,9.99,2025-10-14,,Active
2950,6211,19,Basic,9.99,2025-07-05,2025-12-18,Cancelled
2951,6211,18,Team,59.99,2025-08-22,,Active
2952,6212,10,Pro,24.99,2026-04-09,,Active
2953,6212,18,Basic,9.99,2026-06-24,,Active
2954,6213,8,Basic,9.99,2025-10-03,,Active
2955,6215,14,Enterprise,149.99,2026-01-10,,Active
2956,6218,21,Basic,9.99,2026-03-20,,Active
2957,6221,30,Pro,24.99,2025-11-04,,Active
2958,6223,30,Team,59.99,2025-06-19,2025-10-03,Cancelled
2959,6223,30,Enterprise,149.99,2025-04-03,,Active
2960,6226,8,Pro,24.99,2026-04-01,,Active
2961,6226,23,Pro,24.99,2026-01-12,,Active
2962,6230,24,Pro,24.99,2026-03-25,,Active
2963,6232,10,Enterprise,149.99,2026-05-03,,Active
2964,6234,24,Team,59.99,2025-10-28,,Active
2965,6235,21,Pro,24.99,2025-09-04,,Active
2966,6236,7,Basic,9.99,2025-11-21,,Active
2967,6236,24,Enterprise,149.99,2026-04-11,,Active
2968,6247,6,Basic,9.99,2026-02-04,,Active
2969,6248,5,Pro,24.99,2025-10-25,,Active
2970,6248,7,Team,59.99,2025-05-24,2025-06-27,Cancelled
2971,6255,22,Pro,24.99,2026-04-15,,Active
2972,6256,5,Pro,24.99,2026-01-06,,Active
2973,6264,7,Pro,24.99,2026-04-09,,Active
2974,6266,10,Basic,9.99,2025-08-03,2025-12-24,Cancelled
2975,6267,30,Basic,9.99,2026-03-09,,Active
2976,6268,24,Pro,24.99,2025-12-28,2026-05-12,Cancelled
2977,6268,23,Pro,24.99,2025-11-26,,Active
2978,6269,3,Pro,24.99,2025-06-02,,Active
2979,6276,24,Enterprise,149.99,2025-03-16,,Active
2980,6276,5,Pro,24.99,2025-04-14,,Active
2981,6277,17,Basic,9.99,2026-03-23,,Active
2982,6279,21,Pro,24.99,2025-10-12,,Active
2983,6281,22,Pro,24.99,2025-12-08,,Active
2984,6282,16,Basic,9.99,2025-11-18,,Active
2985,6283,17,Pro,24.99,2025-08-24,,Active
2986,6286,24,Basic,9.99,2025-09-20,,Active
2987,6290,4,Team,59.99,2026-01-01,,Active
2988,6294,23,Basic,9.99,2026-04-10,,Active
2989,6298,15,Pro,24.99,2026-03-07,,Active
2990,6299,15,Basic,9.99,2025-11-25,,Active
2991,6300,3,Basic,9.99,2025-10-03,,Active
2992,6300,2,Team,59.99,2025-10-25,,Active
2993,6305,11,Basic,9.99,2025-12-02,,Active
2994,6305,5,Pro,24.99,2025-08-20,,Active
2995,6308,14,Team,59.99,2025-05-07,,Active
2996,6309,24,Team,59.99,2025-11-29,,Active
2997,6312,2,Basic,9.99,2026-01-07,,Active
2998,6312,24,Basic,9.99,2026-04-29,,Active
2999,6313,7,Pro,24.99,2026-04-28,,Active
3000,6316,3,Pro,24.99,2025-09-19,,Active
3001,6317,15,Basic,9.99,2025-10-28,,Active
3002,6320,22,Basic,9.99,2026-03-16,,Active
3003,6323,18,Team,59.99,2025-02-27,,Active
3004,6323,22,Pro,24.99,2025-07-25,,Active
3005,6324,13,Basic,9.99,2026-03-17,,Active
3006,6325,23,Team,59.99,2026-01-02,,Active
3007,6325,10,Team,59.99,2026-06-25,,Active
3008,6327,3,Team,59.99,2025-10-19,,Active
3009,6327,7,Basic,9.99,2025-04-02,,Active
3010,6329,14,Basic,9.99,2025-03-03,2025-07-26,Cancelled
3011,6330,6,Pro,24.99,2025-10-07,,Active
3012,6335,21,Team,59.99,2025-07-21,,Active
3013,6336,20,Pro,24.99,2026-02-02,,Active
3014,6345,9,Pro,24.99,2025-09-21,,Active
3015,6347,4,Basic,9.99,2026-03-28,,Active
3016,6349,1,Basic,9.99,2026-03-29,,Active
3017,6351,11,Pro,24.99,2025-07-28,,Active
3018,6352,16,Team,59.99,2025-07-16,,Active
3019,6353,1,Pro,24.99,2026-05-03,,Active
3020,6354,8,Basic,9.99,2026-02-23,,Active
3021,6355,8,Pro,24.99,2025-09-18,2026-01-21,Cancelled
3022,6356,19,Pro,24.99,2025-05-20,,Active
3023,6356,3,Pro,24.99,2025-06-13,,Active
3024,6359,16,Pro,24.99,2026-04-22,,Active
3025,6360,25,Enterprise,149.99,2025-07-24,,Active
3026,6362,23,Team,59.99,2025-12-25,,Active
3027,6363,14,Basic,9.99,2025-06-11,,Active
3028,6363,18,Pro,24.99,2025-11-26,2026-01-06,Cancelled
3029,6364,4,Basic,9.99,2026-06-19,,Active
3030,6367,15,Pro,24.99,2025-06-29,,Active
3031,6367,28,Basic,9.99,2025-11-23,,Active
3032,6368,26,Pro,24.99,2026-05-09,,Active
3033,6370,10,Basic,9.99,2025-06-04,,Active
3034,6371,21,Pro,24.99,2026-04-25,,Active
3035,6374,25,Basic,9.99,2026-03-13,,Active
3036,6375,8,Team,59.99,2025-04-21,,Active
3037,6376,22,Basic,9.99,2025-10-09,,Active
3038,6379,26,Basic,9.99,2025-03-27,,Active
3039,6380,11,Basic,9.99,2026-05-12,,Active
3040,6381,10,Basic,9.99,2026-06-03,,Active
3041,6384,23,Basic,9.99,2025-02-10,,Active
3042,6384,14,Basic,9.99,2025-05-04,,Active
3043,6390,2,Basic,9.99,2025-10-17,2026-04-05,Cancelled
3044,6393,3,Pro,24.99,2025-03-13,,Active
3045,6393,1,Pro,24.99,2025-09-24,,Active
3046,6395,30,Pro,24.99,2025-07-22,,Active
3047,6396,22,Pro,24.99,2025-08-13,,Active
3048,6400,11,Pro,24.99,2025-02-11,,Active
3049,6400,27,Basic,9.99,2025-10-05,,Active
3050,6407,1,Basic,9.99,2026-02-02,2026-03-13,Cancelled
3051,6408,7,Basic,9.99,2026-01-12,,Active
3052,6408,22,Team,59.99,2026-01-12,,Active
3053,6410,10,Basic,9.99,2025-08-18,,Active
3054,6410,22,Basic,9.99,2025-12-07,,Active
3055,6413,3,Basic,9.99,2026-04-01,,Active
3056,6414,10,Pro,24.99,2026-06-18,,Active
3057,6415,12,Basic,9.99,2025-10-14,,Active
3058,6415,12,Basic,9.99,2025-12-28,,Active
3059,6420,19,Basic,9.99,2025-05-12,,Active
3060,6423,10,Pro,24.99,2025-01-22,2025-03-20,Cancelled
3061,6424,15,Basic,9.99,2025-09-30,2026-03-01,Cancelled
3062,6425,10,Team,59.99,2026-02-16,,Active
3063,6426,21,Team,59.99,2026-03-05,2026-04-23,Cancelled
3064,6426,21,Team,59.99,2026-06-09,,Active
3065,6431,5,Team,59.99,2025-07-22,2025-12-13,Cancelled
3066,6433,7,Pro,24.99,2025-07-22,,Active
3067,6438,18,Pro,24.99,2025-02-12,,Active
3068,6443,28,Basic,9.99,2026-05-09,,Active
3069,6446,6,Pro,24.99,2025-11-14,2026-03-20,Cancelled
3070,6447,22,Team,59.99,2025-12-06,,Active
3071,6450,6,Basic,9.99,2025-11-19,,Active
3072,6450,10,Pro,24.99,2025-07-19,,Active
3073,6452,20,Pro,24.99,2026-05-08,,Active
3074,6459,15,Team,59.99,2026-06-30,,Active
3075,6459,26,Pro,24.99,2026-05-16,,Active
3076,6460,19,Enterprise,149.99,2025-10-06,,Active
3077,6460,20,Pro,24.99,2025-06-11,,Active
3078,6462,21,Basic,9.99,2025-10-09,,Active
3079,6462,11,Basic,9.99,2026-04-13,,Active
3080,6466,25,Team,59.99,2025-10-06,,Active
3081,6466,10,Enterprise,149.99,2025-09-13,,Active
3082,6468,15,Basic,9.99,2025-12-27,,Active
3083,6468,17,Basic,9.99,2025-11-10,,Active
3084,6472,13,Team,59.99,2026-04-05,,Active
3085,6473,27,Basic,9.99,2026-05-15,,Active
3086,6475,3,Pro,24.99,2026-03-30,,Active
3087,6475,11,Team,59.99,2025-11-23,,Active
3088,6479,25,Enterprise,149.99,2025-07-29,,Active
3089,6480,11,Basic,9.99,2025-11-18,2026-01-24,Cancelled
3090,6484,24,Pro,24.99,2026-01-04,,Active
3091,6484,9,Basic,9.99,2026-04-02,,Active
3092,6493,2,Team,59.99,2025-03-14,,Active
3093,6497,4,Pro,24.99,2025-04-02,,Active
3094,6497,19,Team,59.99,2025-09-11,,Active
3095,6503,27,Basic,9.99,2025-07-12,,Active
3096,6507,8,Pro,24.99,2026-04-14,,Active
3097,6509,12,Pro,24.99,2026-04-18,,Active
3098,6514,7,Basic,9.99,2025-11-30,,Active
3099,6515,20,Pro,24.99,2026-02-20,,Active
3100,6515,2,Basic,9.99,2025-12-13,,Active
3101,6516,11,Basic,9.99,2026-02-19,,Active
3102,6521,23,Pro,24.99,2026-05-15,,Active
3103,6521,19,Basic,9.99,2025-10-13,,Active
3104,6523,18,Team,59.99,2025-11-08,2026-03-02,Cancelled
3105,6524,6,Basic,9.99,2025-10-20,,Active
3106,6527,18,Basic,9.99,2026-06-22,,Active
3107,6528,24,Pro,24.99,2025-12-18,,Active
3108,6530,28,Basic,9.99,2025-07-31,,Active
3109,6530,6,Basic,9.99,2025-07-16,,Active
3110,6531,19,Basic,9.99,2025-10-01,2025-11-05,Cancelled
3111,6532,25,Basic,9.99,2026-02-04,,Active
3112,6532,6,Basic,9.99,2026-06-24,,Active
3113,6533,11,Basic,9.99,2025-06-19,,Active
3114,6536,22,Pro,24.99,2026-03-30,,Active
3115,6536,7,Team,59.99,2025-12-11,,Active
3116,6539,19,Pro,24.99,2025-08-09,,Active
3117,6542,19,Basic,9.99,2026-03-29,,Active
3118,6547,20,Team,59.99,2026-04-03,,Active
3119,6547,1,Team,59.99,2026-04-16,,Active
3120,6549,21,Basic,9.99,2025-09-13,,Active
3121,6551,5,Basic,9.99,2026-04-20,,Active
3122,6551,12,Pro,24.99,2026-06-10,,Active
3123,6553,8,Pro,24.99,2025-10-01,,Active
3124,6559,25,Team,59.99,2025-09-10,,Active
3125,6565,4,Pro,24.99,2026-01-12,,Active
3126,6565,25,Basic,9.99,2026-04-16,,Active
3127,6568,5,Basic,9.99,2026-06-19,,Active
3128,6568,10,Pro,24.99,2026-05-25,,Active
3129,6569,7,Basic,9.99,2025-07-13,,Active
3130,6570,7,Enterprise,149.99,2026-02-11,,Active
3131,6571,10,Basic,9.99,2025-10-25,,Active
3132,6573,8,Team,59.99,2025-08-13,,Active
3133,6576,9,Pro,24.99,2025-04-09,,Active
3134,6578,22,Basic,9.99,2025-12-19,,Active
3135,6578,17,Team,59.99,2025-11-28,,Active
3136,6583,7,Pro,24.99,2025-10-01,2026-03-18,Cancelled
3137,6584,5,Basic,9.99,2025-10-06,,Active
3138,6585,27,Basic,9.99,2025-11-16,2026-05-14,Cancelled
3139,6586,10,Basic,9.99,2025-06-22,,Active
3140,6588,8,Basic,9.99,2026-04-23,,Active
3141,6589,25,Basic,9.99,2025-11-22,,Active
3142,6590,25,Team,59.99,2026-05-23,,Active
3143,6593,16,Pro,24.99,2025-10-05,,Active
3144,6594,2,Basic,9.99,2025-07-26,,Active
3145,6598,12,Pro,24.99,2026-04-15,,Active
3146,6601,20,Basic,9.99,2026-03-31,,Active
3147,6603,4,Basic,9.99,2025-11-09,,Active
3148,6604,11,Pro,24.99,2025-08-31,2025-11-19,Cancelled
3149,6610,29,Pro,24.99,2025-07-18,,Active
3150,6610,29,Basic,9.99,2025-09-04,,Active
3151,6615,7,Pro,24.99,2026-04-20,,Active
3152,6617,21,Team,59.99,2026-05-20,,Active
3153,6618,2,Team,59.99,2026-04-23,,Active
3154,6618,8,Pro,24.99,2026-03-31,,Active
3155,6621,29,Team,59.99,2025-12-01,,Active
3156,6621,29,Team,59.99,2026-03-04,,Active
3157,6626,23,Basic,9.99,2026-04-19,,Active
3158,6627,25,Team,59.99,2026-03-11,,Active
3159,6628,23,Basic,9.99,2025-08-04,,Active
3160,6629,17,Basic,9.99,2025-10-16,,Active
3161,6629,28,Team,59.99,2025-12-06,2026-05-16,Cancelled
3162,6631,18,Pro,24.99,2026-06-28,,Active
3163,6631,7,Enterprise,149.99,2025-10-26,,Active
3164,6632,3,Pro,24.99,2026-01-17,,Active
3165,6633,11,Pro,24.99,2025-09-30,,Active
3166,6640,11,Pro,24.99,2025-11-29,,Active
3167,6643,1,Basic,9.99,2025-11-13,,Active
3168,6644,20,Pro,24.99,2025-09-27,,Active
3169,6645,11,Pro,24.99,2025-06-16,,Active
3170,6645,11,Basic,9.99,2025-02-23,,Active
3171,6646,22,Pro,24.99,2025-04-20,,Active
3172,6646,20,Basic,9.99,2025-05-15,2025-06-18,Cancelled
3173,6648,29,Pro,24.99,2025-12-07,,Active
3174,6650,16,Basic,9.99,2025-04-22,,Active
3175,6652,19,Pro,24.99,2025-12-25,,Active
3176,6653,22,Basic,9.99,2025-07-05,,Active
3177,6653,11,Basic,9.99,2025-12-11,,Active
3178,6654,15,Pro,24.99,2026-01-11,2026-04-21,Cancelled
3179,6656,25,Team,59.99,2025-10-12,2026-03-09,Cancelled
3180,6662,7,Pro,24.99,2025-11-10,,Active
3181,6665,27,Pro,24.99,2026-05-11,,Active
3182,6668,15,Pro,24.99,2026-06-07,,Active
3183,6670,11,Pro,24.99,2026-05-09,,Active
3184,6672,25,Basic,9.99,2026-03-04,,Active
3185,6677,24,Basic,9.99,2026-05-21,,Active
3186,6677,3,Basic,9.99,2026-05-03,,Active
3187,6679,9,Pro,24.99,2025-11-12,2026-04-30,Cancelled
3188,6681,24,Pro,24.99,2025-08-24,,Active
3189,6682,20,Pro,24.99,2025-10-16,2025-12-31,Cancelled
3190,6683,20,Pro,24.99,2025-08-10,,Active
3191,6683,20,Pro,24.99,2025-09-10,,Active
3192,6686,22,Basic,9.99,2025-09-23,,Active
3193,6688,15,Team,59.99,2025-06-05,,Active
3194,6688,25,Basic,9.99,2026-01-01,,Active
3195,6692,10,Pro,24.99,2025-08-07,,Active
3196,6705,11,Basic,9.99,2026-04-30,,Active
3197,6707,25,Basic,9.99,2025-06-23,,Active
3198,6707,22,Basic,9.99,2025-04-24,,Active
3199,6712,9,Basic,9.99,2026-02-03,,Active
3200,6715,15,Pro,24.99,2026-04-30,,Active
3201,6716,27,Basic,9.99,2025-11-23,,Active
3202,6716,26,Basic,9.99,2025-11-20,2026-05-15,Cancelled
3203,6719,22,Basic,9.99,2026-05-23,,Active
3204,6722,11,Pro,24.99,2025-03-26,2025-09-08,Cancelled
3205,6724,29,Basic,9.99,2026-06-23,,Active
3206,6725,6,Basic,9.99,2025-11-04,,Active
3207,6727,11,Basic,9.99,2026-05-17,,Active
3208,6727,4,Pro,24.99,2026-02-06,,Active
3209,6732,7,Basic,9.99,2025-12-22,,Active
3210,6732,13,Pro,24.99,2025-10-05,,Active
3211,6733,19,Pro,24.99,2026-06-13,,Active
3212,6733,8,Pro,24.99,2026-02-18,,Active
3213,6735,11,Basic,9.99,2026-01-01,,Active
3214,6739,1,Basic,9.99,2026-03-08,,Active
3215,6744,7,Pro,24.99,2026-06-06,,Active
3216,6744,7,Pro,24.99,2026-04-15,,Active
3217,6745,6,Basic,9.99,2025-04-24,,Active
3218,6746,4,Basic,9.99,2026-05-07,,Active
3219,6746,2,Basic,9.99,2026-01-31,,Active
3220,6749,1,Basic,9.99,2025-07-03,2025-12-16,Cancelled
3221,6752,10,Pro,24.99,2025-10-28,,Active
3222,6754,5,Basic,9.99,2026-03-27,,Active
3223,6758,14,Pro,24.99,2025-03-11,,Active
3224,6766,18,Basic,9.99,2025-05-19,,Active
3225,6769,10,Pro,24.99,2026-05-28,,Active
3226,6772,21,Pro,24.99,2026-04-03,,Active
3227,6773,9,Basic,9.99,2025-09-04,,Active
3228,6774,5,Basic,9.99,2026-04-22,,Active
3229,6774,26,Basic,9.99,2026-05-07,,Active
3230,6775,21,Basic,9.99,2026-03-06,,Active
3231,6779,25,Basic,9.99,2026-04-15,,Active
3232,6779,24,Basic,9.99,2026-02-21,,Active
3233,6783,4,Pro,24.99,2026-03-03,,Active
3234,6784,18,Enterprise,149.99,2026-06-03,,Active
3235,6785,8,Basic,9.99,2025-12-07,,Active
3236,6787,8,Basic,9.99,2025-09-28,,Active
3237,6789,7,Pro,24.99,2025-07-02,,Active
3238,6793,6,Team,59.99,2025-07-07,,Active
3239,6793,22,Basic,9.99,2025-09-04,,Active
3240,6799,7,Pro,24.99,2025-08-22,,Active
3241,6802,24,Pro,24.99,2026-06-25,,Active
3242,6804,11,Pro,24.99,2026-02-06,,Active
3243,6806,24,Basic,9.99,2025-11-25,,Active
3244,6806,22,Basic,9.99,2025-08-21,,Active
3245,6809,15,Basic,9.99,2025-08-13,,Active
3246,6811,10,Pro,24.99,2026-04-16,,Active
3247,6811,22,Pro,24.99,2026-04-04,,Active
3248,6812,7,Pro,24.99,2025-11-15,2026-04-07,Cancelled
3249,6816,4,Basic,9.99,2026-06-05,,Active
3250,6817,23,Pro,24.99,2025-05-26,,Active
3251,6817,11,Basic,9.99,2026-01-24,2026-05-19,Cancelled
3252,6819,17,Team,59.99,2026-04-04,,Active
3253,6823,26,Team,59.99,2026-01-28,,Active
3254,6829,1,Team,59.99,2026-01-30,2026-06-05,Cancelled
3255,6829,9,Basic,9.99,2025-09-01,,Active
3256,6835,26,Basic,9.99,2026-05-27,,Active
3257,6836,15,Pro,24.99,2025-11-05,,Active
3258,6837,3,Basic,9.99,2026-04-03,,Active
3259,6844,21,Pro,24.99,2026-05-29,,Active
3260,6847,15,Basic,9.99,2025-09-16,,Active
3261,6848,6,Basic,9.99,2025-06-04,,Active
3262,6850,21,Basic,9.99,2026-06-24,,Active
3263,6850,19,Pro,24.99,2026-03-10,,Active
3264,6852,25,Basic,9.99,2026-06-01,,Active
3265,6857,10,Basic,9.99,2025-08-29,,Active
3266,6859,5,Pro,24.99,2025-12-22,,Active
3267,6860,26,Team,59.99,2025-05-05,,Active
3268,6862,8,Enterprise,149.99,2025-12-05,,Active
3269,6866,11,Pro,24.99,2025-11-21,,Active
3270,6867,8,Pro,24.99,2026-05-28,,Active
3271,6870,27,Basic,9.99,2025-04-17,,Active
3272,6881,15,Pro,24.99,2026-03-28,2026-06-20,Cancelled
3273,6882,3,Basic,9.99,2025-08-14,,Active
3274,6883,1,Enterprise,149.99,2026-01-25,,Active
3275,6884,17,Basic,9.99,2026-04-23,,Active
3276,6885,18,Basic,9.99,2026-02-25,,Active
3277,6887,4,Team,59.99,2026-06-15,,Active
3278,6888,18,Basic,9.99,2026-03-22,,Active
3279,6888,19,Pro,24.99,2025-12-25,,Active
3280,6894,18,Team,59.99,2026-04-27,,Active
3281,6896,12,Team,59.99,2026-03-02,,Active
3282,6898,1,Basic,9.99,2025-05-18,2025-08-26,Cancelled
3283,6899,10,Pro,24.99,2025-08-27,,Active
3284,6902,25,Pro,24.99,2025-12-22,,Active
3285,6903,24,Pro,24.99,2025-09-01,,Active
3286,6903,9,Pro,24.99,2025-09-29,,Active
3287,6908,6,Team,59.99,2026-04-07,,Active
3288,6909,18,Pro,24.99,2026-01-17,,Active
3289,6910,30,Pro,24.99,2026-04-13,,Active
3290,6915,29,Basic,9.99,2025-12-18,,Active
3291,6920,26,Pro,24.99,2025-12-10,,Active
3292,6922,12,Basic,9.99,2025-11-20,,Active
3293,6925,10,Basic,9.99,2025-11-15,2026-01-19,Cancelled
3294,6936,10,Basic,9.99,2025-09-25,2025-11-10,Cancelled
3295,6939,12,Basic,9.99,2025-11-08,,Active
3296,6941,2,Basic,9.99,2025-11-25,2026-02-01,Cancelled
3297,6944,6,Basic,9.99,2026-05-03,,Active
3298,6944,14,Basic,9.99,2026-05-11,,Active
3299,6946,3,Pro,24.99,2025-06-25,,Active
3300,6951,5,Basic,9.99,2026-01-08,,Active
3301,6953,8,Team,59.99,2026-02-25,,Active
3302,6955,30,Pro,24.99,2025-07-31,2025-12-09,Cancelled
3303,6965,21,Basic,9.99,2025-08-26,,Active
3304,6966,20,Basic,9.99,2025-12-27,2026-05-18,Cancelled
3305,6967,15,Basic,9.99,2025-10-27,,Active
3306,6967,22,Basic,9.99,2026-03-20,,Active
3307,6972,26,Basic,9.99,2026-04-02,,Active
3308,6975,5,Team,59.99,2026-02-09,,Active
3309,6976,7,Basic,9.99,2025-11-17,,Active
3310,6978,11,Enterprise,149.99,2026-06-18,,Active
3311,6980,20,Team,59.99,2026-01-29,,Active
3312,6981,7,Team,59.99,2026-06-17,,Active
3313,6981,24,Pro,24.99,2026-06-27,,Active
3314,6984,5,Pro,24.99,2025-08-22,,Active
3315,6984,30,Basic,9.99,2026-01-23,2026-04-26,Cancelled
3316,6986,24,Basic,9.99,2025-09-13,,Active
3317,6986,11,Team,59.99,2025-07-06,,Active
3318,6990,14,Team,59.99,2026-05-08,,Active
3319,6991,11,Basic,9.99,2025-09-19,,Active
3320,6995,24,Basic,9.99,2025-11-09,,Active
3321,6995,25,Basic,9.99,2025-08-12,,Active
3322,7006,17,Basic,9.99,2025-06-15,,Active
3323,7009,26,Pro,24.99,2025-10-01,,Active
3324,7011,26,Basic,9.99,2025-11-22,,Active
3325,7012,19,Basic,9.99,2026-06-01,,Active
3326,7013,18,Pro,24.99,2025-05-24,,Active
3327,7014,9,Pro,24.99,2026-05-21,,Active
3328,7014,23,Basic,9.99,2026-04-26,,Active
3329,7019,17,Basic,9.99,2026-03-02,,Active
3330,7020,19,Basic,9.99,2025-07-17,,Active
3331,7022,27,Pro,24.99,2026-02-10,,Active
3332,7024,5,Enterprise,149.99,2025-04-15,,Active
3333,7024,4,Pro,24.99,2025-05-23,,Active
3334,7027,5,Basic,9.99,2026-04-26,,Active
3335,7028,10,Basic,9.99,2025-12-07,,Active
3336,7028,18,Basic,9.99,2025-07-22,,Active
3337,7030,10,Basic,9.99,2026-03-23,,Active
3338,7030,10,Basic,9.99,2025-06-24,,Active
3339,7031,18,Team,59.99,2026-02-02,2026-05-31,Cancelled
3340,7033,4,Pro,24.99,2025-09-02,,Active
3341,7040,20,Basic,9.99,2025-11-17,,Active
3342,7044,29,Basic,9.99,2025-12-05,2026-02-15,Cancelled
3343,7045,13,Pro,24.99,2026-02-28,,Active
3344,7046,10,Basic,9.99,2025-08-30,,Active
3345,7048,2,Enterprise,149.99,2025-09-30,,Active
3346,7051,26,Basic,9.99,2025-11-10,,Active
3347,7051,28,Basic,9.99,2026-02-07,,Active
3348,7053,24,Pro,24.99,2026-06-12,,Active
3349,7057,6,Basic,9.99,2026-04-01,,Active
3350,7057,6,Pro,24.99,2026-05-12,,Active
3351,7059,9,Basic,9.99,2026-03-27,,Active
3352,7063,18,Basic,9.99,2025-11-26,,Active
3353,7066,9,Basic,9.99,2025-12-08,,Active
3354,7069,11,Enterprise,149.99,2025-12-04,,Active
3355,7071,9,Enterprise,149.99,2025-11-30,,Active
3356,7071,26,Pro,24.99,2026-05-28,,Active
3357,7074,9,Pro,24.99,2026-05-15,,Active
3358,7074,18,Basic,9.99,2025-10-20,,Active
3359,7075,7,Basic,9.99,2026-01-07,,Active
3360,7075,7,Basic,9.99,2026-03-03,,Active
3361,7079,9,Basic,9.99,2025-03-23,,Active
3362,7082,21,Pro,24.99,2026-02-12,,Active
3363,7082,14,Enterprise,149.99,2026-06-25,,Active
3364,7083,19,Team,59.99,2026-04-02,,Active
3365,7088,6,Team,59.99,2026-06-05,,Active
3366,7088,22,Pro,24.99,2026-05-21,,Active
3367,7096,10,Team,59.99,2025-01-28,,Active
3368,7097,20,Basic,9.99,2025-07-09,,Active
3369,7097,4,Pro,24.99,2026-03-14,,Active
3370,7110,13,Basic,9.99,2025-11-21,,Active
3371,7110,13,Basic,9.99,2025-12-07,,Active
3372,7112,15,Pro,24.99,2026-02-10,,Active
3373,7115,15,Team,59.99,2025-08-28,,Active
3374,7117,6,Pro,24.99,2025-06-09,,Active
3375,7118,29,Basic,9.99,2026-02-07,,Active
3376,7123,25,Basic,9.99,2026-06-09,,Active
3377,7124,14,Team,59.99,2025-09-23,,Active
3378,7125,1,Basic,9.99,2025-12-10,,Active
3379,7127,18,Basic,9.99,2026-05-20,,Active
3380,7129,21,Pro,24.99,2026-02-06,,Active
3381,7130,12,Pro,24.99,2025-06-27,,Active
3382,7131,18,Team,59.99,2026-06-27,,Active
3383,7132,19,Pro,24.99,2026-01-29,,Active
3384,7134,15,Pro,24.99,2025-10-17,,Active
3385,7134,12,Pro,24.99,2026-05-13,,Active
3386,7135,15,Pro,24.99,2026-03-05,,Active
3387,7136,23,Pro,24.99,2026-03-19,,Active
3388,7137,22,Team,59.99,2026-06-19,,Active
3389,7137,5,Basic,9.99,2026-04-18,,Active
3390,7141,7,Team,59.99,2025-09-02,,Active
3391,7141,9,Team,59.99,2026-01-31,,Active
3392,7153,27,Enterprise,149.99,2025-05-13,,Active
3393,7155,8,Basic,9.99,2025-11-28,2026-02-15,Cancelled
3394,7158,13,Basic,9.99,2026-01-28,,Active
3395,7178,2,Enterprise,149.99,2026-06-03,,Active
3396,7179,27,Pro,24.99,2026-03-24,,Active
3397,7180,6,Pro,24.99,2026-05-28,,Active
3398,7180,6,Pro,24.99,2026-06-11,,Active
3399,7181,26,Basic,9.99,2025-10-17,,Active
3400,7182,11,Basic,9.99,2026-05-06,,Active
3401,7184,28,Team,59.99,2025-12-18,,Active
3402,7184,13,Basic,9.99,2026-02-26,,Active
3403,7186,22,Basic,9.99,2026-04-17,,Active
3404,7187,3,Basic,9.99,2025-10-22,2026-03-21,Cancelled
3405,7187,6,Enterprise,149.99,2026-05-16,,Active
3406,7188,15,Basic,9.99,2025-04-28,2025-10-18,Cancelled
3407,7191,3,Team,59.99,2025-11-27,,Active
3408,7195,6,Basic,9.99,2026-03-15,,Active
3409,7195,8,Team,59.99,2025-10-28,,Active
3410,7196,5,Basic,9.99,2025-08-23,,Active
3411,7196,16,Basic,9.99,2025-04-30,,Active
3412,7197,2,Basic,9.99,2026-03-22,,Active
3413,7197,19,Pro,24.99,2026-05-31,,Active
3414,7198,28,Basic,9.99,2026-04-10,,Active
3415,7199,26,Team,59.99,2025-10-04,,Active
3416,7199,26,Basic,9.99,2025-10-29,,Active
3417,7200,29,Team,59.99,2026-04-23,,Active
3418,7201,27,Basic,9.99,2026-05-20,,Active
3419,7201,11,Team,59.99,2025-12-23,,Active
3420,7203,6,Pro,24.99,2025-12-27,,Active
3421,7204,21,Pro,24.99,2025-12-16,,Active
3422,7204,10,Pro,24.99,2026-05-30,,Active
3423,7205,19,Pro,24.99,2026-03-01,,Active
3424,7205,19,Enterprise,149.99,2025-10-07,,Active
3425,7210,26,Basic,9.99,2026-02-22,,Active
3426,7210,13,Basic,9.99,2025-12-04,,Active
3427,7211,8,Basic,9.99,2025-11-17,,Active
3428,7211,19,Pro,24.99,2025-07-26,,Active
3429,7213,23,Basic,9.99,2025-12-27,,Active
3430,7218,13,Pro,24.99,2025-10-16,,Active
3431,7219,18,Basic,9.99,2025-10-08,,Active
3432,7224,12,Basic,9.99,2026-01-31,,Active
3433,7231,24,Basic,9.99,2025-12-04,,Active
3434,7234,21,Basic,9.99,2026-03-06,,Active
3435,7234,3,Team,59.99,2025-12-11,2026-05-17,Cancelled
3436,7235,7,Basic,9.99,2026-01-17,,Active
3437,7235,23,Basic,9.99,2025-08-02,,Active
3438,7239,19,Basic,9.99,2025-06-20,,Active
3439,7239,19,Basic,9.99,2025-11-24,,Active
3440,7243,20,Team,59.99,2025-10-07,,Active
3441,7245,29,Pro,24.99,2026-02-07,,Active
3442,7245,22,Basic,9.99,2026-06-13,,Active
3443,7248,9,Pro,24.99,2025-08-31,,Active
3444,7251,6,Basic,9.99,2025-10-25,,Active
3445,7254,30,Team,59.99,2025-04-08,,Active
3446,7259,23,Team,59.99,2026-04-05,,Active
3447,7262,20,Basic,9.99,2026-01-08,,Active
3448,7265,20,Basic,9.99,2025-11-10,,Active
3449,7265,8,Basic,9.99,2026-05-29,,Active
3450,7267,24,Basic,9.99,2025-10-15,,Active
3451,7272,26,Basic,9.99,2026-06-10,,Active
3452,7281,18,Basic,9.99,2025-09-21,,Active
3453,7281,18,Pro,24.99,2025-08-12,,Active
3454,7284,1,Basic,9.99,2026-06-17,,Active
3455,7286,2,Basic,9.99,2025-08-17,,Active
3456,7287,24,Team,59.99,2025-12-16,,Active
3457,7287,19,Basic,9.99,2026-02-27,2026-04-26,Cancelled
3458,7291,20,Basic,9.99,2025-06-04,2025-11-25,Cancelled
3459,7293,25,Pro,24.99,2026-05-19,,Active
3460,7294,26,Pro,24.99,2025-06-22,,Active
3461,7294,27,Team,59.99,2025-06-22,,Active
3462,7295,16,Enterprise,149.99,2025-08-23,,Active
3463,7296,15,Team,59.99,2026-03-11,,Active
3464,7297,11,Enterprise,149.99,2025-08-11,,Active
3465,7297,20,Basic,9.99,2026-01-06,,Active
3466,7303,10,Team,59.99,2025-11-29,,Active
3467,7306,10,Pro,24.99,2026-05-04,,Active
3468,7307,25,Pro,24.99,2025-06-15,,Active
3469,7311,23,Basic,9.99,2026-04-05,,Active
3470,7312,6,Pro,24.99,2026-01-29,,Active
3471,7313,3,Basic,9.99,2025-08-13,,Active
3472,7314,4,Basic,9.99,2025-10-28,2026-04-03,Cancelled
3473,7314,20,Pro,24.99,2025-09-01,2025-12-30,Cancelled
3474,7315,1,Pro,24.99,2025-04-18,,Active
3475,7316,21,Pro,24.99,2026-03-25,,Active
3476,7317,16,Basic,9.99,2026-01-25,,Active
3477,7317,15,Team,59.99,2025-12-24,,Active
3478,7318,28,Basic,9.99,2026-02-05,,Active
3479,7318,7,Team,59.99,2026-03-17,,Active
3480,7323,5,Basic,9.99,2026-01-05,,Active
3481,7325,22,Basic,9.99,2026-06-18,,Active
3482,7325,22,Basic,9.99,2026-05-10,,Active
3483,7326,2,Team,59.99,2025-06-16,,Active
3484,7328,26,Basic,9.99,2026-03-09,,Active
3485,7329,26,Pro,24.99,2025-03-13,,Active
3486,7330,4,Pro,24.99,2025-08-10,,Active
3487,7332,18,Basic,9.99,2026-06-24,,Active
3488,7333,25,Team,59.99,2025-09-04,,Active
3489,7333,25,Team,59.99,2025-08-13,,Active
3490,7336,6,Basic,9.99,2026-01-05,,Active
3491,7337,25,Enterprise,149.99,2025-11-21,,Active
3492,7341,8,Pro,24.99,2025-10-23,,Active
3493,7341,3,Team,59.99,2026-06-25,,Active
3494,7342,18,Team,59.99,2025-12-06,,Active
3495,7343,13,Team,59.99,2026-01-28,,Active
3496,7344,2,Pro,24.99,2025-05-11,,Active
3497,7345,5,Team,59.99,2026-04-11,,Active
3498,7345,11,Enterprise,149.99,2026-06-17,,Active
3499,7350,5,Enterprise,149.99,2025-12-19,,Active
3500,7353,23,Pro,24.99,2026-04-26,,Active
3501,7353,27,Basic,9.99,2025-09-27,,Active
3502,7354,11,Team,59.99,2026-01-20,,Active
3503,7355,28,Basic,9.99,2025-06-28,,Active
3504,7355,14,Team,59.99,2025-01-14,,Active
3505,7361,8,Basic,9.99,2025-09-18,,Active
3506,7362,11,Pro,24.99,2025-05-26,,Active
3507,7363,11,Basic,9.99,2026-02-28,,Active
3508,7364,7,Basic,9.99,2026-05-16,,Active
3509,7364,23,Basic,9.99,2026-01-09,,Active
3510,7367,3,Basic,9.99,2025-07-15,,Active
3511,7368,25,Basic,9.99,2025-11-01,2026-03-21,Cancelled
3512,7372,18,Pro,24.99,2025-08-25,,Active
3513,7376,22,Basic,9.99,2025-08-25,,Active
3514,7376,24,Basic,9.99,2025-07-12,,Active
3515,7380,16,Basic,9.99,2026-04-02,,Active
3516,7380,17,Basic,9.99,2026-02-10,,Active
3517,7386,24,Basic,9.99,2025-06-22,,Active
3518,7389,30,Pro,24.99,2026-01-11,,Active
3519,7393,3,Basic,9.99,2025-05-06,,Active
3520,7394,9,Pro,24.99,2026-04-27,,Active
3521,7395,23,Pro,24.99,2026-02-10,,Active
3522,7396,24,Basic,9.99,2025-10-10,,Active
3523,7401,1,Team,59.99,2026-03-16,,Active
3524,7401,1,Basic,9.99,2026-05-20,,Active
3525,7408,2,Pro,24.99,2026-04-29,,Active
3526,7416,6,Pro,24.99,2026-03-31,,Active
3527,7418,7,Pro,24.99,2025-11-05,2026-02-06,Cancelled
3528,7418,6,Basic,9.99,2025-11-13,,Active
3529,7419,23,Pro,24.99,2026-01-15,,Active
3530,7422,25,Pro,24.99,2025-09-08,,Active
3531,7425,5,Enterprise,149.99,2025-09-27,,Active
3532,7425,30,Pro,24.99,2025-07-06,,Active
3533,7426,10,Pro,24.99,2025-08-08,,Active
3534,7429,18,Team,59.99,2025-10-29,,Active
3535,7429,2,Basic,9.99,2025-12-19,,Active
3536,7431,4,Pro,24.99,2026-06-15,,Active
3537,7433,11,Basic,9.99,2025-06-23,,Active
3538,7439,19,Pro,24.99,2026-04-26,,Active
3539,7439,4,Team,59.99,2026-05-13,,Active
3540,7444,5,Team,59.99,2026-02-08,2026-03-11,Cancelled
3541,7445,24,Enterprise,149.99,2025-08-20,,Active
3542,7446,27,Team,59.99,2026-02-28,,Active
3543,7449,18,Enterprise,149.99,2026-05-29,,Active
3544,7449,2,Basic,9.99,2026-06-02,,Active
3545,7450,19,Pro,24.99,2025-06-01,,Active
3546,7450,10,Basic,9.99,2025-08-05,,Active
3547,7454,11,Basic,9.99,2026-02-18,,Active
3548,7457,13,Basic,9.99,2025-12-12,,Active
3549,7460,21,Basic,9.99,2025-09-20,,Active
3550,7465,23,Pro,24.99,2025-10-14,,Active
3551,7465,3,Pro,24.99,2025-07-23,,Active
3552,7476,26,Enterprise,149.99,2025-12-07,,Active
3553,7482,20,Pro,24.99,2026-05-21,,Active
3554,7486,1,Pro,24.99,2025-04-21,,Active
3555,7486,4,Pro,24.99,2025-06-06,,Active
3556,7488,19,Basic,9.99,2026-04-23,,Active
3557,7489,6,Basic,9.99,2025-08-07,,Active
3558,7491,8,Pro,24.99,2025-08-10,,Active
3559,7493,7,Pro,24.99,2025-07-08,,Active
3560,7493,6,Basic,9.99,2025-04-14,,Active
3561,7495,22,Basic,9.99,2026-06-07,,Active
3562,7495,3,Team,59.99,2026-04-20,2026-06-05,Cancelled
3563,7497,22,Basic,9.99,2026-05-21,,Active
3564,7497,26,Team,59.99,2026-03-13,,Active
3565,7499,22,Pro,24.99,2026-05-15,,Active
3566,7499,20,Pro,24.99,2026-05-19,,Active
3567,7500,6,Basic,9.99,2026-04-08,,Active
3568,7501,3,Basic,9.99,2025-12-30,,Active
3569,7508,10,Enterprise,149.99,2025-12-13,,Active
3570,7509,1,Team,59.99,2026-04-21,2026-06-09,Cancelled
3571,7509,21,Pro,24.99,2026-05-26,,Active
3572,7510,26,Basic,9.99,2025-10-21,,Active
3573,7510,16,Basic,9.99,2026-02-14,,Active
3574,7512,28,Basic,9.99,2025-10-25,2026-04-19,Cancelled
3575,7513,11,Pro,24.99,2026-02-02,,Active
3576,7514,23,Basic,9.99,2025-11-11,,Active
3577,7518,24,Pro,24.99,2026-02-22,,Active
3578,7520,4,Basic,9.99,2026-04-30,,Active
3579,7523,3,Basic,9.99,2025-12-03,,Active
3580,7524,9,Pro,24.99,2026-04-10,,Active
3581,7526,9,Basic,9.99,2025-12-13,,Active
3582,7528,9,Basic,9.99,2025-09-30,,Active
3583,7528,1,Pro,24.99,2025-12-23,,Active
3584,7532,15,Basic,9.99,2026-06-13,,Active
3585,7535,25,Basic,9.99,2025-09-28,,Active
3586,7536,19,Pro,24.99,2025-05-29,,Active
3587,7536,10,Pro,24.99,2025-07-05,,Active
3588,7537,18,Basic,9.99,2025-10-18,,Active
3589,7539,3,Pro,24.99,2025-12-29,,Active
3590,7544,22,Pro,24.99,2026-03-03,,Active
3591,7544,23,Basic,9.99,2026-03-20,,Active
3592,7549,5,Basic,9.99,2025-04-28,2025-09-02,Cancelled
3593,7549,20,Basic,9.99,2025-09-27,2026-01-04,Cancelled
3594,7550,11,Basic,9.99,2026-04-23,,Active
3595,7550,15,Pro,24.99,2026-03-29,,Active
3596,7553,24,Basic,9.99,2025-05-12,,Active
3597,7554,9,Pro,24.99,2025-11-17,,Active
3598,7554,30,Basic,9.99,2026-03-05,,Active
3599,7556,6,Basic,9.99,2026-04-08,,Active
3600,7557,22,Enterprise,149.99,2026-04-07,,Active
3601,7560,7,Pro,24.99,2026-02-13,,Active
3602,7561,21,Basic,9.99,2026-06-11,,Active
3603,7562,9,Pro,24.99,2026-01-09,,Active
3604,7562,3,Basic,9.99,2025-11-17,,Active
3605,7568,11,Basic,9.99,2025-12-11,,Active
3606,7570,1,Pro,24.99,2025-11-27,,Active
3607,7570,18,Basic,9.99,2025-12-04,,Active
3608,7571,12,Pro,24.99,2026-04-15,,Active
3609,7572,4,Pro,24.99,2026-01-09,,Active
3610,7574,28,Basic,9.99,2026-01-10,,Active
3611,7577,19,Basic,9.99,2026-06-10,,Active
3612,7579,19,Basic,9.99,2025-08-24,,Active
3613,7580,8,Basic,9.99,2025-10-13,,Active
3614,7583,3,Team,59.99,2025-11-17,,Active
3615,7585,25,Pro,24.99,2026-03-17,,Active
3616,7588,27,Enterprise,149.99,2025-08-04,,Active
3617,7589,13,Basic,9.99,2026-05-05,,Active
3618,7590,15,Basic,9.99,2025-08-18,,Active
3619,7596,6,Pro,24.99,2026-01-04,2026-05-12,Cancelled
3620,7600,10,Basic,9.99,2026-06-08,,Active
3621,7603,19,Basic,9.99,2026-05-23,,Active
3622,7603,4,Team,59.99,2026-01-25,,Active
3623,7610,18,Team,59.99,2026-04-23,,Active
3624,7615,21,Pro,24.99,2026-02-26,,Active
3625,7618,18,Pro,24.99,2025-09-17,,Active
3626,7619,11,Basic,9.99,2026-03-24,,Active
3627,7624,10,Pro,24.99,2026-04-20,,Active
3628,7625,10,Basic,9.99,2025-12-13,,Active
3629,7625,5,Enterprise,149.99,2026-02-09,2026-06-30,Cancelled
3630,7627,29,Basic,9.99,2026-06-24,,Active
3631,7627,29,Pro,24.99,2025-11-17,,Active
3632,7634,2,Team,59.99,2026-01-30,,Active
3633,7635,8,Basic,9.99,2026-05-02,,Active
3634,7636,24,Team,59.99,2026-06-24,,Active
3635,7637,6,Basic,9.99,2025-11-26,,Active
3636,7637,3,Basic,9.99,2026-01-05,,Active
3637,7638,25,Pro,24.99,2025-10-30,,Active
3638,7640,10,Pro,24.99,2025-09-30,,Active
3639,7641,11,Pro,24.99,2025-12-24,,Active
3640,7641,22,Pro,24.99,2026-03-20,2026-04-24,Cancelled
3641,7643,16,Pro,24.99,2026-03-15,,Active
3642,7643,12,Basic,9.99,2026-04-06,,Active
3643,7645,11,Basic,9.99,2025-12-10,,Active
3644,7648,7,Pro,24.99,2025-04-03,2025-08-31,Cancelled
3645,7648,20,Pro,24.99,2025-01-27,,Active
3646,7652,19,Pro,24.99,2025-08-01,,Active
3647,7654,5,Pro,24.99,2025-11-14,,Active
3648,7656,18,Basic,9.99,2026-04-13,,Active
3649,7656,22,Basic,9.99,2026-01-12,,Active
3650,7657,24,Basic,9.99,2025-10-02,2026-02-08,Cancelled
3651,7657,5,Basic,9.99,2025-09-23,2025-12-01,Cancelled
3652,7659,30,Basic,9.99,2025-08-31,,Active
3653,7659,30,Basic,9.99,2025-07-13,,Active
3654,7660,9,Basic,9.99,2025-11-23,,Active
3655,7663,4,Basic,9.99,2026-05-20,,Active
3656,7663,2,Enterprise,149.99,2026-04-05,,Active
3657,7664,3,Pro,24.99,2025-07-05,,Active
3658,7664,2,Pro,24.99,2026-01-15,,Active
3659,7671,15,Team,59.99,2026-01-15,,Active
3660,7674,23,Pro,24.99,2026-02-15,2026-06-14,Cancelled
3661,7675,18,Team,59.99,2026-01-04,,Active
3662,7676,10,Team,59.99,2025-10-16,2026-03-26,Cancelled
3663,7681,4,Pro,24.99,2026-03-02,,Active
3664,7681,20,Pro,24.99,2025-11-22,,Active
3665,7687,1,Pro,24.99,2025-12-22,,Active
3666,7688,13,Basic,9.99,2025-12-27,,Active
3667,7689,20,Enterprise,149.99,2025-06-20,,Active
3668,7693,8,Pro,24.99,2025-07-11,,Active
3669,7694,8,Basic,9.99,2026-01-28,,Active
3670,7694,17,Team,59.99,2026-05-30,,Active
3671,7695,24,Team,59.99,2025-03-29,,Active
3672,7697,16,Pro,24.99,2025-08-21,,Active
3673,7697,12,Enterprise,149.99,2025-07-15,,Active
3674,7698,8,Pro,24.99,2025-07-23,,Active
3675,7698,21,Pro,24.99,2025-03-14,,Active
3676,7699,3,Basic,9.99,2025-12-04,,Active
3677,7702,10,Basic,9.99,2025-12-21,,Active
3678,7705,10,Enterprise,149.99,2025-05-19,2025-09-03,Cancelled
3679,7705,7,Team,59.99,2025-11-29,2026-05-11,Cancelled
3680,7714,10,Basic,9.99,2026-03-04,,Active
3681,7717,15,Enterprise,149.99,2025-08-06,,Active
3682,7719,21,Basic,9.99,2025-12-11,,Active
3683,7721,21,Basic,9.99,2025-09-29,,Active
3684,7722,25,Team,59.99,2025-05-28,,Active
3685,7722,24,Pro,24.99,2025-03-01,,Active
3686,7723,28,Pro,24.99,2025-09-02,,Active
3687,7723,5,Enterprise,149.99,2025-05-23,,Active
3688,7724,25,Basic,9.99,2025-04-23,,Active
3689,7725,24,Basic,9.99,2025-07-10,,Active
3690,7730,2,Basic,9.99,2025-08-25,,Active
3691,7730,20,Team,59.99,2025-10-30,2026-03-27,Cancelled
3692,7731,4,Pro,24.99,2025-08-17,,Active
3693,7732,23,Team,59.99,2026-02-10,,Active
3694,7733,22,Pro,24.99,2025-04-26,2025-07-29,Cancelled
3695,7734,27,Pro,24.99,2025-08-20,,Active
3696,7741,3,Pro,24.99,2025-03-21,,Active
3697,7741,25,Team,59.99,2025-09-02,,Active
3698,7742,20,Team,59.99,2026-04-22,,Active
3699,7749,28,Pro,24.99,2026-04-29,,Active
3700,7749,27,Basic,9.99,2026-06-02,,Active
3701,7750,27,Basic,9.99,2026-01-23,,Active
3702,7750,27,Basic,9.99,2025-09-05,,Active
3703,7751,25,Basic,9.99,2025-11-07,,Active
3704,7751,2,Pro,24.99,2026-02-20,,Active
3705,7752,4,Pro,24.99,2026-04-21,,Active
3706,7762,23,Team,59.99,2026-05-06,,Active
3707,7765,11,Basic,9.99,2026-05-02,,Active
3708,7765,7,Basic,9.99,2026-05-31,,Active
3709,7766,17,Pro,24.99,2026-04-13,,Active
3710,7781,8,Basic,9.99,2026-05-05,,Active
3711,7785,11,Pro,24.99,2025-04-19,,Active
3712,7788,18,Pro,24.99,2026-05-29,,Active
3713,7790,3,Basic,9.99,2026-01-11,2026-05-24,Cancelled
3714,7790,3,Team,59.99,2026-03-11,,Active
3715,7794,20,Basic,9.99,2026-01-13,,Active
3716,7794,9,Basic,9.99,2025-10-29,,Active
3717,7796,4,Basic,9.99,2026-04-06,,Active
3718,7797,20,Pro,24.99,2025-07-21,,Active
3719,7804,3,Basic,9.99,2025-09-17,,Active
3720,7809,9,Pro,24.99,2025-08-30,2025-09-29,Cancelled
3721,7809,6,Basic,9.99,2025-07-18,2026-01-04,Cancelled
3722,7812,7,Team,59.99,2026-03-24,,Active
3723,7814,29,Pro,24.99,2026-02-12,,Active
3724,7816,21,Team,59.99,2025-08-04,,Active
3725,7820,1,Basic,9.99,2026-06-15,,Active
3726,7820,21,Basic,9.99,2026-02-14,,Active
3727,7825,17,Basic,9.99,2025-06-10,,Active
3728,7832,21,Pro,24.99,2026-04-13,,Active
3729,7834,23,Basic,9.99,2026-06-21,,Active
3730,7836,5,Basic,9.99,2025-11-27,,Active
3731,7839,6,Basic,9.99,2025-07-08,,Active
3732,7840,12,Team,59.99,2025-07-09,,Active
3733,7842,25,Team,59.99,2026-04-09,,Active
3734,7842,3,Basic,9.99,2026-01-26,,Active
3735,7843,22,Basic,9.99,2026-02-10,,Active
3736,7848,3,Basic,9.99,2025-04-26,,Active
3737,7848,7,Team,59.99,2025-12-07,2026-05-02,Cancelled
3738,7851,3,Basic,9.99,2025-11-10,,Active
3739,7852,19,Pro,24.99,2025-10-07,,Active
3740,7852,1,Basic,9.99,2025-10-17,,Active
3741,7856,6,Basic,9.99,2026-02-23,,Active
3742,7861,30,Pro,24.99,2025-07-12,2025-11-09,Cancelled
3743,7862,10,Team,59.99,2025-11-17,,Active
3744,7868,2,Basic,9.99,2026-01-16,,Active
3745,7868,21,Basic,9.99,2026-06-12,,Active
3746,7871,17,Pro,24.99,2025-06-23,,Active
3747,7875,4,Basic,9.99,2026-02-12,,Active
3748,7881,9,Basic,9.99,2025-10-19,,Active
3749,7882,6,Basic,9.99,2025-09-14,,Active
3750,7888,24,Pro,24.99,2025-07-13,,Active
3751,7888,25,Pro,24.99,2025-10-04,,Active
3752,7889,21,Basic,9.99,2025-10-21,,Active
3753,7889,11,Basic,9.99,2025-09-27,,Active
3754,7890,3,Basic,9.99,2025-07-27,,Active
3755,7892,27,Team,59.99,2026-01-18,,Active
3756,7894,29,Team,59.99,2025-10-23,,Active
3757,7894,29,Pro,24.99,2026-02-25,,Active
3758,7896,3,Enterprise,149.99,2026-02-28,,Active
3759,7898,9,Pro,24.99,2026-03-30,,Active
3760,7899,26,Pro,24.99,2025-11-13,,Active
3761,7904,21,Pro,24.99,2025-10-11,,Active
3762,7906,24,Enterprise,149.99,2026-01-12,,Active
3763,7908,5,Pro,24.99,2025-09-09,2026-01-24,Cancelled
3764,7909,28,Basic,9.99,2026-02-28,,Active
3765,7910,22,Pro,24.99,2025-08-25,,Active
3766,7911,5,Pro,24.99,2026-01-13,,Active
3767,7914,15,Pro,24.99,2026-05-08,2026-06-07,Cancelled
3768,7914,14,Enterprise,149.99,2026-06-30,,Active
3769,7915,24,Team,59.99,2026-06-30,,Active
3770,7917,12,Basic,9.99,2025-12-04,,Active
3771,7917,27,Basic,9.99,2026-05-08,,Active
3772,7923,6,Basic,9.99,2026-05-05,,Active
3773,7925,15,Pro,24.99,2025-10-16,,Active
3774,7929,30,Team,59.99,2025-05-27,,Active
3775,7929,29,Team,59.99,2025-11-09,,Active
3776,7932,1,Pro,24.99,2026-02-23,,Active
3777,7933,23,Basic,9.99,2025-08-05,2025-10-08,Cancelled
3778,7936,28,Basic,9.99,2025-08-14,2025-11-19,Cancelled
3779,7939,29,Enterprise,149.99,2025-11-02,,Active
3780,7941,11,Team,59.99,2025-10-22,,Active
3781,7941,14,Team,59.99,2025-07-09,,Active
3782,7948,27,Basic,9.99,2025-03-02,,Active
3783,7949,18,Basic,9.99,2026-05-23,,Active
3784,7952,18,Basic,9.99,2025-11-09,,Active
3785,7952,18,Basic,9.99,2026-02-16,,Active
3786,7953,5,Team,59.99,2025-08-07,,Active
3787,7953,29,Basic,9.99,2026-02-18,2026-05-22,Cancelled
3788,7954,21,Pro,24.99,2026-04-30,,Active
3789,7963,11,Pro,24.99,2025-03-03,,Active
3790,7963,20,Basic,9.99,2025-02-16,,Active
3791,7964,21,Pro,24.99,2026-02-28,,Active
3792,7970,26,Basic,9.99,2026-05-06,,Active
3793,7970,13,Pro,24.99,2026-06-14,,Active
3794,7971,26,Pro,24.99,2025-05-12,,Active
3795,7973,26,Team,59.99,2026-04-24,,Active
3796,7974,18,Team,59.99,2025-08-14,,Active
3797,7975,27,Basic,9.99,2026-05-16,,Active
3798,7976,9,Pro,24.99,2026-05-23,,Active
3799,7977,10,Basic,9.99,2026-04-04,,Active
3800,7977,10,Team,59.99,2026-05-09,,Active
3801,7978,3,Basic,9.99,2025-07-31,,Active
3802,7979,20,Basic,9.99,2025-08-24,,Active
3803,7980,5,Pro,24.99,2026-02-12,,Active
3804,7981,29,Pro,24.99,2025-09-16,,Active
3805,7982,3,Basic,9.99,2025-04-21,,Active
3806,7994,4,Pro,24.99,2025-10-03,,Active
3807,7996,4,Basic,9.99,2026-04-09,,Active
3808,7997,18,Basic,9.99,2026-03-15,,Active
3809,7997,3,Basic,9.99,2026-05-08,,Active
3810,7999,23,Basic,9.99,2026-05-25,,Active
3811,8002,30,Pro,24.99,2026-02-05,,Active
3812,8003,23,Basic,9.99,2025-10-18,2026-04-02,Cancelled
3813,8005,28,Pro,24.99,2025-10-06,,Active
3814,8007,5,Pro,24.99,2025-08-24,,Active
3815,8007,10,Pro,24.99,2025-12-03,,Active
3816,8009,14,Pro,24.99,2025-09-29,,Active
3817,8010,8,Pro,24.99,2025-08-03,,Active
3818,8010,24,Team,59.99,2025-11-04,,Active
3819,8012,2,Pro,24.99,2025-10-06,,Active
3820,8020,24,Basic,9.99,2025-01-31,,Active
3821,8021,25,Pro,24.99,2025-07-30,2025-11-18,Cancelled
3822,8021,23,Basic,9.99,2026-01-12,,Active
3823,8023,11,Basic,9.99,2026-04-10,,Active
3824,8027,20,Team,59.99,2025-11-14,2026-03-01,Cancelled
3825,8030,11,Basic,9.99,2025-11-16,,Active
3826,8030,14,Pro,24.99,2025-09-18,,Active
3827,8032,22,Team,59.99,2026-06-22,,Active
3828,8032,24,Pro,24.99,2026-06-24,,Active
3829,8035,17,Pro,24.99,2025-12-10,,Active
3830,8038,21,Basic,9.99,2025-04-09,2025-07-10,Cancelled
3831,8043,3,Basic,9.99,2026-02-07,2026-05-07,Cancelled
3832,8043,2,Team,59.99,2025-12-16,,Active
3833,8044,11,Pro,24.99,2025-10-28,,Active
3834,8045,24,Team,59.99,2025-10-03,,Active
3835,8053,5,Pro,24.99,2026-01-13,2026-06-23,Cancelled
3836,8058,5,Pro,24.99,2026-06-17,,Active
3837,8062,24,Team,59.99,2025-02-17,,Active
3838,8063,21,Pro,24.99,2026-02-25,,Active
3839,8064,28,Pro,24.99,2026-02-10,,Active
3840,8071,20,Pro,24.99,2025-09-03,,Active
3841,8073,19,Basic,9.99,2026-04-25,,Active
3842,8073,21,Basic,9.99,2026-05-29,,Active
3843,8076,15,Basic,9.99,2025-05-07,,Active
3844,8076,5,Pro,24.99,2025-12-16,,Active
3845,8078,19,Team,59.99,2025-07-25,,Active
3846,8078,18,Pro,24.99,2025-11-04,2026-04-14,Cancelled
3847,8082,11,Pro,24.99,2026-06-29,,Active
3848,8084,5,Team,59.99,2026-01-26,,Active
3849,8088,15,Team,59.99,2025-10-31,,Active
3850,8089,8,Basic,9.99,2026-05-22,2026-06-28,Cancelled
3851,8095,2,Pro,24.99,2026-03-15,,Active
3852,8097,13,Team,59.99,2025-08-19,,Active
3853,8097,7,Basic,9.99,2025-10-03,,Active
3854,8100,7,Basic,9.99,2026-05-10,,Active
3855,8101,17,Pro,24.99,2026-02-14,,Active
3856,8103,7,Pro,24.99,2025-07-20,2025-12-22,Cancelled
3857,8103,27,Basic,9.99,2025-10-16,,Active
3858,8104,6,Pro,24.99,2026-01-12,,Active
3859,8114,25,Enterprise,149.99,2025-10-07,,Active
3860,8115,24,Team,59.99,2025-10-22,,Active
3861,8118,25,Team,59.99,2025-06-10,,Active
3862,8118,24,Basic,9.99,2025-08-21,,Active
3863,8119,30,Team,59.99,2025-12-15,,Active
3864,8119,23,Basic,9.99,2026-01-03,,Active
3865,8121,9,Pro,24.99,2025-12-01,,Active
3866,8121,7,Pro,24.99,2025-07-13,,Active
3867,8124,18,Basic,9.99,2025-11-02,,Active
3868,8127,23,Pro,24.99,2025-07-10,,Active
3869,8130,21,Pro,24.99,2026-04-17,,Active
3870,8140,29,Pro,24.99,2025-09-03,,Active
3871,8143,22,Basic,9.99,2026-05-06,,Active
3872,8146,11,Basic,9.99,2026-02-16,,Active
3873,8146,4,Team,59.99,2026-01-20,,Active
3874,8147,24,Enterprise,149.99,2026-01-09,,Active
3875,8149,25,Pro,24.99,2026-02-06,,Active
3876,8150,19,Basic,9.99,2026-02-25,,Active
3877,8160,12,Pro,24.99,2025-06-07,,Active
3878,8171,17,Pro,24.99,2025-12-21,,Active
3879,8172,14,Basic,9.99,2025-04-01,,Active
3880,8173,30,Pro,24.99,2025-07-18,,Active
3881,8177,30,Basic,9.99,2026-02-16,,Active
3882,8180,18,Pro,24.99,2026-05-15,,Active
3883,8186,2,Basic,9.99,2025-08-13,,Active
3884,8188,21,Basic,9.99,2026-02-28,,Active
3885,8188,20,Team,59.99,2026-03-09,,Active
3886,8192,26,Pro,24.99,2025-10-29,,Active
3887,8192,7,Pro,24.99,2025-05-13,,Active
3888,8193,4,Pro,24.99,2025-12-04,,Active
3889,8197,23,Pro,24.99,2026-02-21,,Active
3890,8203,15,Team,59.99,2026-06-18,,Active
3891,8205,8,Pro,24.99,2025-06-26,,Active
3892,8208,2,Team,59.99,2025-11-07,,Active
3893,8208,15,Basic,9.99,2025-08-22,,Active
3894,8209,4,Team,59.99,2025-11-27,2026-02-21,Cancelled
3895,8210,11,Basic,9.99,2025-11-07,,Active
3896,8210,21,Basic,9.99,2026-03-01,,Active
3897,8213,10,Pro,24.99,2026-05-14,,Active
3898,8221,10,Basic,9.99,2025-10-17,,Active
3899,8223,19,Pro,24.99,2026-02-25,,Active
3900,8226,12,Basic,9.99,2026-05-12,,Active
3901,8226,21,Pro,24.99,2026-04-02,,Active
3902,8230,7,Basic,9.99,2026-06-04,,Active
3903,8233,17,Pro,24.99,2026-06-14,,Active
3904,8234,25,Pro,24.99,2025-12-27,,Active
3905,8234,25,Team,59.99,2026-06-18,,Active
3906,8237,24,Basic,9.99,2025-08-17,,Active
3907,8238,14,Pro,24.99,2025-10-03,,Active
3908,8238,28,Basic,9.99,2025-10-19,,Active
3909,8239,4,Pro,24.99,2026-01-06,,Active
3910,8241,11,Team,59.99,2026-03-02,,Active
3911,8242,29,Pro,24.99,2025-09-15,2026-03-06,Cancelled
3912,8245,2,Team,59.99,2026-03-15,2026-04-20,Cancelled
3913,8245,21,Team,59.99,2025-07-01,,Active
3914,8250,16,Pro,24.99,2025-11-17,,Active
3915,8251,18,Basic,9.99,2025-12-09,,Active
3916,8252,9,Pro,24.99,2026-03-03,,Active
3917,8253,24,Basic,9.99,2026-01-18,2026-04-19,Cancelled
3918,8256,9,Basic,9.99,2025-05-26,,Active
3919,8256,19,Team,59.99,2026-01-18,,Active
3920,8257,29,Enterprise,149.99,2026-04-14,,Active
3921,8257,29,Basic,9.99,2026-03-23,,Active
3922,8264,18,Pro,24.99,2025-10-07,,Active
3923,8264,11,Pro,24.99,2025-06-22,,Active
3924,8265,12,Basic,9.99,2026-06-08,,Active
3925,8265,8,Basic,9.99,2026-05-13,,Active
3926,8269,24,Basic,9.99,2025-11-10,,Active
3927,8270,21,Basic,9.99,2025-12-25,,Active
3928,8270,10,Team,59.99,2026-06-10,,Active
3929,8272,26,Team,59.99,2026-04-23,,Active
3930,8274,5,Basic,9.99,2025-08-11,,Active
3931,8279,21,Pro,24.99,2025-05-30,2025-08-24,Cancelled
3932,8280,9,Team,59.99,2025-11-07,,Active
3933,8280,14,Team,59.99,2025-02-14,,Active
3934,8281,19,Team,59.99,2026-06-22,,Active
3935,8281,3,Basic,9.99,2026-05-18,,Active
3936,8285,16,Basic,9.99,2025-12-24,,Active
3937,8286,22,Basic,9.99,2025-11-14,,Active
3938,8289,24,Pro,24.99,2026-02-18,,Active
3939,8290,7,Basic,9.99,2025-09-01,,Active
3940,8290,25,Basic,9.99,2025-09-30,,Active
3941,8296,2,Basic,9.99,2026-01-08,,Active
3942,8297,5,Pro,24.99,2025-08-02,,Active
3943,8303,5,Team,59.99,2025-07-27,,Active
3944,8304,7,Basic,9.99,2025-04-07,,Active
3945,8305,2,Pro,24.99,2026-03-29,,Active
3946,8305,3,Pro,24.99,2026-02-07,,Active
3947,8307,5,Basic,9.99,2025-11-12,,Active
3948,8307,14,Basic,9.99,2025-11-13,,Active
3949,8309,5,Pro,24.99,2025-04-28,,Active
3950,8311,6,Pro,24.99,2026-05-20,,Active
3951,8315,29,Basic,9.99,2025-12-22,,Active
3952,8316,2,Basic,9.99,2026-03-18,,Active
3953,8316,10,Basic,9.99,2026-06-26,,Active
3954,8317,27,Pro,24.99,2026-05-19,,Active
3955,8318,3,Pro,24.99,2025-04-02,,Active
3956,8322,4,Pro,24.99,2025-04-26,,Active
3957,8325,2,Pro,24.99,2025-12-12,,Active
3958,8326,3,Basic,9.99,2025-12-24,2026-06-19,Cancelled
3959,8326,3,Pro,24.99,2026-02-22,,Active
3960,8333,27,Pro,24.99,2026-05-19,,Active
3961,8346,10,Basic,9.99,2025-08-31,2026-01-04,Cancelled
3962,8347,23,Basic,9.99,2025-09-15,,Active
3963,8347,19,Pro,24.99,2025-05-13,,Active
3964,8348,26,Basic,9.99,2025-10-20,,Active
3965,8358,5,Pro,24.99,2025-08-20,,Active
3966,8359,25,Pro,24.99,2026-05-13,,Active
3967,8359,4,Team,59.99,2025-09-10,,Active
3968,8361,22,Basic,9.99,2026-04-15,,Active
3969,8361,5,Basic,9.99,2025-11-24,,Active
3970,8364,14,Pro,24.99,2026-02-16,,Active
3971,8368,9,Pro,24.99,2025-06-30,2025-11-24,Cancelled
3972,8371,13,Pro,24.99,2026-06-03,,Active
3973,8374,9,Basic,9.99,2025-12-09,,Active
3974,8376,7,Pro,24.99,2025-09-13,,Active
3975,8378,16,Basic,9.99,2025-11-18,,Active
3976,8378,26,Basic,9.99,2026-03-19,,Active
3977,8380,25,Enterprise,149.99,2026-05-05,,Active
3978,8382,4,Basic,9.99,2025-10-25,,Active
3979,8384,15,Pro,24.99,2026-01-14,,Active
3980,8391,1,Basic,9.99,2025-08-21,,Active
3981,8396,15,Pro,24.99,2025-05-04,,Active
3982,8396,17,Pro,24.99,2025-09-23,,Active
3983,8397,27,Pro,24.99,2026-04-22,2026-06-15,Cancelled
3984,8400,12,Basic,9.99,2026-03-13,,Active
3985,8400,11,Basic,9.99,2026-02-12,,Active
3986,8403,23,Team,59.99,2026-02-12,,Active
3987,8404,2,Basic,9.99,2026-04-14,,Active
3988,8406,5,Pro,24.99,2026-01-22,,Active
3989,8406,6,Pro,24.99,2026-02-12,,Active
3990,8407,15,Pro,24.99,2025-05-05,,Active
3991,8408,1,Basic,9.99,2025-08-14,,Active
3992,8410,25,Pro,24.99,2025-09-29,,Active
3993,8412,10,Pro,24.99,2025-01-18,,Active
3994,8420,1,Basic,9.99,2026-05-02,,Active
3995,8421,19,Basic,9.99,2025-08-13,,Active
3996,8421,2,Team,59.99,2026-01-26,2026-06-10,Cancelled
3997,8422,11,Pro,24.99,2025-11-05,,Active
3998,8436,15,Pro,24.99,2026-06-04,,Active
3999,8439,19,Basic,9.99,2025-09-07,,Active
4000,8444,20,Basic,9.99,2026-05-26,,Active
4001,8449,9,Team,59.99,2025-10-23,,Active
4002,8449,21,Pro,24.99,2025-12-02,,Active
4003,8450,21,Basic,9.99,2025-05-20,,Active
4004,8453,11,Pro,24.99,2026-01-03,2026-06-08,Cancelled
4005,8455,8,Basic,9.99,2025-07-10,2025-11-16,Cancelled
4006,8456,5,Basic,9.99,2025-05-28,,Active
4007,8460,24,Team,59.99,2026-01-26,,Active
4008,8461,20,Enterprise,149.99,2025-07-29,,Active
4009,8464,18,Basic,9.99,2025-11-02,,Active
4010,8466,28,Pro,24.99,2025-09-16,,Active
4011,8475,3,Basic,9.99,2025-11-09,2026-05-05,Cancelled
4012,8477,7,Basic,9.99,2025-09-12,,Active
4013,8477,5,Basic,9.99,2025-12-03,,Active
4014,8481,21,Basic,9.99,2026-02-14,2026-05-12,Cancelled
4015,8482,9,Pro,24.99,2026-02-02,,Active
4016,8486,20,Basic,9.99,2026-02-27,,Active
4017,8490,10,Basic,9.99,2026-06-03,,Active
4018,8491,17,Basic,9.99,2026-03-29,,Active
4019,8492,9,Pro,24.99,2025-07-11,,Active
4020,8495,11,Basic,9.99,2026-01-30,,Active
4021,8497,11,Basic,9.99,2026-05-04,,Active
4022,8499,12,Team,59.99,2026-01-15,,Active
4023,8499,13,Enterprise,149.99,2026-06-15,,Active
4024,8500,25,Basic,9.99,2025-10-12,,Active
4025,8501,11,Basic,9.99,2026-02-17,,Active
4026,8502,12,Basic,9.99,2026-06-02,,Active
4027,8505,11,Basic,9.99,2025-11-13,,Active
4028,8506,30,Basic,9.99,2025-06-12,,Active
4029,8507,25,Basic,9.99,2026-01-30,,Active
4030,8507,21,Pro,24.99,2026-04-22,,Active
4031,8511,6,Basic,9.99,2026-02-14,,Active
4032,8517,28,Basic,9.99,2025-05-15,,Active
4033,8520,11,Basic,9.99,2025-08-07,,Active
4034,8520,23,Pro,24.99,2025-08-14,,Active
4035,8521,1,Basic,9.99,2025-11-23,2026-01-03,Cancelled
4036,8524,13,Pro,24.99,2025-12-06,,Active
4037,8526,24,Pro,24.99,2025-03-31,,Active
4038,8526,6,Team,59.99,2025-09-23,,Active
4039,8527,11,Basic,9.99,2026-03-23,,Active
4040,8532,22,Basic,9.99,2026-04-17,,Active
4041,8533,8,Basic,9.99,2025-08-08,,Active
4042,8544,7,Basic,9.99,2026-01-30,2026-06-15,Cancelled
4043,8545,24,Pro,24.99,2025-06-19,,Active
4044,8546,6,Pro,24.99,2025-08-27,,Active
4045,8546,5,Pro,24.99,2025-12-09,,Active
4046,8551,9,Pro,24.99,2025-10-20,2025-11-23,Cancelled
4047,8555,18,Basic,9.99,2025-12-02,2026-01-18,Cancelled
4048,8558,6,Basic,9.99,2025-10-23,,Active
4049,8562,22,Team,59.99,2026-03-01,,Active
4050,8562,21,Team,59.99,2026-01-16,,Active
4051,8567,21,Pro,24.99,2025-11-07,2025-12-09,Cancelled
4052,8570,9,Team,59.99,2025-06-14,2025-12-02,Cancelled
4053,8576,3,Pro,24.99,2026-02-09,,Active
4054,8579,2,Team,59.99,2025-12-04,,Active
4055,8579,18,Basic,9.99,2025-11-18,2026-03-14,Cancelled
4056,8582,26,Basic,9.99,2025-08-07,,Active
4057,8584,27,Basic,9.99,2026-02-26,,Active
4058,8584,26,Pro,24.99,2026-04-02,,Active
4059,8585,19,Basic,9.99,2026-01-28,,Active
4060,8585,19,Pro,24.99,2026-02-01,,Active
4061,8587,2,Pro,24.99,2025-04-01,,Active
4062,8597,9,Basic,9.99,2026-02-26,,Active
4063,8597,6,Basic,9.99,2026-04-29,,Active
4064,8598,25,Pro,24.99,2025-11-27,,Active
4065,8599,10,Pro,24.99,2026-01-11,,Active
4066,8599,9,Basic,9.99,2025-12-11,2026-04-22,Cancelled
4067,8602,12,Enterprise,149.99,2026-02-02,,Active
4068,8612,22,Basic,9.99,2025-08-02,,Active
4069,8613,24,Basic,9.99,2025-11-21,,Active
4070,8613,5,Basic,9.99,2026-02-08,,Active
4071,8614,9,Pro,24.99,2026-05-12,,Active
4072,8614,27,Basic,9.99,2026-04-19,,Active
4073,8617,20,Pro,24.99,2026-03-31,,Active
4074,8621,23,Basic,9.99,2025-06-04,,Active
4075,8623,5,Pro,24.99,2025-09-17,,Active
4076,8623,10,Enterprise,149.99,2025-06-23,,Active
4077,8626,21,Team,59.99,2025-11-27,,Active
4078,8626,21,Basic,9.99,2026-05-09,,Active
4079,8627,9,Pro,24.99,2025-11-22,,Active
4080,8627,28,Pro,24.99,2026-01-26,,Active
4081,8628,8,Basic,9.99,2025-07-31,,Active
4082,8628,5,Basic,9.99,2025-07-26,,Active
4083,8629,10,Pro,24.99,2026-05-10,,Active
4084,8631,3,Pro,24.99,2026-03-31,,Active
4085,8635,19,Pro,24.99,2026-01-03,2026-06-06,Cancelled
4086,8636,21,Enterprise,149.99,2026-02-26,2026-04-26,Cancelled
4087,8641,21,Pro,24.99,2025-04-03,,Active
4088,8643,6,Basic,9.99,2026-03-17,,Active
4089,8645,26,Basic,9.99,2026-04-08,,Active
4090,8646,19,Basic,9.99,2026-04-27,,Active
4091,8647,18,Team,59.99,2026-03-25,,Active
4092,8648,23,Pro,24.99,2025-12-23,,Active
4093,8654,20,Basic,9.99,2025-10-09,,Active
4094,8656,3,Pro,24.99,2026-03-29,,Active
4095,8656,19,Pro,24.99,2025-11-20,,Active
4096,8659,29,Basic,9.99,2025-11-08,,Active
4097,8668,15,Pro,24.99,2025-08-16,,Active
4098,8669,25,Pro,24.99,2025-11-26,,Active
4099,8669,11,Basic,9.99,2025-05-31,,Active
4100,8671,9,Pro,24.99,2025-11-27,,Active
4101,8672,10,Pro,24.99,2025-11-03,,Active
4102,8674,16,Basic,9.99,2025-03-07,2025-06-05,Cancelled
4103,8676,20,Pro,24.99,2025-07-18,,Active
4104,8678,8,Basic,9.99,2025-11-12,,Active
4105,8679,18,Pro,24.99,2025-12-21,,Active
4106,8685,10,Pro,24.99,2025-09-21,,Active
4107,8685,25,Basic,9.99,2026-02-05,,Active
4108,8687,8,Team,59.99,2025-07-12,,Active
4109,8688,5,Team,59.99,2026-01-24,2026-03-09,Cancelled
4110,8690,9,Basic,9.99,2025-07-22,,Active
4111,8693,3,Pro,24.99,2026-03-06,,Active
4112,8694,25,Basic,9.99,2026-05-26,,Active
4113,8696,3,Basic,9.99,2026-04-15,2026-06-20,Cancelled
4114,8698,15,Basic,9.99,2025-12-05,,Active
4115,8698,14,Basic,9.99,2026-02-13,,Active
4116,8702,26,Basic,9.99,2025-07-31,,Active
4117,8705,24,Basic,9.99,2026-02-23,2026-05-20,Cancelled
4118,8713,26,Basic,9.99,2026-04-15,,Active
4119,8719,20,Pro,24.99,2026-01-24,,Active
4120,8721,24,Basic,9.99,2025-03-29,,Active
4121,8725,20,Pro,24.99,2025-10-03,,Active
4122,8727,12,Pro,24.99,2026-06-27,,Active
4123,8727,15,Team,59.99,2025-10-27,,Active
4124,8728,8,Pro,24.99,2026-06-28,,Active
4125,8733,27,Team,59.99,2025-10-27,,Active
4126,8734,4,Basic,9.99,2026-05-17,,Active
4127,8735,10,Basic,9.99,2026-02-04,,Active
4128,8737,11,Pro,24.99,2025-06-22,,Active
4129,8739,25,Basic,9.99,2026-06-13,,Active
4130,8739,6,Basic,9.99,2026-01-18,,Active
4131,8740,14,Team,59.99,2025-05-27,,Active
4132,8740,15,Pro,24.99,2025-03-22,,Active
4133,8743,15,Pro,24.99,2025-06-25,,Active
4134,8744,22,Team,59.99,2026-03-16,,Active
4135,8746,25,Team,59.99,2025-12-29,,Active
4136,8748,10,Pro,24.99,2025-10-18,2026-03-20,Cancelled
4137,8752,18,Pro,24.99,2025-12-24,2026-02-14,Cancelled
4138,8752,19,Pro,24.99,2025-12-15,,Active
4139,8754,5,Team,59.99,2025-08-22,,Active
4140,8761,25,Pro,24.99,2025-12-13,,Active
4141,8761,3,Basic,9.99,2026-01-19,,Active
4142,8762,19,Basic,9.99,2025-07-23,,Active
4143,8765,7,Basic,9.99,2026-01-17,,Active
4144,8766,26,Basic,9.99,2025-08-06,2025-09-22,Cancelled
4145,8767,23,Pro,24.99,2025-08-02,,Active
4146,8772,19,Pro,24.99,2025-06-20,,Active
4147,8772,20,Basic,9.99,2025-07-26,,Active
4148,8773,9,Basic,9.99,2026-04-29,,Active
4149,8773,20,Pro,24.99,2026-05-05,,Active
4150,8777,20,Pro,24.99,2025-11-18,,Active
4151,8777,19,Basic,9.99,2025-07-03,,Active
4152,8779,26,Pro,24.99,2026-04-19,,Active
4153,8783,27,Basic,9.99,2025-11-06,,Active
4154,8784,26,Basic,9.99,2025-06-12,,Active
4155,8784,7,Pro,24.99,2025-02-26,,Active
4156,8785,11,Pro,24.99,2026-06-08,,Active
4157,8786,2,Basic,9.99,2025-09-16,,Active
4158,8787,24,Basic,9.99,2025-11-15,2026-02-27,Cancelled
4159,8787,21,Team,59.99,2025-12-06,2026-04-23,Cancelled
4160,8790,25,Basic,9.99,2026-06-14,,Active
4161,8793,5,Pro,24.99,2026-03-18,,Active
4162,8793,26,Team,59.99,2026-02-05,,Active
4163,8795,2,Basic,9.99,2026-02-14,,Active
4164,8798,6,Pro,24.99,2025-12-02,,Active
4165,8798,11,Basic,9.99,2025-10-04,,Active
4166,8799,9,Basic,9.99,2026-04-07,,Active
4167,8800,28,Basic,9.99,2026-01-25,,Active
4168,8800,12,Pro,24.99,2025-11-16,,Active
4169,8801,7,Team,59.99,2025-08-06,,Active
4170,8803,25,Pro,24.99,2026-03-18,,Active
4171,8803,23,Pro,24.99,2026-02-24,2026-05-18,Cancelled
4172,8804,17,Basic,9.99,2026-03-28,,Active
4173,8805,18,Basic,9.99,2025-09-10,,Active
4174,8805,5,Basic,9.99,2025-08-29,,Active
4175,8808,18,Team,59.99,2025-11-29,,Active
4176,8809,25,Pro,24.99,2025-08-01,2025-11-07,Cancelled
4177,8819,17,Basic,9.99,2026-03-25,2026-06-28,Cancelled
4178,8822,23,Enterprise,149.99,2025-11-06,,Active
4179,8829,7,Pro,24.99,2025-07-29,,Active
4180,8829,20,Pro,24.99,2025-10-26,2026-01-16,Cancelled
4181,8832,11,Pro,24.99,2026-06-24,,Active
4182,8833,6,Basic,9.99,2025-07-15,,Active
4183,8844,3,Team,59.99,2025-08-25,2026-01-18,Cancelled
4184,8844,3,Pro,24.99,2025-08-25,,Active
4185,8847,1,Basic,9.99,2025-11-26,2026-04-11,Cancelled
4186,8848,21,Team,59.99,2025-07-22,,Active
4187,8849,22,Pro,24.99,2026-04-23,,Active
4188,8849,1,Enterprise,149.99,2026-05-07,,Active
4189,8853,19,Basic,9.99,2025-12-01,,Active
4190,8854,20,Basic,9.99,2026-03-19,2026-04-20,Cancelled
4191,8854,8,Team,59.99,2026-05-23,,Active
4192,8857,20,Pro,24.99,2026-05-05,,Active
4193,8858,25,Basic,9.99,2025-08-28,,Active
4194,8858,15,Pro,24.99,2026-01-18,,Active
4195,8859,18,Team,59.99,2026-06-21,,Active
4196,8860,21,Basic,9.99,2026-04-20,,Active
4197,8863,10,Enterprise,149.99,2026-01-07,,Active
4198,8863,20,Team,59.99,2025-11-02,,Active
4199,8865,11,Basic,9.99,2026-04-27,,Active
4200,8866,14,Team,59.99,2025-12-14,2026-04-21,Cancelled
4201,8867,21,Pro,24.99,2026-03-23,2026-06-17,Cancelled
4202,8870,20,Basic,9.99,2026-02-08,,Active
4203,8872,19,Basic,9.99,2025-10-30,,Active
4204,8873,1,Enterprise,149.99,2025-11-17,,Active
4205,8875,19,Basic,9.99,2025-09-30,,Active
4206,8878,16,Basic,9.99,2025-08-08,,Active
4207,8879,30,Pro,24.99,2026-03-12,,Active
4208,8881,7,Pro,24.99,2025-12-31,,Active
4209,8884,9,Team,59.99,2026-03-31,,Active
4210,8888,10,Pro,24.99,2025-12-21,,Active
4211,8890,16,Basic,9.99,2025-11-30,,Active
4212,8890,12,Basic,9.99,2025-12-15,,Active
4213,8894,4,Pro,24.99,2026-03-12,,Active
4214,8895,6,Pro,24.99,2025-12-23,,Active
4215,8895,17,Team,59.99,2025-10-27,,Active
4216,8897,6,Pro,24.99,2025-05-03,2025-06-10,Cancelled
4217,8904,8,Pro,24.99,2025-12-13,,Active
4218,8904,7,Pro,24.99,2026-03-21,,Active
4219,8905,16,Basic,9.99,2026-06-19,,Active
4220,8908,20,Pro,24.99,2026-04-17,,Active
4221,8910,14,Pro,24.99,2026-03-23,,Active
4222,8910,7,Basic,9.99,2026-03-30,,Active
4223,8912,5,Pro,24.99,2025-03-01,,Active
4224,8915,24,Basic,9.99,2026-02-15,,Active
4225,8917,2,Basic,9.99,2026-01-23,,Active
4226,8921,25,Team,59.99,2025-11-16,,Active
4227,8921,22,Team,59.99,2026-05-27,,Active
4228,8922,25,Basic,9.99,2026-01-21,,Active
4229,8923,24,Basic,9.99,2026-01-04,,Active
4230,8924,22,Basic,9.99,2026-03-13,,Active
4231,8927,4,Basic,9.99,2026-05-30,,Active
4232,8933,3,Basic,9.99,2026-06-04,,Active
4233,8935,5,Pro,24.99,2025-07-24,,Active
4234,8936,9,Team,59.99,2025-11-08,,Active
4235,8936,10,Basic,9.99,2026-06-14,,Active
4236,8939,1,Pro,24.99,2026-04-06,,Active
4237,8939,4,Pro,24.99,2026-04-23,,Active
4238,8943,3,Basic,9.99,2025-07-22,,Active
4239,8943,20,Basic,9.99,2025-05-28,,Active
4240,8944,26,Pro,24.99,2025-03-15,,Active
4241,8946,2,Basic,9.99,2025-06-17,,Active
4242,8946,4,Pro,24.99,2025-03-08,,Active
4243,8949,4,Basic,9.99,2025-06-09,,Active
4244,8954,25,Basic,9.99,2026-05-13,,Active
4245,8955,6,Team,59.99,2026-01-18,,Active
4246,8958,27,Pro,24.99,2026-04-16,,Active
4247,8961,19,Pro,24.99,2025-05-02,,Active
4248,8961,19,Basic,9.99,2025-02-23,2025-07-22,Cancelled
4249,8962,14,Pro,24.99,2025-05-25,,Active
4250,8963,27,Team,59.99,2026-01-02,,Active
4251,8964,24,Basic,9.99,2025-10-24,2026-04-18,Cancelled
4252,8965,13,Pro,24.99,2026-03-01,,Active
4253,8968,9,Basic,9.99,2025-04-13,,Active
4254,8968,3,Pro,24.99,2025-09-01,2025-12-09,Cancelled
4255,8974,20,Pro,24.99,2025-08-08,,Active
4256,8974,19,Basic,9.99,2025-11-29,,Active
4257,8975,9,Team,59.99,2025-11-29,,Active
4258,8977,24,Pro,24.99,2025-03-01,,Active
4259,8977,11,Pro,24.99,2025-07-01,,Active
4260,8980,14,Basic,9.99,2025-06-10,,Active
4261,8984,4,Pro,24.99,2026-02-27,,Active
4262,8985,10,Enterprise,149.99,2025-08-04,,Active
4263,8986,14,Pro,24.99,2026-03-17,2026-04-23,Cancelled
4264,8987,18,Basic,9.99,2026-03-24,,Active
4265,8987,18,Basic,9.99,2026-04-03,,Active
4266,8988,25,Team,59.99,2026-02-05,,Active
4267,8989,21,Basic,9.99,2025-05-22,,Active
4268,8991,3,Pro,24.99,2025-07-17,,Active
4269,9000,18,Pro,24.99,2025-05-25,2025-09-07,Cancelled
4270,9003,25,Basic,9.99,2025-10-10,,Active
4271,9004,19,Pro,24.99,2026-02-02,2026-03-19,Cancelled
4272,9007,18,Basic,9.99,2026-01-15,,Active
4273,9008,5,Basic,9.99,2026-01-06,2026-03-30,Cancelled
4274,9013,8,Basic,9.99,2026-05-03,,Active
4275,9015,12,Basic,9.99,2026-03-31,,Active
4276,9019,23,Pro,24.99,2025-09-06,,Active
4277,9020,4,Pro,24.99,2026-04-06,,Active
4278,9021,23,Basic,9.99,2025-09-21,,Active
4279,9023,28,Pro,24.99,2026-01-03,,Active
4280,9027,27,Pro,24.99,2025-07-30,,Active
4281,9030,3,Enterprise,149.99,2025-10-02,2026-01-11,Cancelled
4282,9030,18,Team,59.99,2025-09-03,,Active
4283,9032,4,Basic,9.99,2026-02-01,2026-06-04,Cancelled
4284,9034,20,Pro,24.99,2025-09-08,,Active
4285,9040,21,Pro,24.99,2025-08-06,,Active
4286,9040,12,Pro,24.99,2025-05-21,,Active
4287,9044,24,Team,59.99,2026-06-17,,Active
4288,9050,10,Pro,24.99,2026-04-28,2026-06-13,Cancelled
4289,9051,9,Basic,9.99,2026-02-02,,Active
4290,9051,11,Basic,9.99,2026-01-03,,Active
4291,9053,27,Enterprise,149.99,2026-06-24,,Active
4292,9053,9,Team,59.99,2026-05-11,,Active
4293,9058,20,Pro,24.99,2026-05-20,,Active
4294,9067,10,Basic,9.99,2026-06-08,,Active
4295,9067,9,Basic,9.99,2026-06-28,,Active
4296,9074,6,Enterprise,149.99,2026-01-01,,Active
4297,9079,22,Pro,24.99,2025-10-26,,Active
4298,9080,16,Basic,9.99,2026-04-28,,Active
4299,9085,10,Team,59.99,2026-05-01,,Active
4300,9086,18,Team,59.99,2026-05-22,,Active
4301,9087,9,Pro,24.99,2026-02-21,,Active
4302,9087,6,Pro,24.99,2026-06-01,,Active
4303,9088,11,Pro,24.99,2026-06-12,,Active
4304,9090,5,Team,59.99,2025-06-09,,Active
4305,9093,24,Pro,24.99,2025-07-23,2025-11-14,Cancelled
4306,9098,7,Pro,24.99,2025-05-22,,Active
4307,9098,30,Enterprise,149.99,2025-04-29,,Active
4308,9099,11,Basic,9.99,2026-04-17,,Active
4309,9102,29,Pro,24.99,2026-02-26,,Active
4310,9102,30,Basic,9.99,2025-09-06,,Active
4311,9107,23,Basic,9.99,2025-10-09,,Active
4312,9107,25,Basic,9.99,2026-05-25,,Active
4313,9111,14,Team,59.99,2025-02-12,,Active
4314,9114,28,Enterprise,149.99,2026-05-31,,Active
4315,9117,23,Pro,24.99,2025-09-18,2026-02-04,Cancelled
4316,9118,18,Basic,9.99,2025-06-12,,Active
4317,9127,23,Basic,9.99,2026-02-20,,Active
4318,9129,18,Pro,24.99,2026-05-04,,Active
4319,9131,18,Team,59.99,2026-06-13,,Active
4320,9131,19,Pro,24.99,2026-03-04,,Active
4321,9132,8,Basic,9.99,2025-05-25,,Active
4322,9133,6,Basic,9.99,2025-10-21,,Active
4323,9134,10,Basic,9.99,2025-06-16,,Active
4324,9138,8,Pro,24.99,2026-03-06,,Active
4325,9143,17,Basic,9.99,2025-12-27,,Active
4326,9144,20,Basic,9.99,2025-08-29,,Active
4327,9144,19,Basic,9.99,2025-11-12,,Active
4328,9145,8,Basic,9.99,2025-05-30,,Active
4329,9149,24,Team,59.99,2025-04-08,,Active
4330,9149,6,Basic,9.99,2025-05-27,,Active
4331,9160,24,Basic,9.99,2026-02-27,,Active
4332,9165,9,Team,59.99,2026-06-24,,Active
4333,9167,13,Pro,24.99,2026-04-09,,Active
4334,9167,28,Basic,9.99,2026-01-07,,Active
4335,9169,2,Team,59.99,2026-06-11,,Active
4336,9169,11,Basic,9.99,2025-12-04,,Active
4337,9170,22,Basic,9.99,2026-06-27,,Active
4338,9170,15,Pro,24.99,2026-02-26,,Active
4339,9172,4,Pro,24.99,2025-12-04,2026-03-19,Cancelled
4340,9178,30,Basic,9.99,2026-04-19,,Active
4341,9178,22,Pro,24.99,2026-01-30,,Active
4342,9182,4,Basic,9.99,2025-08-09,,Active
4343,9184,6,Pro,24.99,2025-06-11,,Active
4344,9184,11,Basic,9.99,2025-10-23,,Active
4345,9185,4,Pro,24.99,2025-08-24,2025-12-24,Cancelled
4346,9185,2,Team,59.99,2026-01-26,,Active
4347,9186,9,Basic,9.99,2026-01-16,,Active
4348,9186,22,Pro,24.99,2026-06-04,,Active
4349,9187,9,Basic,9.99,2025-04-18,,Active
4350,9188,6,Pro,24.99,2025-11-03,,Active
4351,9188,8,Pro,24.99,2026-04-24,,Active
4352,9190,1,Basic,9.99,2026-05-15,,Active
4353,9194,23,Basic,9.99,2026-01-10,,Active
4354,9194,10,Team,59.99,2026-04-09,,Active
4355,9195,8,Basic,9.99,2026-03-25,,Active
4356,9200,29,Basic,9.99,2025-03-16,,Active
4357,9204,8,Pro,24.99,2025-10-29,,Active
4358,9205,24,Basic,9.99,2025-04-29,,Active
4359,9207,11,Basic,9.99,2026-04-08,,Active
4360,9207,3,Basic,9.99,2026-04-21,,Active
4361,9210,1,Pro,24.99,2025-06-02,,Active
4362,9211,4,Basic,9.99,2026-04-04,,Active
4363,9212,17,Pro,24.99,2025-07-29,2025-10-31,Cancelled
4364,9212,27,Basic,9.99,2025-01-17,,Active
4365,9220,30,Team,59.99,2026-05-20,,Active
4366,9222,3,Pro,24.99,2026-06-18,,Active
4367,9223,19,Basic,9.99,2025-03-04,,Active
4368,9224,16,Enterprise,149.99,2026-02-25,,Active
4369,9225,27,Basic,9.99,2025-02-03,,Active
4370,9228,15,Pro,24.99,2026-04-26,,Active
4371,9228,16,Pro,24.99,2026-01-05,,Active
4372,9231,10,Basic,9.99,2026-03-14,,Active
4373,9232,5,Basic,9.99,2026-02-13,,Active
4374,9234,9,Team,59.99,2025-11-12,,Active
4375,9234,6,Enterprise,149.99,2025-11-24,,Active
4376,9237,19,Pro,24.99,2026-05-25,,Active
4377,9239,3,Basic,9.99,2026-04-21,,Active
4378,9241,14,Basic,9.99,2025-11-14,2026-03-21,Cancelled
4379,9245,1,Enterprise,149.99,2026-04-26,,Active
4380,9245,1,Team,59.99,2026-01-02,,Active
4381,9251,2,Basic,9.99,2025-11-29,2026-02-25,Cancelled
4382,9258,5,Team,59.99,2026-01-30,,Active
4383,9259,21,Pro,24.99,2026-06-26,,Active
4384,9261,15,Team,59.99,2025-05-03,,Active
4385,9262,26,Team,59.99,2026-06-25,,Active
4386,9262,26,Basic,9.99,2026-04-07,,Active
4387,9270,18,Team,59.99,2025-09-01,,Active
4388,9271,24,Basic,9.99,2025-06-11,,Active
4389,9271,9,Pro,24.99,2025-12-09,,Active
4390,9275,6,Pro,24.99,2025-07-14,,Active
4391,9276,8,Pro,24.99,2025-07-12,,Active
4392,9280,13,Pro,24.99,2026-04-17,2026-06-27,Cancelled
4393,9281,26,Pro,24.99,2026-03-25,,Active
4394,9282,19,Pro,24.99,2026-01-11,,Active
4395,9283,2,Basic,9.99,2026-02-20,,Active
4396,9284,6,Pro,24.99,2025-12-28,,Active
4397,9288,15,Basic,9.99,2026-03-21,,Active
4398,9290,16,Basic,9.99,2025-11-01,,Active
4399,9293,16,Pro,24.99,2026-02-08,,Active
4400,9295,25,Team,59.99,2025-12-15,,Active
4401,9295,14,Pro,24.99,2025-07-10,2025-08-21,Cancelled
4402,9300,7,Basic,9.99,2026-01-16,,Active
4403,9300,6,Pro,24.99,2026-03-24,,Active
4404,9305,7,Basic,9.99,2026-01-25,,Active
4405,9306,26,Basic,9.99,2026-02-18,,Active
4406,9307,19,Enterprise,149.99,2026-06-30,,Active
4407,9308,19,Pro,24.99,2025-10-11,,Active
4408,9308,7,Pro,24.99,2025-01-18,,Active
4409,9312,24,Basic,9.99,2026-05-05,,Active
4410,9313,23,Team,59.99,2025-10-28,,Active
4411,9313,2,Pro,24.99,2025-11-13,,Active
4412,9319,10,Pro,24.99,2026-05-23,,Active
4413,9320,25,Basic,9.99,2026-01-28,,Active
4414,9320,11,Team,59.99,2025-11-24,,Active
4415,9321,2,Basic,9.99,2025-09-28,2026-02-18,Cancelled
4416,9327,30,Team,59.99,2025-07-26,2025-10-30,Cancelled
4417,9327,29,Pro,24.99,2025-11-08,2026-03-05,Cancelled
4418,9330,10,Pro,24.99,2026-01-17,,Active
4419,9332,9,Basic,9.99,2025-03-29,,Active
4420,9334,24,Team,59.99,2025-06-12,2025-11-20,Cancelled
4421,9335,10,Team,59.99,2025-07-05,,Active
4422,9337,9,Enterprise,149.99,2026-02-26,,Active
4423,9337,10,Pro,24.99,2026-01-05,,Active
4424,9338,10,Basic,9.99,2025-07-22,,Active
4425,9338,10,Enterprise,149.99,2025-09-15,,Active
4426,9339,18,Pro,24.99,2025-04-20,,Active
4427,9342,23,Basic,9.99,2025-10-31,,Active
4428,9342,28,Pro,24.99,2026-01-27,,Active
4429,9343,23,Enterprise,149.99,2025-11-16,,Active
4430,9343,10,Basic,9.99,2026-04-09,,Active
4431,9345,18,Basic,9.99,2026-02-11,2026-05-03,Cancelled
4432,9349,2,Pro,24.99,2025-05-06,,Active
4433,9354,10,Basic,9.99,2026-04-03,,Active
4434,9354,21,Basic,9.99,2026-04-19,,Active
4435,9355,9,Pro,24.99,2026-02-04,,Active
4436,9360,19,Pro,24.99,2026-03-06,,Active
4437,9360,3,Pro,24.99,2026-03-02,,Active
4438,9364,1,Pro,24.99,2025-10-14,2025-11-14,Cancelled
4439,9367,5,Team,59.99,2025-12-08,,Active
4440,9368,25,Pro,24.99,2026-02-15,,Active
4441,9375,1,Basic,9.99,2026-06-01,,Active
4442,9376,9,Pro,24.99,2025-11-23,,Active
4443,9376,3,Basic,9.99,2025-09-11,2026-02-14,Cancelled
4444,9381,8,Basic,9.99,2025-08-26,2026-01-31,Cancelled
4445,9386,3,Basic,9.99,2026-04-09,,Active
4446,9390,9,Basic,9.99,2026-05-01,,Active
4447,9391,11,Team,59.99,2025-08-29,,Active
4448,9391,19,Basic,9.99,2025-04-13,,Active
4449,9392,7,Team,59.99,2025-09-21,,Active
4450,9393,11,Basic,9.99,2025-10-30,,Active
4451,9393,5,Basic,9.99,2025-10-02,2025-12-21,Cancelled
4452,9397,7,Pro,24.99,2025-10-21,,Active
4453,9400,26,Basic,9.99,2025-03-21,,Active
4454,9400,26,Pro,24.99,2025-07-09,,Active
4455,9403,20,Pro,24.99,2025-05-13,2025-08-26,Cancelled
4456,9404,6,Basic,9.99,2026-02-17,,Active
4457,9404,24,Pro,24.99,2025-12-09,,Active
4458,9407,24,Team,59.99,2025-12-25,,Active
4459,9408,11,Basic,9.99,2025-10-31,,Active
4460,9414,22,Basic,9.99,2025-06-04,,Active
4461,9415,25,Pro,24.99,2025-12-14,2026-03-19,Cancelled
4462,9415,11,Pro,24.99,2025-11-22,,Active
4463,9416,5,Basic,9.99,2025-09-20,2026-03-19,Cancelled
4464,9416,19,Team,59.99,2025-04-12,2025-07-07,Cancelled
4465,9419,20,Pro,24.99,2026-02-10,2026-04-01,Cancelled
4466,9420,24,Pro,24.99,2026-06-08,,Active
4467,9427,12,Basic,9.99,2025-01-24,2025-02-24,Cancelled
4468,9428,25,Team,59.99,2025-05-17,,Active
4469,9429,22,Pro,24.99,2026-03-02,,Active
4470,9430,9,Pro,24.99,2025-07-17,2025-09-19,Cancelled
4471,9431,18,Basic,9.99,2025-11-18,,Active
4472,9432,7,Basic,9.99,2025-06-27,,Active
4473,9434,8,Pro,24.99,2026-05-30,,Active
4474,9435,19,Pro,24.99,2026-03-19,,Active
4475,9436,8,Basic,9.99,2026-04-27,,Active
4476,9439,22,Basic,9.99,2025-09-06,,Active
4477,9443,20,Team,59.99,2026-05-21,,Active
4478,9444,26,Pro,24.99,2026-02-20,,Active
4479,9447,21,Pro,24.99,2026-01-05,,Active
4480,9454,27,Basic,9.99,2025-12-11,,Active
4481,9454,27,Team,59.99,2026-01-17,,Active
4482,9460,17,Basic,9.99,2025-11-27,,Active
4483,9463,20,Basic,9.99,2026-06-01,,Active
4484,9466,28,Basic,9.99,2025-06-16,,Active
4485,9476,11,Pro,24.99,2025-07-09,,Active
4486,9477,22,Pro,24.99,2025-09-10,,Active
4487,9477,5,Pro,24.99,2026-01-25,,Active
4488,9479,5,Basic,9.99,2025-09-18,,Active
4489,9480,21,Team,59.99,2026-01-30,,Active
4490,9482,23,Basic,9.99,2026-03-01,,Active
4491,9482,7,Team,59.99,2026-03-07,,Active
4492,9487,23,Pro,24.99,2026-04-13,,Active
4493,9493,12,Pro,24.99,2026-05-10,,Active
4494,9494,22,Basic,9.99,2025-11-24,,Active
4495,9494,25,Basic,9.99,2025-05-07,,Active
4496,9495,9,Team,59.99,2026-06-30,,Active
4497,9501,17,Basic,9.99,2026-06-04,,Active
4498,9503,19,Pro,24.99,2026-03-29,,Active
4499,9503,1,Enterprise,149.99,2025-12-03,2026-05-30,Cancelled
4500,9509,8,Basic,9.99,2026-01-09,,Active
4501,9511,25,Basic,9.99,2026-01-28,,Active
4502,9515,24,Basic,9.99,2026-03-22,,Active
4503,9522,27,Basic,9.99,2025-08-25,,Active
4504,9523,24,Pro,24.99,2025-06-30,2025-09-22,Cancelled
4505,9523,10,Basic,9.99,2025-06-09,,Active
4506,9525,13,Pro,24.99,2026-06-01,,Active
4507,9525,13,Pro,24.99,2026-05-11,,Active
4508,9526,3,Pro,24.99,2026-06-19,,Active
4509,9530,16,Pro,24.99,2025-12-21,,Active
4510,9533,10,Basic,9.99,2026-06-05,,Active
4511,9533,21,Pro,24.99,2025-09-21,,Active
4512,9537,23,Team,59.99,2025-10-17,,Active
4513,9538,18,Team,59.99,2025-04-25,,Active
4514,9538,19,Pro,24.99,2025-11-29,,Active
4515,9541,14,Team,59.99,2026-04-09,,Active
4516,9541,14,Basic,9.99,2025-12-02,,Active
4517,9545,4,Pro,24.99,2026-01-01,2026-03-09,Cancelled
4518,9545,19,Basic,9.99,2026-04-03,,Active
4519,9547,4,Basic,9.99,2025-06-03,2025-09-01,Cancelled
4520,9549,8,Pro,24.99,2025-05-12,,Active
4521,9550,7,Pro,24.99,2025-05-04,,Active
4522,9557,16,Basic,9.99,2025-05-18,,Active
4523,9559,15,Pro,24.99,2025-01-12,,Active
4524,9561,24,Basic,9.99,2025-09-10,2025-11-01,Cancelled
4525,9563,14,Pro,24.99,2025-11-27,,Active
4526,9564,4,Basic,9.99,2025-11-06,2026-05-01,Cancelled
4527,9564,22,Team,59.99,2025-11-10,,Active
4528,9566,5,Team,59.99,2025-12-26,,Active
4529,9569,14,Pro,24.99,2025-07-06,,Active
4530,9573,11,Basic,9.99,2025-03-02,,Active
4531,9573,9,Basic,9.99,2025-10-07,,Active
4532,9575,8,Team,59.99,2025-08-18,2026-02-08,Cancelled
4533,9577,25,Basic,9.99,2026-03-15,,Active
4534,9580,19,Pro,24.99,2025-05-05,,Active
4535,9581,23,Pro,24.99,2026-01-23,2026-06-07,Cancelled
4536,9581,13,Pro,24.99,2026-06-25,,Active
4537,9583,24,Basic,9.99,2025-12-20,,Active
4538,9586,20,Pro,24.99,2026-03-19,,Active
4539,9587,23,Team,59.99,2026-04-13,,Active
4540,9589,19,Basic,9.99,2026-06-03,,Active
4541,9596,28,Basic,9.99,2026-02-08,,Active
4542,9598,28,Pro,24.99,2025-04-10,2025-08-19,Cancelled
4543,9598,11,Basic,9.99,2025-09-20,,Active
4544,9599,25,Basic,9.99,2026-01-26,,Active
4545,9603,5,Pro,24.99,2026-06-23,,Active
4546,9604,8,Basic,9.99,2026-05-02,,Active
4547,9605,27,Pro,24.99,2026-05-22,,Active
4548,9606,18,Pro,24.99,2026-05-18,,Active
4549,9610,3,Basic,9.99,2026-01-05,,Active
4550,9613,7,Pro,24.99,2026-02-07,,Active
4551,9615,8,Enterprise,149.99,2025-12-30,,Active
4552,9615,18,Enterprise,149.99,2026-05-04,,Active
4553,9619,10,Pro,24.99,2025-10-11,,Active
4554,9619,10,Team,59.99,2025-08-07,,Active
4555,9622,7,Team,59.99,2025-09-17,,Active
4556,9625,4,Basic,9.99,2025-04-17,,Active
4557,9627,16,Basic,9.99,2025-10-27,,Active
4558,9629,4,Basic,9.99,2025-10-14,,Active
4559,9629,19,Basic,9.99,2025-10-27,,Active
4560,9632,16,Basic,9.99,2026-05-14,2026-06-28,Cancelled
4561,9636,21,Basic,9.99,2025-07-21,2025-11-02,Cancelled
4562,9636,30,Basic,9.99,2025-04-18,,Active
4563,9638,21,Basic,9.99,2025-04-09,,Active
4564,9643,11,Basic,9.99,2026-03-30,,Active
4565,9643,24,Basic,9.99,2026-06-05,,Active
4566,9651,10,Pro,24.99,2026-03-15,,Active
4567,9656,28,Pro,24.99,2025-12-28,,Active
4568,9658,13,Basic,9.99,2026-04-24,,Active
4569,9662,9,Enterprise,149.99,2025-11-09,,Active
4570,9664,8,Basic,9.99,2025-11-25,,Active
4571,9667,23,Pro,24.99,2026-03-29,,Active
4572,9668,6,Team,59.99,2026-04-17,,Active
4573,9669,14,Basic,9.99,2026-03-09,,Active
4574,9670,11,Team,59.99,2026-02-14,,Active
4575,9672,15,Basic,9.99,2026-03-31,,Active
4576,9675,10,Pro,24.99,2026-02-24,,Active
4577,9679,26,Basic,9.99,2026-02-06,,Active
4578,9681,26,Basic,9.99,2025-04-30,2025-09-04,Cancelled
4579,9685,18,Basic,9.99,2026-01-27,,Active
4580,9691,26,Basic,9.99,2026-01-16,,Active
4581,9691,11,Basic,9.99,2025-04-15,,Active
4582,9694,25,Basic,9.99,2025-12-03,,Active
4583,9694,1,Basic,9.99,2026-02-19,2026-06-02,Cancelled
4584,9697,25,Basic,9.99,2025-10-08,2026-03-26,Cancelled
4585,9698,9,Basic,9.99,2026-01-21,,Active
4586,9698,9,Basic,9.99,2026-04-21,,Active
4587,9699,18,Basic,9.99,2026-01-11,2026-03-14,Cancelled
4588,9699,10,Basic,9.99,2025-06-13,,Active
4589,9700,21,Basic,9.99,2026-04-24,,Active
4590,9700,21,Team,59.99,2026-03-23,,Active
4591,9702,21,Pro,24.99,2025-12-19,,Active
4592,9702,20,Basic,9.99,2026-05-22,,Active
4593,9705,19,Basic,9.99,2026-05-12,,Active
4594,9705,3,Basic,9.99,2026-02-19,,Active
4595,9706,12,Basic,9.99,2025-05-30,,Active
4596,9707,22,Basic,9.99,2025-09-26,2025-11-30,Cancelled
4597,9707,11,Pro,24.99,2025-07-08,,Active
4598,9714,20,Basic,9.99,2026-01-12,,Active
4599,9719,23,Pro,24.99,2026-02-06,,Active
4600,9720,18,Enterprise,149.99,2025-08-12,,Active
4601,9720,8,Pro,24.99,2026-01-23,,Active
4602,9723,21,Pro,24.99,2026-05-25,,Active
4603,9725,24,Basic,9.99,2025-07-19,,Active
4604,9731,2,Basic,9.99,2026-02-21,,Active
4605,9734,16,Basic,9.99,2025-10-22,2025-12-05,Cancelled
4606,9735,10,Basic,9.99,2025-08-20,,Active
4607,9736,3,Basic,9.99,2025-06-09,,Active
4608,9736,1,Pro,24.99,2025-05-29,,Active
4609,9742,11,Pro,24.99,2025-07-17,2025-10-02,Cancelled
4610,9748,21,Basic,9.99,2025-07-22,,Active
4611,9749,28,Basic,9.99,2026-03-03,,Active
4612,9751,22,Pro,24.99,2026-02-06,2026-03-09,Cancelled
4613,9756,5,Team,59.99,2026-01-24,,Active
4614,9756,25,Team,59.99,2025-11-03,,Active
4615,9764,19,Basic,9.99,2026-02-06,,Active
4616,9764,3,Enterprise,149.99,2026-02-26,2026-06-12,Cancelled
4617,9766,10,Basic,9.99,2025-12-12,,Active
4618,9766,7,Pro,24.99,2025-06-09,,Active
4619,9767,3,Pro,24.99,2025-11-16,,Active
4620,9768,25,Basic,9.99,2026-04-24,,Active
4621,9770,18,Pro,24.99,2025-08-23,,Active
4622,9772,16,Basic,9.99,2026-04-01,,Active
4623,9774,8,Pro,24.99,2026-01-29,,Active
4624,9774,14,Basic,9.99,2025-10-14,,Active
4625,9775,9,Pro,24.99,2025-09-14,,Active
4626,9776,19,Enterprise,149.99,2025-07-30,,Active
4627,9777,7,Basic,9.99,2026-04-10,,Active
4628,9780,8,Basic,9.99,2026-01-31,,Active
4629,9780,23,Pro,24.99,2026-01-07,,Active
4630,9781,22,Basic,9.99,2026-04-07,,Active
4631,9781,28,Pro,24.99,2026-02-15,,Active
4632,9785,5,Pro,24.99,2026-02-16,,Active
4633,9785,16,Basic,9.99,2026-04-06,,Active
4634,9787,23,Basic,9.99,2026-03-02,,Active
4635,9789,1,Pro,24.99,2026-06-04,,Active
4636,9793,17,Team,59.99,2026-06-22,,Active
4637,9794,8,Basic,9.99,2025-05-30,,Active
4638,9795,6,Pro,24.99,2025-06-23,,Active
4639,9796,21,Basic,9.99,2026-06-27,,Active
4640,9798,22,Team,59.99,2025-11-20,,Active
4641,9803,29,Basic,9.99,2026-01-24,,Active
4642,9807,9,Basic,9.99,2026-04-22,,Active
4643,9808,18,Basic,9.99,2025-12-12,,Active
4644,9810,11,Basic,9.99,2026-04-12,,Active
4645,9811,9,Basic,9.99,2025-06-21,,Active
4646,9813,4,Pro,24.99,2026-01-08,2026-05-25,Cancelled
4647,9814,6,Pro,24.99,2026-05-22,,Active
4648,9820,9,Team,59.99,2026-06-08,,Active
4649,9820,27,Basic,9.99,2026-05-05,,Active
4650,9825,25,Basic,9.99,2026-05-23,,Active
4651,9826,4,Pro,24.99,2026-03-15,,Active
4652,9826,18,Basic,9.99,2026-04-09,,Active
4653,9836,5,Team,59.99,2026-03-14,,Active
4654,9837,13,Basic,9.99,2026-05-04,,Active
4655,9838,23,Pro,24.99,2026-02-08,,Active
4656,9839,5,Team,59.99,2026-04-02,,Active
4657,9841,14,Pro,24.99,2025-09-27,,Active
4658,9844,6,Basic,9.99,2026-05-31,,Active
4659,9844,9,Basic,9.99,2025-12-01,,Active
4660,9847,8,Pro,24.99,2026-05-20,,Active
4661,9849,24,Basic,9.99,2026-02-03,,Active
4662,9852,7,Basic,9.99,2025-12-23,,Active
4663,9852,25,Basic,9.99,2025-04-06,2025-05-25,Cancelled
4664,9856,2,Basic,9.99,2025-12-22,,Active
4665,9859,26,Pro,24.99,2025-11-11,,Active
4666,9859,17,Pro,24.99,2025-09-19,2026-02-26,Cancelled
4667,9862,2,Team,59.99,2026-01-14,,Active
4668,9862,19,Enterprise,149.99,2026-01-13,,Active
4669,9864,1,Team,59.99,2025-07-22,,Active
4670,9864,4,Pro,24.99,2025-04-01,,Active
4671,9865,26,Basic,9.99,2026-06-06,,Active
4672,9872,11,Basic,9.99,2026-02-15,,Active
4673,9872,2,Pro,24.99,2025-05-12,,Active
4674,9874,24,Basic,9.99,2026-02-12,,Active
4675,9875,6,Pro,24.99,2025-12-03,,Active
4676,9876,1,Basic,9.99,2025-11-23,,Active
4677,9877,10,Basic,9.99,2026-02-07,2026-06-11,Cancelled
4678,9877,26,Basic,9.99,2026-01-28,,Active
4679,9880,20,Pro,24.99,2025-11-05,,Active
4680,9884,14,Pro,24.99,2026-05-28,,Active
4681,9885,20,Basic,9.99,2025-04-10,,Active
4682,9886,21,Pro,24.99,2026-03-12,,Active
4683,9886,11,Basic,9.99,2026-05-20,,Active
4684,9889,2,Pro,24.99,2026-01-11,,Active
4685,9892,18,Basic,9.99,2026-01-25,,Active
4686,9903,13,Enterprise,149.99,2025-04-22,,Active
4687,9909,25,Basic,9.99,2025-10-22,,Active
4688,9909,12,Pro,24.99,2026-03-04,,Active
4689,9911,25,Pro,24.99,2025-07-03,,Active
4690,9912,13,Pro,24.99,2026-04-02,2026-05-20,Cancelled
4691,9915,28,Pro,24.99,2026-02-12,,Active
4692,9916,25,Basic,9.99,2025-09-07,,Active
4693,9917,18,Basic,9.99,2026-04-24,,Active
4694,9917,18,Pro,24.99,2026-03-24,,Active
4695,9921,21,Pro,24.99,2026-04-12,,Active
4696,9921,5,Team,59.99,2025-08-09,2025-09-24,Cancelled
4697,9923,10,Pro,24.99,2026-04-27,,Active
4698,9926,1,Team,59.99,2025-12-14,2026-01-30,Cancelled
4699,9926,1,Basic,9.99,2025-04-25,2025-06-07,Cancelled
4700,9927,10,Basic,9.99,2026-05-31,,Active
4701,9937,18,Pro,24.99,2026-01-21,,Active
4702,9937,9,Basic,9.99,2026-03-03,,Active
4703,9939,9,Basic,9.99,2026-04-10,,Active
4704,9940,25,Pro,24.99,2026-02-22,,Active
4705,9942,8,Pro,24.99,2025-04-30,2025-08-19,Cancelled
4706,9943,21,Pro,24.99,2025-01-30,2025-04-01,Cancelled
4707,9943,2,Pro,24.99,2025-10-31,,Active
4708,9946,11,Pro,24.99,2026-05-05,,Active
4709,9947,14,Pro,24.99,2025-11-08,,Active
4710,9948,13,Pro,24.99,2026-04-08,2026-06-11,Cancelled
4711,9952,11,Pro,24.99,2025-10-04,,Active
4712,9957,4,Pro,24.99,2025-12-10,2026-02-15,Cancelled
4713,9963,21,Basic,9.99,2025-07-22,,Active
4714,9967,27,Basic,9.99,2026-05-10,,Active
4715,9971,21,Basic,9.99,2026-04-26,,Active
4716,9972,8,Pro,24.99,2025-09-14,,Active
4717,9975,20,Basic,9.99,2025-08-13,,Active
4718,9975,9,Pro,24.99,2025-12-20,,Active
4719,9976,9,Basic,9.99,2025-06-21,,Active
4720,9976,18,Basic,9.99,2025-11-21,,Active
4721,9978,26,Pro,24.99,2026-05-04,,Active
4722,9978,27,Basic,9.99,2026-03-31,,Active
4723,9979,24,Basic,9.99,2026-01-12,,Active
4724,9980,7,Basic,9.99,2026-04-14,,Active
4725,9980,20,Pro,24.99,2025-07-29,,Active
4726,9981,17,Basic,9.99,2025-09-22,,Active
4727,9985,25,Basic,9.99,2025-10-14,,Active
4728,9985,9,Pro,24.99,2026-01-17,,Active
4729,9987,5,Pro,24.99,2025-08-01,,Active
4730,9989,23,Basic,9.99,2025-08-28,,Active
4731,9990,2,Pro,24.99,2025-10-07,2026-02-16,Cancelled
4732,9991,28,Pro,24.99,2025-06-05,,Active
4733,9992,25,Basic,9.99,2025-10-09,,Active
4734,9998,20,Basic,9.99,2025-09-23,,Active
4735,10000,9,Pro,24.99,2025-03-14,,Active
4736,10000,1,Basic,9.99,2025-08-11,,Active
