user_id,country,profession,experience_level,created_at
1,Pakistan,Customer Support Specialist,Advanced,2025-11-24
2,Germany,Data Analyst,Beginner,2026-01-15
3,USA,Business Analyst,Intermediate,2025-04-25
4,Australia,Software Developer,Expert,2025-02-22
5,Japan,Data Analyst,Beginner,2025-10-07
6,India,Data Scientist,Intermediate,2025-08-05
7,United Kingdom,Data Scientist,Intermediate,2025-02-17
8,USA,Data Scientist,Intermediate,2025-09-16
9,United Kingdom,Teacher,Beginner,2025-10-15
10,Canada,Marketing Specialist,Beginner,2025-11-29
11,Germany,Data Analyst,Beginner,2025-08-03
12,Spain,Customer Support Specialist,Advanced,2025-10-29
13,India,Software Developer,Advanced,2025-01-04
14,United Kingdom,Software Developer,Intermediate,2025-03-23
15,USA,Entrepreneur,Beginner,2025-06-24
16,France,Student,Intermediate,2025-04-21
17,Canada,Data Analyst,Expert,2025-06-22
18,UAE,Customer Support Specialist,Advanced,2025-07-14
19,Germany,Entrepreneur,Beginner,2026-03-10
20,India,Software Developer,Intermediate,2025-05-16
21,Pakistan,Data Scientist,Advanced,2026-01-09
22,Pakistan,Data Scientist,Intermediate,2025-03-05
23,USA,Teacher,Beginner,2025-07-13
24,South Korea,Teacher,Beginner,2025-05-31
25,USA,Business Analyst,Advanced,2025-11-13
26,Australia,Teacher,Beginner,2025-07-05
27,Pakistan,Software Developer,Advanced,2025-12-27
28,Germany,Student,Beginner,2025-12-05
29,India,Student,Advanced,2025-05-29
30,Germany,Entrepreneur,Intermediate,2025-04-30
31,USA,Researcher,Advanced,2025-07-14
32,Canada,Teacher,Intermediate,2025-11-22
33,Canada,Student,Beginner,2025-03-25
34,USA,Software Developer,Intermediate,2025-04-18
35,India,Designer,Expert,2025-12-26
36,India,Student,Advanced,2025-11-28
37,India,Software Developer,Beginner,2025-11-22
38,USA,Entrepreneur,Advanced,2026-01-09
39,Germany,Business Analyst,Advanced,2025-08-25
40,India,Entrepreneur,Intermediate,2025-11-24
41,Saudi Arabia,Entrepreneur,Intermediate,2025-04-23
42,USA,Data Analyst,Intermediate,2026-03-08
43,Saudi Arabia,Business Analyst,Beginner,2025-01-29
44,Canada,Student,Beginner,2025-01-17
45,USA,Student,Expert,2025-07-25
46,India,Designer,Advanced,2025-04-19
47,Pakistan,Customer Support Specialist,Expert,2025-10-18
48,India,Designer,Intermediate,2025-06-11
49,India,Software Developer,Intermediate,2025-09-13
50,United Kingdom,Software Developer,Beginner,2025-11-26
51,Brazil,Data Analyst,Beginner,2025-05-16
52,United Kingdom,Customer Support Specialist,Beginner,2026-01-17
53,France,Teacher,Beginner,2025-05-15
54,Australia,Student,Intermediate,2025-08-08
55,Germany,Designer,Beginner,2025-07-24
56,Japan,Student,Beginner,2025-03-12
57,USA,Marketing Specialist,Advanced,2025-02-16
58,USA,Designer,Beginner,2025-02-26
59,France,Data Analyst,Advanced,2025-03-23
60,Pakistan,Customer Support Specialist,Beginner,2025-08-05
61,Pakistan,Software Developer,Expert,2025-07-17
62,Singapore,Data Scientist,Advanced,2025-08-28
63,Saudi Arabia,Marketing Specialist,Intermediate,2025-10-11
64,India,Software Developer,Advanced,2025-01-06
65,Brazil,Content Creator,Intermediate,2025-02-28
66,Pakistan,Researcher,Advanced,2025-10-02
67,Brazil,Teacher,Intermediate,2026-01-29
68,USA,Data Analyst,Advanced,2025-02-27
69,Germany,Software Developer,Beginner,2025-03-22
70,France,Software Developer,Beginner,2026-01-05
71,Canada,Researcher,Advanced,2025-05-15
72,India,Researcher,Beginner,2026-01-26
73,India,Teacher,Intermediate,2025-02-24
74,Japan,Content Creator,Intermediate,2025-06-02
75,USA,Student,Beginner,2025-09-17
76,India,Customer Support Specialist,Intermediate,2025-03-20
77,Brazil,Content Creator,Advanced,2025-03-24
78,United Kingdom,Marketing Specialist,Intermediate,2026-02-03
79,India,Researcher,Beginner,2025-01-01
80,USA,Content Creator,Beginner,2025-09-08
81,Spain,Customer Support Specialist,Expert,2025-07-05
82,Pakistan,Software Developer,Expert,2026-03-02
83,Pakistan,Customer Support Specialist,Expert,2025-05-03
84,Singapore,Data Scientist,Intermediate,2025-10-18
85,Singapore,Student,Beginner,2025-02-13
86,Canada,Customer Support Specialist,Advanced,2026-02-22
87,Canada,Software Developer,Intermediate,2026-01-25
88,South Korea,Data Analyst,Intermediate,2025-03-06
89,Singapore,Teacher,Advanced,2025-09-01
90,Australia,Student,Beginner,2025-03-26
91,Saudi Arabia,Business Analyst,Advanced,2025-11-07
92,Netherlands,Designer,Intermediate,2025-04-19
93,Saudi Arabia,Content Creator,Advanced,2026-01-22
94,Saudi Arabia,Entrepreneur,Intermediate,2025-04-13
95,Pakistan,Software Developer,Intermediate,2025-07-24
96,USA,Student,Intermediate,2025-11-29
97,India,Marketing Specialist,Beginner,2025-09-22
98,USA,Business Analyst,Intermediate,2025-05-07
99,USA,Designer,Advanced,2025-06-23
100,India,Content Creator,Beginner,2025-10-11
101,USA,Designer,Intermediate,2025-04-23
102,Germany,Researcher,Expert,2025-12-29
103,Canada,Student,Advanced,2025-04-28
104,India,Student,Beginner,2025-01-17
105,USA,Customer Support Specialist,Advanced,2025-02-06
106,Australia,Student,Beginner,2025-05-23
107,USA,Data Scientist,Intermediate,2025-04-20
108,Australia,Content Creator,Beginner,2026-01-06
109,Italy,Researcher,Intermediate,2025-10-20
110,Germany,Student,Beginner,2025-05-05
111,Pakistan,Teacher,Beginner,2026-02-18
112,USA,Software Developer,Beginner,2025-02-18
113,Singapore,Researcher,Intermediate,2025-08-09
114,USA,Designer,Intermediate,2025-07-30
115,USA,Student,Intermediate,2026-01-09
116,Germany,Content Creator,Beginner,2025-12-01
117,Pakistan,Content Creator,Intermediate,2025-02-20
118,Singapore,Content Creator,Beginner,2026-01-08
119,USA,Content Creator,Beginner,2025-02-25
120,Germany,Customer Support Specialist,Intermediate,2025-04-08
121,Pakistan,Content Creator,Intermediate,2025-03-13
122,Canada,Customer Support Specialist,Intermediate,2025-05-23
123,Italy,Entrepreneur,Beginner,2025-02-08
124,USA,Software Developer,Beginner,2025-10-09
125,USA,Content Creator,Beginner,2025-11-30
126,India,Business Analyst,Beginner,2026-03-05
127,Saudi Arabia,Data Scientist,Beginner,2025-02-17
128,Australia,Content Creator,Advanced,2026-03-11
129,Australia,Teacher,Beginner,2025-07-28
130,USA,Teacher,Advanced,2025-04-20
131,South Korea,Student,Intermediate,2025-01-31
132,UAE,Student,Expert,2025-01-02
133,Singapore,Student,Advanced,2025-05-16
134,UAE,Software Developer,Expert,2026-02-06
135,United Kingdom,Business Analyst,Intermediate,2025-08-05
136,Brazil,Student,Beginner,2026-01-10
137,Brazil,Software Developer,Intermediate,2025-10-12
138,Italy,Customer Support Specialist,Intermediate,2025-09-07
139,Germany,Student,Beginner,2025-06-01
140,India,Content Creator,Advanced,2025-01-30
141,Saudi Arabia,Teacher,Beginner,2025-10-05
142,United Kingdom,Software Developer,Intermediate,2025-06-10
143,United Kingdom,Entrepreneur,Intermediate,2025-10-27
144,USA,Data Analyst,Advanced,2026-03-13
145,Germany,Software Developer,Beginner,2025-01-30
146,Australia,Software Developer,Advanced,2025-02-11
147,Australia,Software Developer,Beginner,2025-02-05
148,South Korea,Student,Intermediate,2025-12-12
149,Saudi Arabia,Customer Support Specialist,Expert,2025-07-26
150,UAE,Student,Beginner,2025-10-19
151,UAE,Marketing Specialist,Intermediate,2025-11-01
152,Brazil,Software Developer,Intermediate,2025-02-11
153,USA,Student,Beginner,2025-10-26
154,USA,Software Developer,Intermediate,2025-06-11
155,UAE,Marketing Specialist,Expert,2025-04-15
156,Pakistan,Data Scientist,Advanced,2025-06-10
157,India,Customer Support Specialist,Beginner,2025-07-22
158,Italy,Software Developer,Advanced,2025-11-27
159,Canada,Customer Support Specialist,Beginner,2025-06-11
160,Canada,Customer Support Specialist,Intermediate,2025-02-07
161,,Researcher,Intermediate,2025-11-15
162,Germany,Marketing Specialist,Expert,2025-02-21
163,USA,Data Scientist,Expert,2025-04-20
164,Brazil,Student,Intermediate,2025-03-09
165,India,Data Analyst,Intermediate,2025-02-05
166,Pakistan,Marketing Specialist,Beginner,2025-07-09
167,Malaysia,Customer Support Specialist,Advanced,2025-08-13
168,Canada,Data Scientist,Advanced,2025-12-27
169,France,Data Analyst,Expert,2026-02-18
170,Japan,Customer Support Specialist,Advanced,2025-01-05
171,Germany,Student,Expert,2025-10-11
172,Singapore,Software Developer,Beginner,2025-12-06
173,Pakistan,Business Analyst,Expert,2025-03-10
174,USA,Marketing Specialist,Intermediate,2025-02-24
175,Italy,Business Analyst,Advanced,2025-03-21
176,United Kingdom,Student,Beginner,2025-11-06
177,USA,Business Analyst,Advanced,2025-06-25
178,South Korea,Customer Support Specialist,Intermediate,2025-11-21
179,UAE,Customer Support Specialist,Advanced,2025-09-16
180,India,Student,Beginner,2026-03-10
181,Italy,Marketing Specialist,Beginner,2025-11-21
182,France,Marketing Specialist,Intermediate,2025-05-22
183,USA,Content Creator,Intermediate,2025-06-20
184,UAE,Designer,Advanced,2025-11-23
185,Canada,Marketing Specialist,Advanced,2025-03-24
186,Pakistan,Software Developer,Beginner,2025-10-10
187,UAE,Content Creator,Advanced,2025-10-15
188,India,Software Developer,Beginner,2025-02-08
189,Pakistan,Marketing Specialist,Intermediate,2025-12-20
190,United Kingdom,Entrepreneur,Intermediate,2025-10-07
191,Canada,Teacher,Intermediate,2025-07-09
192,Germany,Business Analyst,Expert,2025-03-17
193,USA,Entrepreneur,Intermediate,2025-01-22
194,India,Student,Expert,2026-02-12
195,United Kingdom,Student,Intermediate,2025-01-21
196,India,Software Developer,Beginner,2025-04-18
197,USA,Data Analyst,Beginner,2025-12-08
198,France,Data Analyst,Intermediate,2026-02-04
199,Brazil,Designer,Advanced,2025-07-28
200,USA,Data Analyst,Beginner,2026-01-19
201,USA,Data Scientist,Beginner,2025-05-02
202,USA,Software Developer,Intermediate,2026-02-14
203,India,Student,Intermediate,2025-07-31
204,Australia,Software Developer,Advanced,2026-01-13
205,Germany,Software Developer,Advanced,2026-02-05
206,Netherlands,Software Developer,Beginner,2026-02-15
207,Saudi Arabia,Teacher,Beginner,2026-01-12
208,India,Student,Intermediate,2025-05-17
209,Germany,Student,Intermediate,2025-12-26
210,UAE,Software Developer,Beginner,2025-01-20
211,Australia,Entrepreneur,Intermediate,2025-04-24
212,Canada,Software Developer,Intermediate,2025-08-24
213,Canada,Data Scientist,Beginner,2026-02-25
214,Pakistan,Software Developer,Intermediate,2025-04-27
215,India,Student,Beginner,2025-12-04
216,Brazil,Marketing Specialist,Advanced,2025-06-18
217,Saudi Arabia,Designer,Beginner,2025-02-05
218,Canada,Marketing Specialist,Advanced,2025-05-23
219,United Kingdom,Software Developer,Beginner,2025-09-18
220,Pakistan,Content Creator,Intermediate,2026-03-08
221,Pakistan,Customer Support Specialist,Intermediate,2025-01-15
222,India,Software Developer,Beginner,2025-05-14
223,India,Data Analyst,Beginner,2025-05-16
224,India,Data Analyst,Advanced,2025-11-02
225,USA,Designer,Intermediate,2026-01-09
226,South Korea,Software Developer,Intermediate,2025-08-12
227,Italy,Business Analyst,Advanced,2025-09-19
228,India,Data Analyst,Advanced,2025-10-23
229,Netherlands,Marketing Specialist,Intermediate,2025-01-23
230,India,Teacher,Beginner,2025-01-01
231,India,Student,Intermediate,2026-02-17
232,India,Software Developer,Intermediate,2026-01-04
233,India,Marketing Specialist,Beginner,2026-01-13
234,United Kingdom,Designer,Beginner,2025-07-06
235,Pakistan,Software Developer,Beginner,2025-12-07
236,South Korea,Student,Advanced,2025-11-16
237,India,Content Creator,Advanced,2026-03-11
238,Germany,Designer,Intermediate,2025-06-03
239,Pakistan,Entrepreneur,Advanced,2025-12-08
240,Italy,Software Developer,Advanced,2025-07-26
241,Spain,Data Analyst,Beginner,2025-10-11
242,UAE,Marketing Specialist,Advanced,2025-08-04
243,USA,Teacher,Beginner,2025-07-14
244,USA,Data Analyst,Advanced,2025-03-31
245,France,Designer,Intermediate,2025-06-04
246,Singapore,Student,Advanced,2026-03-03
247,United Kingdom,Student,Intermediate,2025-05-27
248,India,Teacher,Intermediate,2026-02-07
249,India,Entrepreneur,Intermediate,2025-12-02
250,Canada,Entrepreneur,Intermediate,2025-08-15
251,USA,Customer Support Specialist,Intermediate,2025-04-20
252,Pakistan,Software Developer,Advanced,2026-02-11
253,Germany,Designer,Advanced,2026-02-12
254,Saudi Arabia,Data Analyst,Intermediate,2025-12-04
255,India,Teacher,Beginner,2025-09-21
256,Canada,Teacher,Advanced,2025-11-14
257,Pakistan,Business Analyst,Beginner,2026-02-24
258,Japan,Software Developer,Intermediate,2025-05-01
259,Saudi Arabia,Data Analyst,Beginner,2025-04-26
260,Australia,Researcher,Intermediate,2025-03-17
261,Australia,Marketing Specialist,Beginner,2025-05-06
262,Pakistan,Data Analyst,Expert,2025-11-09
263,Germany,Student,Intermediate,2025-02-07
264,Spain,Data Analyst,Intermediate,2025-11-19
265,United Kingdom,Marketing Specialist,Beginner,2026-01-03
266,Singapore,Customer Support Specialist,Intermediate,2025-09-11
267,Australia,Entrepreneur,Advanced,2025-03-17
268,USA,Marketing Specialist,Intermediate,2025-01-03
269,Pakistan,Researcher,Expert,2026-01-30
270,Netherlands,Student,Beginner,2026-02-03
271,South Korea,Business Analyst,Beginner,2025-04-01
272,Netherlands,Business Analyst,Intermediate,2025-12-23
273,Germany,Student,Beginner,2025-01-26
274,Pakistan,Teacher,Beginner,2026-03-11
275,Pakistan,Student,Intermediate,2025-03-10
276,Netherlands,Student,Intermediate,2025-12-08
277,Australia,Student,Beginner,2025-10-14
278,United Kingdom,Data Analyst,Beginner,2026-01-22
279,United Kingdom,Student,Expert,2025-11-10
280,Pakistan,Marketing Specialist,Intermediate,2025-09-16
281,USA,Content Creator,Beginner,2025-10-08
282,Italy,Data Analyst,Intermediate,2025-03-23
283,USA,Customer Support Specialist,Intermediate,2025-09-01
284,Germany,Software Developer,Advanced,2026-01-20
285,India,Entrepreneur,Beginner,2025-11-23
286,India,Software Developer,Intermediate,2026-02-03
287,Canada,Software Developer,Advanced,2025-11-17
288,United Kingdom,Designer,Intermediate,2025-08-14
289,Pakistan,Marketing Specialist,Beginner,2025-05-27
290,India,Business Analyst,Expert,2025-06-21
291,Pakistan,Data Scientist,Intermediate,2025-10-04
292,Pakistan,Software Developer,Beginner,2025-03-19
293,Australia,Content Creator,Beginner,2025-12-22
294,India,Data Analyst,Advanced,2025-04-20
295,USA,Software Developer,Advanced,2025-07-28
296,USA,Content Creator,Beginner,2025-08-27
297,USA,Data Scientist,Advanced,2025-04-16
298,Singapore,Business Analyst,Intermediate,2025-07-19
299,France,Data Analyst,Beginner,2025-10-27
300,Brazil,Software Developer,Beginner,2025-01-11
301,India,Software Developer,Beginner,2026-01-27
302,Germany,Student,Advanced,2025-09-02
303,Saudi Arabia,Student,Beginner,2025-06-30
304,Pakistan,Marketing Specialist,Beginner,2025-07-19
305,Germany,Student,Intermediate,2026-03-04
306,United Kingdom,Data Scientist,Expert,2026-01-18
307,UAE,Data Analyst,Advanced,2026-02-14
308,United Kingdom,Entrepreneur,Advanced,2025-04-23
309,Pakistan,Software Developer,Beginner,2025-05-20
310,Canada,Content Creator,Beginner,2025-01-15
311,USA,Business Analyst,Expert,2025-12-09
312,Canada,Data Analyst,Beginner,2025-07-27
313,USA,Entrepreneur,Beginner,2026-03-07
314,Canada,Data Scientist,Intermediate,2025-03-07
315,France,Business Analyst,Beginner,2025-10-01
316,USA,Software Developer,Expert,2025-07-21
317,Singapore,Marketing Specialist,Intermediate,2025-12-06
318,France,Data Analyst,Expert,2025-11-26
319,Pakistan,Student,Intermediate,2025-08-25
320,USA,Data Analyst,Advanced,2025-05-14
321,USA,Marketing Specialist,Beginner,2025-04-19
322,Pakistan,Data Scientist,Intermediate,2025-06-22
323,Australia,Data Scientist,Intermediate,2025-07-14
324,,Content Creator,Expert,2026-03-02
325,Australia,Data Analyst,Beginner,2026-03-04
326,India,Marketing Specialist,Beginner,2025-01-10
327,United Kingdom,Marketing Specialist,Intermediate,2025-01-27
328,UAE,Software Developer,Beginner,2025-06-29
329,Australia,Designer,Advanced,2025-02-05
330,United Kingdom,Data Scientist,Advanced,2025-11-30
331,Saudi Arabia,Researcher,Beginner,2025-01-16
332,Germany,Student,Beginner,2025-04-13
333,Netherlands,Software Developer,Expert,2025-11-15
334,United Kingdom,Data Analyst,Intermediate,2025-03-06
335,Singapore,Researcher,Advanced,2025-02-28
336,France,Researcher,Advanced,2025-04-22
337,India,Designer,Beginner,2025-05-12
338,South Korea,Customer Support Specialist,Beginner,2025-03-27
339,Australia,Entrepreneur,Beginner,2026-01-18
340,Canada,Entrepreneur,Beginner,2026-02-03
341,Australia,Data Scientist,Expert,2025-06-09
342,Malaysia,Customer Support Specialist,Intermediate,2025-01-14
343,Singapore,Business Analyst,Intermediate,2025-10-22
344,Japan,Software Developer,Intermediate,2025-07-12
345,India,Software Developer,Beginner,2026-01-02
346,Australia,Student,Advanced,2025-10-31
347,USA,Student,Intermediate,2025-11-18
348,Saudi Arabia,Student,Intermediate,2025-12-23
349,Brazil,Marketing Specialist,Beginner,2026-03-12
350,USA,Business Analyst,Beginner,2026-02-17
351,Singapore,Designer,Expert,2025-10-17
352,Saudi Arabia,Customer Support Specialist,Intermediate,2025-06-27
353,UAE,Student,Intermediate,2025-12-05
354,Germany,Business Analyst,Expert,2025-09-17
355,UAE,Student,Intermediate,2025-01-07
356,Australia,Data Analyst,Beginner,2026-02-26
357,Pakistan,Data Scientist,Beginner,2025-08-10
358,India,Software Developer,Beginner,2025-11-22
359,South Korea,Student,Intermediate,2025-08-24
360,France,Data Analyst,Expert,2025-08-11
361,Saudi Arabia,Software Developer,Intermediate,2025-09-25
362,Singapore,Customer Support Specialist,Intermediate,2025-05-19
363,Germany,Data Analyst,Expert,2025-10-03
364,India,Customer Support Specialist,Intermediate,2025-08-27
365,Germany,Designer,Beginner,2026-01-10
366,USA,Data Analyst,Beginner,2025-06-15
367,UAE,Student,Beginner,2026-03-02
368,Italy,Entrepreneur,Expert,2025-05-23
369,South Korea,Data Analyst,Intermediate,2025-05-05
370,UAE,Researcher,Beginner,2025-10-19
371,Saudi Arabia,Data Analyst,Beginner,2025-07-14
372,Canada,Marketing Specialist,Intermediate,2025-09-11
373,USA,Business Analyst,Beginner,2025-04-04
374,USA,Entrepreneur,Expert,2025-07-01
375,Singapore,Teacher,Advanced,2025-06-24
376,Canada,Software Developer,Intermediate,2025-11-02
377,Pakistan,Data Scientist,Advanced,2025-05-22
378,United Kingdom,Software Developer,Beginner,2025-09-22
379,France,Software Developer,Advanced,2025-02-13
380,United Kingdom,Designer,Intermediate,2025-07-28
381,Japan,Student,Advanced,2026-01-24
382,Canada,Data Scientist,Advanced,2025-09-01
383,Saudi Arabia,Content Creator,Advanced,2025-09-09
384,Singapore,Researcher,Advanced,2025-01-09
385,Australia,Content Creator,Intermediate,2025-04-24
386,UAE,Data Analyst,Advanced,2025-05-05
387,Singapore,Software Developer,Advanced,2025-10-25
388,USA,Student,Advanced,2025-10-11
389,USA,Business Analyst,Advanced,2025-08-06
390,United Kingdom,Software Developer,Beginner,2025-10-09
391,Germany,Customer Support Specialist,Intermediate,2025-12-26
392,India,Content Creator,Intermediate,2025-06-06
393,UAE,Software Developer,Advanced,2025-03-03
394,Canada,Customer Support Specialist,Intermediate,2025-06-11
395,Germany,Customer Support Specialist,Beginner,2025-10-02
396,Spain,Content Creator,Beginner,2025-12-20
397,India,Researcher,Beginner,2025-04-21
398,Germany,Student,Intermediate,2025-05-22
399,USA,Business Analyst,Expert,2026-01-25
400,Italy,Teacher,Beginner,2025-05-25
401,UAE,Software Developer,Beginner,2026-03-03
402,India,Designer,Advanced,2025-04-27
403,,Student,Beginner,2025-06-04
404,South Korea,Student,Intermediate,2025-10-01
405,USA,Teacher,Advanced,2025-01-24
406,India,Software Developer,Advanced,2025-10-11
407,France,Data Scientist,Expert,2025-03-06
408,USA,Student,Expert,2026-01-21
409,Pakistan,Content Creator,Intermediate,2025-01-07
410,India,Customer Support Specialist,Intermediate,2025-08-29
411,Brazil,Data Analyst,Beginner,2025-06-24
412,USA,Content Creator,Intermediate,2025-01-27
413,Singapore,Designer,Expert,2025-09-02
414,India,Business Analyst,Advanced,2025-02-03
415,UAE,Business Analyst,Advanced,2025-02-07
416,Germany,Software Developer,Beginner,2025-12-18
417,Netherlands,Marketing Specialist,Advanced,2025-03-18
418,United Kingdom,Software Developer,Beginner,2025-06-05
419,France,Student,Beginner,2025-05-08
420,United Kingdom,Software Developer,Intermediate,2026-01-27
421,India,Teacher,Intermediate,2025-11-02
422,United Kingdom,Software Developer,Beginner,2025-04-26
423,Pakistan,Designer,Intermediate,2025-07-14
424,India,Researcher,Advanced,2025-08-15
425,UAE,Software Developer,Intermediate,2025-10-29
426,USA,Data Scientist,Expert,2025-06-06
427,USA,Designer,Intermediate,2025-01-31
428,Australia,Marketing Specialist,Beginner,2026-01-14
429,India,Designer,Beginner,2026-01-26
430,Pakistan,Software Developer,Beginner,2025-04-19
431,Pakistan,Software Developer,Intermediate,2025-02-11
432,France,Teacher,Beginner,2025-03-30
433,USA,Software Developer,Intermediate,2025-03-22
434,Australia,Software Developer,Expert,2025-08-19
435,USA,Marketing Specialist,Advanced,2025-08-29
436,Singapore,Researcher,Advanced,2025-04-29
437,Pakistan,Business Analyst,Beginner,2025-05-25
438,Brazil,Marketing Specialist,Advanced,2025-08-21
439,United Kingdom,Content Creator,Intermediate,2025-04-30
440,Australia,Software Developer,Beginner,2026-02-08
441,India,Data Analyst,Advanced,2025-10-29
442,India,Customer Support Specialist,Intermediate,2025-04-12
443,India,Teacher,Advanced,2025-10-06
444,United Kingdom,Marketing Specialist,Advanced,2025-03-18
445,India,Customer Support Specialist,Expert,2026-02-28
446,France,Data Analyst,Advanced,2025-01-31
447,USA,Software Developer,Beginner,2025-06-07
448,United Kingdom,Business Analyst,Advanced,2026-02-27
449,UAE,Student,Intermediate,2025-05-28
450,Pakistan,Customer Support Specialist,Beginner,2025-08-28
451,Singapore,Marketing Specialist,Intermediate,2025-12-25
452,Australia,Designer,Advanced,2025-05-20
453,Brazil,Student,Beginner,2025-09-10
454,Germany,Entrepreneur,Beginner,2025-11-03
455,Germany,Content Creator,Advanced,2025-08-10
456,USA,Researcher,Expert,2025-11-06
457,USA,Data Analyst,Expert,2025-02-16
458,India,Business Analyst,Intermediate,2025-12-12
459,India,Business Analyst,Intermediate,2025-10-22
460,Canada,Student,Intermediate,2025-01-11
461,USA,Student,Expert,2025-12-11
462,India,Content Creator,Intermediate,2025-10-23
463,UAE,Software Developer,Expert,2026-01-23
464,United Kingdom,Data Analyst,Beginner,2025-09-23
465,USA,Designer,Intermediate,2025-05-23
466,Japan,Student,Beginner,2025-10-27
467,Germany,Researcher,Beginner,2026-02-21
468,USA,Software Developer,Advanced,2025-02-16
469,France,Designer,Advanced,2025-07-29
470,Saudi Arabia,Marketing Specialist,Advanced,2025-12-10
471,India,Software Developer,Beginner,2025-03-24
472,USA,Designer,Expert,2025-12-22
473,USA,Software Developer,Intermediate,2025-12-06
474,Spain,Student,Intermediate,2026-02-21
475,USA,Data Analyst,Expert,2025-01-19
476,Italy,Software Developer,Expert,2025-06-11
477,Germany,Business Analyst,Intermediate,2025-03-01
478,Canada,Designer,Advanced,2025-07-26
479,USA,Software Developer,Intermediate,2026-02-27
480,Australia,Data Analyst,Advanced,2025-12-03
481,Italy,Software Developer,Advanced,2025-08-25
482,United Kingdom,Business Analyst,Beginner,2025-04-07
483,Australia,Business Analyst,Expert,2025-11-15
484,France,Designer,Intermediate,2025-11-17
485,Singapore,Marketing Specialist,Beginner,2025-01-27
486,Spain,Content Creator,Advanced,2025-10-09
487,India,Content Creator,Intermediate,2025-05-28
488,France,Software Developer,Advanced,2025-12-24
489,South Korea,Software Developer,Expert,2025-01-15
490,Pakistan,Business Analyst,Advanced,2025-11-08
491,Canada,Researcher,Advanced,2025-12-30
492,Pakistan,Student,Advanced,2025-10-10
493,Saudi Arabia,Teacher,Advanced,2025-07-28
494,United Kingdom,Business Analyst,Beginner,2026-03-07
495,Canada,Software Developer,Intermediate,2025-08-25
496,Pakistan,Student,Advanced,2025-11-28
497,Pakistan,Student,Beginner,2025-09-13
498,Pakistan,Data Analyst,Beginner,2025-05-30
499,Germany,Content Creator,Intermediate,2025-05-20
500,United Kingdom,Student,Advanced,2025-09-05
501,Canada,Designer,Beginner,2025-05-05
502,Pakistan,Student,Intermediate,2025-03-16
503,Germany,Designer,Intermediate,2025-11-03
504,UAE,Business Analyst,Advanced,2025-03-11
505,Italy,Software Developer,Beginner,2025-05-22
506,USA,Content Creator,Advanced,2025-08-01
507,India,Entrepreneur,Beginner,2026-02-08
508,Spain,Student,Beginner,2026-02-25
509,United Kingdom,Data Scientist,Beginner,2026-01-07
510,India,Teacher,Intermediate,2025-10-28
511,India,Marketing Specialist,Advanced,2025-12-04
512,India,Student,Beginner,2025-03-18
513,India,Content Creator,Beginner,2025-09-05
514,Canada,Researcher,Beginner,2025-10-10
515,Canada,Data Scientist,Expert,2025-07-13
516,United Kingdom,Teacher,Intermediate,2025-06-14
517,USA,Content Creator,Expert,2025-12-24
518,Germany,Business Analyst,Advanced,2025-07-16
519,India,Data Analyst,Intermediate,2026-02-02
520,,Business Analyst,Expert,2025-06-12
521,Pakistan,Data Analyst,Advanced,2025-12-28
522,India,Business Analyst,Intermediate,2025-07-15
523,France,Software Developer,Intermediate,2025-12-06
524,United Kingdom,Marketing Specialist,Beginner,2025-11-30
525,Australia,Business Analyst,Beginner,2025-09-11
526,USA,Software Developer,Intermediate,2025-03-06
527,Germany,Marketing Specialist,Beginner,2025-10-30
528,Pakistan,Marketing Specialist,Intermediate,2025-02-21
529,South Korea,Software Developer,Advanced,2025-08-14
530,Pakistan,Student,Advanced,2025-08-22
531,Australia,Customer Support Specialist,Beginner,2025-03-15
532,USA,Researcher,Intermediate,2025-12-02
533,India,Software Developer,Beginner,2025-02-08
534,Brazil,Data Analyst,Intermediate,2025-05-16
535,India,Student,Beginner,2025-12-21
536,Canada,Software Developer,Advanced,2025-02-11
537,India,Marketing Specialist,Advanced,2026-03-13
538,France,Designer,Intermediate,2025-10-01
539,Pakistan,Content Creator,Expert,2025-06-12
540,France,Marketing Specialist,Advanced,2026-01-24
541,United Kingdom,Software Developer,Intermediate,2025-10-05
542,Italy,Data Analyst,Advanced,2025-02-05
543,India,Designer,Beginner,2025-12-17
544,United Kingdom,Teacher,Intermediate,2025-04-27
545,France,Teacher,Expert,2025-08-11
546,India,Student,Beginner,2026-01-25
547,South Korea,Entrepreneur,Intermediate,2025-02-21
548,Japan,Designer,Intermediate,2025-12-22
549,USA,Teacher,Beginner,2025-01-15
550,Japan,Teacher,Advanced,2026-02-12
551,USA,Data Scientist,Beginner,2025-07-03
552,Pakistan,Software Developer,Expert,2025-03-16
553,Canada,Data Scientist,Intermediate,2025-07-30
554,United Kingdom,Marketing Specialist,Intermediate,2026-02-10
555,,Designer,Expert,2025-03-31
556,Singapore,Data Analyst,Expert,2025-07-15
557,USA,Business Analyst,Intermediate,2025-05-04
558,Singapore,Business Analyst,Advanced,2025-10-26
559,Saudi Arabia,Data Scientist,Beginner,2025-08-25
560,Pakistan,Data Analyst,Advanced,2025-08-24
561,Pakistan,Customer Support Specialist,Intermediate,2025-01-05
562,Japan,Software Developer,Advanced,2025-08-27
563,Netherlands,Designer,Intermediate,2025-12-13
564,UAE,Data Analyst,Intermediate,2025-02-07
565,Pakistan,Data Analyst,Intermediate,2025-06-26
566,USA,Software Developer,Beginner,2025-06-03
567,Italy,Marketing Specialist,Expert,2025-08-06
568,United Kingdom,Student,Intermediate,2025-08-22
569,United Kingdom,Software Developer,Intermediate,2025-04-12
570,India,Marketing Specialist,Advanced,2026-03-13
571,USA,Software Developer,Advanced,2025-05-02
572,United Kingdom,Software Developer,Expert,2025-07-03
573,USA,Researcher,Expert,2025-12-25
574,India,Data Analyst,Beginner,2026-03-01
575,India,Software Developer,Advanced,2025-05-21
576,USA,Designer,Expert,2025-12-18
577,Saudi Arabia,Marketing Specialist,Intermediate,2025-01-26
578,Germany,Designer,Intermediate,2026-01-17
579,USA,Entrepreneur,Intermediate,2025-05-27
580,India,Student,Intermediate,2025-04-28
581,Japan,Researcher,Advanced,2025-06-30
582,USA,Student,Intermediate,2025-04-08
583,USA,Data Scientist,Advanced,2025-12-14
584,USA,Designer,Beginner,2026-01-28
585,USA,Data Scientist,Expert,2026-03-06
586,Saudi Arabia,Customer Support Specialist,Intermediate,2025-02-19
587,USA,Marketing Specialist,Intermediate,2025-11-27
588,Japan,Software Developer,Intermediate,2026-02-08
589,USA,Student,Advanced,2025-10-24
590,United Kingdom,Student,Intermediate,2025-03-09
591,United Kingdom,Teacher,Advanced,2025-06-01
592,Italy,Teacher,Intermediate,2025-08-01
593,France,Student,Beginner,2025-03-09
594,Japan,Software Developer,Expert,2025-07-07
595,United Kingdom,Content Creator,Advanced,2025-05-20
596,Brazil,Content Creator,Intermediate,2025-05-12
597,USA,Designer,Beginner,2025-09-04
598,Australia,Designer,Advanced,2025-06-01
599,USA,Software Developer,Advanced,2025-06-23
600,USA,Software Developer,Beginner,2025-08-28
601,Italy,Researcher,Intermediate,2025-03-14
602,India,Student,Advanced,2025-04-26
603,France,Data Analyst,Beginner,2026-01-06
604,USA,Content Creator,Advanced,2025-07-23
605,India,Software Developer,Beginner,2026-02-16
606,Italy,Data Scientist,Advanced,2025-02-16
607,Germany,Student,Beginner,2025-01-08
608,USA,Marketing Specialist,Advanced,2025-03-05
609,France,Designer,Beginner,2025-12-11
610,Italy,Teacher,Beginner,2025-05-15
611,Malaysia,Marketing Specialist,Intermediate,2026-02-26
612,UAE,Business Analyst,Advanced,2025-07-10
613,USA,Student,Expert,2025-04-30
614,India,Student,Intermediate,2025-11-14
615,United Kingdom,Marketing Specialist,Expert,2025-10-15
616,India,Software Developer,Beginner,2025-11-09
617,Brazil,Content Creator,Beginner,2025-02-02
618,Saudi Arabia,Business Analyst,Advanced,2025-08-26
619,Netherlands,Data Scientist,Advanced,2025-06-04
620,United Kingdom,Business Analyst,Advanced,2025-03-01
621,UAE,Content Creator,Beginner,2025-01-20
622,Canada,Customer Support Specialist,Expert,2025-09-10
623,USA,Data Analyst,Beginner,2025-05-01
624,Australia,Business Analyst,Beginner,2025-03-11
625,United Kingdom,Business Analyst,Advanced,2025-07-09
626,Canada,Marketing Specialist,Intermediate,2026-01-16
627,India,Marketing Specialist,Advanced,2025-10-04
628,Singapore,Content Creator,Advanced,2026-01-16
629,USA,Student,Beginner,2025-08-01
630,India,Researcher,Expert,2026-03-03
631,USA,Student,Advanced,2025-07-28
632,India,Marketing Specialist,Advanced,2025-05-24
633,Germany,Data Analyst,Intermediate,2025-07-09
634,Saudi Arabia,Marketing Specialist,Beginner,2025-08-16
635,UAE,Software Developer,Advanced,2025-07-05
636,India,Customer Support Specialist,Intermediate,2025-12-18
637,India,Data Analyst,Intermediate,2025-11-27
638,Singapore,Customer Support Specialist,Intermediate,2025-07-23
639,United Kingdom,Researcher,Advanced,2025-03-04
640,Germany,Student,Intermediate,2026-02-26
641,Australia,Software Developer,Intermediate,2025-12-06
642,Pakistan,Teacher,Beginner,2025-11-24
643,Germany,Designer,Intermediate,2025-01-11
644,USA,Marketing Specialist,Intermediate,2025-06-20
645,Canada,Marketing Specialist,Advanced,2025-03-06
646,Saudi Arabia,Data Scientist,Advanced,2025-04-16
647,United Kingdom,Software Developer,Beginner,2026-01-27
648,Pakistan,Teacher,Advanced,2025-10-28
649,Saudi Arabia,Designer,Intermediate,2025-04-30
650,USA,Student,Intermediate,2025-03-17
651,USA,Data Analyst,Intermediate,2025-11-02
652,Australia,Customer Support Specialist,Expert,2025-03-16
653,France,Student,Intermediate,2025-10-04
654,Saudi Arabia,Software Developer,Intermediate,2025-03-31
655,Japan,Student,Intermediate,2025-01-14
656,Germany,Data Analyst,Intermediate,2025-07-03
657,Pakistan,Software Developer,Beginner,2025-05-02
658,Japan,Data Scientist,Intermediate,2025-01-09
659,India,Customer Support Specialist,Beginner,2025-01-27
660,Pakistan,Business Analyst,Advanced,2025-08-04
661,India,Teacher,Intermediate,2026-01-17
662,United Kingdom,Software Developer,Beginner,2025-08-18
663,Australia,Designer,Intermediate,2025-09-20
664,Australia,Teacher,Beginner,2025-08-20
665,Germany,Software Developer,Advanced,2025-11-11
666,France,Customer Support Specialist,Beginner,2026-02-06
667,USA,Data Scientist,Beginner,2025-12-04
668,India,Entrepreneur,Beginner,2025-08-23
669,India,Teacher,Intermediate,2025-01-16
670,UAE,Software Developer,Intermediate,2025-09-03
671,USA,Software Developer,Expert,2025-08-07
672,USA,Designer,Intermediate,2025-09-09
673,Pakistan,Entrepreneur,Beginner,2025-08-16
674,France,Customer Support Specialist,Intermediate,2025-02-11
675,Spain,Software Developer,Intermediate,2025-03-17
676,India,Researcher,Expert,2025-05-21
677,India,Content Creator,Beginner,2025-10-27
678,Canada,Student,Expert,2025-06-16
679,Germany,Student,Beginner,2025-11-02
680,USA,Data Analyst,Beginner,2025-08-21
681,Singapore,Marketing Specialist,Intermediate,2025-08-09
682,USA,Business Analyst,Advanced,2025-12-26
683,USA,Researcher,Intermediate,2025-12-02
684,USA,Student,Intermediate,2026-01-29
685,USA,Customer Support Specialist,Advanced,2025-04-21
686,France,Student,Intermediate,2025-04-27
687,France,Marketing Specialist,Beginner,2026-02-28
688,Canada,Teacher,Intermediate,2025-08-01
689,USA,Teacher,Beginner,2025-06-10
690,India,Data Analyst,Intermediate,2025-12-07
691,UAE,Designer,Beginner,2025-03-20
692,Singapore,Business Analyst,Advanced,2025-08-31
693,India,Student,Expert,2026-03-02
694,UAE,Software Developer,Beginner,2025-08-10
695,United Kingdom,Entrepreneur,Intermediate,2026-01-14
696,United Kingdom,Software Developer,Advanced,2025-03-08
697,Japan,Student,Advanced,2025-10-28
698,Italy,Data Analyst,Intermediate,2025-10-15
699,India,Teacher,Intermediate,2025-03-04
700,Germany,Teacher,Intermediate,2025-12-07
701,Netherlands,Designer,Beginner,2025-08-05
702,Australia,Teacher,Intermediate,2026-01-05
703,Singapore,Entrepreneur,Beginner,2025-05-28
704,South Korea,Data Analyst,Beginner,2025-06-30
705,India,Entrepreneur,Advanced,2025-09-17
706,USA,Student,Intermediate,2025-12-03
707,USA,Entrepreneur,Advanced,2026-03-10
708,United Kingdom,Customer Support Specialist,Intermediate,2026-03-09
709,South Korea,Content Creator,Intermediate,2025-02-28
710,USA,Entrepreneur,Intermediate,2025-10-21
711,USA,Software Developer,Intermediate,2025-08-08
712,Canada,Researcher,Advanced,2026-01-28
713,USA,Researcher,Beginner,2025-11-11
714,Singapore,Business Analyst,Intermediate,2025-10-13
715,Australia,Student,Intermediate,2025-12-03
716,Japan,Student,Intermediate,2025-05-17
717,United Kingdom,Business Analyst,Intermediate,2025-05-20
718,USA,Researcher,Advanced,2025-06-08
719,USA,Data Analyst,Beginner,2025-06-29
720,Pakistan,Student,Advanced,2025-03-15
721,France,Content Creator,Intermediate,2025-07-25
722,Japan,Designer,Expert,2026-01-15
723,Germany,Software Developer,Advanced,2025-01-16
724,India,Content Creator,Beginner,2025-09-29
725,USA,Business Analyst,Beginner,2025-08-03
726,Japan,Data Scientist,Intermediate,2025-03-22
727,Australia,Designer,Intermediate,2026-01-05
728,India,Software Developer,Intermediate,2025-10-18
729,France,Customer Support Specialist,Advanced,2025-01-27
730,UAE,Teacher,Advanced,2026-01-22
731,India,Entrepreneur,Advanced,2025-12-12
732,Canada,Software Developer,Intermediate,2025-08-15
733,United Kingdom,Business Analyst,Intermediate,2025-09-06
734,Pakistan,Customer Support Specialist,Beginner,2025-08-01
735,Pakistan,Software Developer,Advanced,2026-01-22
736,Netherlands,Data Scientist,Advanced,2025-06-26
737,India,Entrepreneur,Advanced,2025-05-26
738,Saudi Arabia,Software Developer,Expert,2025-10-31
739,Australia,Data Scientist,Advanced,2025-12-08
740,India,Business Analyst,Beginner,2025-04-23
741,Australia,Marketing Specialist,Beginner,2025-11-03
742,India,Software Developer,Intermediate,2025-04-15
743,India,Marketing Specialist,Beginner,2025-04-19
744,India,Teacher,Beginner,2026-01-27
745,Brazil,Business Analyst,Advanced,2025-06-17
746,Germany,Entrepreneur,Beginner,2025-09-12
747,USA,Data Analyst,Advanced,2025-03-31
748,USA,Marketing Specialist,Expert,2025-09-30
749,Singapore,Designer,Beginner,2025-09-14
750,Japan,Marketing Specialist,Beginner,2025-12-09
751,USA,Entrepreneur,Advanced,2025-02-06
752,Japan,Business Analyst,Intermediate,2026-01-15
753,Canada,Student,Intermediate,2025-01-10
754,United Kingdom,Teacher,Intermediate,2025-02-09
755,Brazil,Student,Intermediate,2025-10-22
756,Germany,Marketing Specialist,Advanced,2025-07-27
757,India,Designer,Beginner,2025-08-02
758,Pakistan,Designer,Advanced,2025-07-27
759,Italy,Marketing Specialist,Advanced,2025-06-16
760,United Kingdom,Content Creator,Beginner,2025-11-13
761,India,Student,Intermediate,2025-12-20
762,,Data Analyst,Beginner,2025-02-15
763,Malaysia,Student,Intermediate,2025-02-24
764,India,Marketing Specialist,Beginner,2025-10-29
765,India,Designer,Beginner,2025-02-10
766,USA,Data Analyst,Beginner,2025-06-08
767,USA,Student,Advanced,2025-04-24
768,Canada,Designer,Beginner,2025-03-28
769,Spain,Student,Beginner,2025-11-21
770,Germany,Software Developer,Intermediate,2025-09-19
771,United Kingdom,Business Analyst,Intermediate,2026-02-02
772,Australia,Customer Support Specialist,Beginner,2026-01-08
773,India,Student,Intermediate,2025-11-27
774,Pakistan,Entrepreneur,Advanced,2025-05-01
775,Germany,Data Scientist,Advanced,2025-05-12
776,Italy,Business Analyst,Beginner,2025-11-05
777,Germany,Software Developer,Beginner,2026-01-24
778,USA,Marketing Specialist,Advanced,2025-04-01
779,USA,Student,Intermediate,2025-11-18
780,Pakistan,Software Developer,Intermediate,2026-01-22
781,UAE,Software Developer,Beginner,2025-10-24
782,Pakistan,Customer Support Specialist,Advanced,2025-10-17
783,France,Student,Intermediate,2025-11-16
784,USA,Content Creator,Expert,2025-11-18
785,Germany,Business Analyst,Advanced,2025-08-14
786,USA,Entrepreneur,Beginner,2025-08-15
787,Canada,Data Analyst,Beginner,2026-02-12
788,Pakistan,Data Scientist,Intermediate,2025-01-29
789,Canada,Software Developer,Beginner,2025-02-07
790,Canada,Student,Advanced,2025-08-20
791,France,Business Analyst,Advanced,2025-07-08
792,Pakistan,Content Creator,Beginner,2025-02-09
793,India,Teacher,Intermediate,2025-02-16
794,Saudi Arabia,Business Analyst,Advanced,2025-09-17
795,Netherlands,Student,Intermediate,2025-10-25
796,Germany,Student,Intermediate,2026-02-10
797,Australia,Content Creator,Intermediate,2025-01-22
798,USA,Student,Beginner,2026-02-19
799,Brazil,Student,Beginner,2025-04-07
800,USA,Content Creator,Intermediate,2025-09-01
801,Pakistan,Software Developer,Intermediate,2025-02-01
802,India,Content Creator,Intermediate,2026-02-20
803,Pakistan,Data Analyst,Expert,2025-06-25
804,United Kingdom,Content Creator,Beginner,2025-02-13
805,United Kingdom,Software Developer,Intermediate,2025-03-30
806,Italy,Student,Beginner,2025-12-29
807,USA,Student,Beginner,2025-08-13
808,USA,Teacher,Intermediate,2025-11-09
809,India,Entrepreneur,Beginner,2025-07-10
810,Italy,Student,Advanced,2025-07-18
811,Germany,Business Analyst,Expert,2025-06-23
812,India,Customer Support Specialist,Intermediate,2025-01-27
813,Pakistan,Student,Intermediate,2025-11-28
814,USA,Marketing Specialist,Intermediate,2025-06-18
815,UAE,Business Analyst,Intermediate,2025-12-14
816,India,Data Scientist,Beginner,2025-05-10
817,USA,Student,Beginner,2025-12-03
818,Italy,Marketing Specialist,Intermediate,2025-11-05
819,Germany,Software Developer,Intermediate,2025-06-20
820,Germany,Designer,Intermediate,2025-12-06
821,South Korea,Entrepreneur,Intermediate,2025-06-29
822,Canada,Content Creator,Beginner,2025-12-02
823,Pakistan,Software Developer,Intermediate,2025-07-20
824,Canada,Data Analyst,Expert,2025-12-29
825,Brazil,Researcher,Intermediate,2025-06-08
826,Singapore,Software Developer,Advanced,2025-11-26
827,USA,Teacher,Beginner,2026-02-21
828,Singapore,Customer Support Specialist,Beginner,2025-12-26
829,United Kingdom,Customer Support Specialist,Intermediate,2026-01-14
830,Singapore,Marketing Specialist,Intermediate,2025-09-27
831,India,Data Analyst,Advanced,2025-12-10
832,Pakistan,Designer,Intermediate,2025-07-05
833,Canada,Business Analyst,Expert,2025-06-08
834,Pakistan,Business Analyst,Advanced,2025-04-20
835,Canada,Customer Support Specialist,Beginner,2026-01-28
836,USA,Business Analyst,Intermediate,2025-04-26
837,Japan,Entrepreneur,Beginner,2025-03-21
838,Brazil,Student,Intermediate,2026-03-09
839,Germany,Entrepreneur,Beginner,2025-09-17
840,United Kingdom,Content Creator,Advanced,2026-03-04
841,Australia,Software Developer,Beginner,2025-09-27
842,Pakistan,Teacher,Beginner,2025-06-22
843,India,Customer Support Specialist,Beginner,2025-11-13
844,South Korea,Content Creator,Advanced,2025-07-12
845,India,Software Developer,Advanced,2025-04-03
846,Japan,Teacher,Beginner,2026-01-30
847,UAE,Teacher,Advanced,2025-03-26
848,UAE,Business Analyst,Intermediate,2025-01-23
849,USA,Designer,Beginner,2025-12-13
850,Pakistan,Student,Beginner,2025-08-16
851,Pakistan,Software Developer,Advanced,2026-01-21
852,,Software Developer,Expert,2025-08-18
853,Canada,Data Scientist,Beginner,2025-05-03
854,,Teacher,Advanced,2026-02-19
855,USA,Software Developer,Intermediate,2026-03-04
856,India,Data Analyst,Beginner,2025-12-14
857,Saudi Arabia,Entrepreneur,Intermediate,2025-08-14
858,Brazil,Student,Intermediate,2025-05-25
859,India,Content Creator,Expert,2025-09-15
860,Germany,Student,Intermediate,2025-03-24
861,USA,Entrepreneur,Intermediate,2026-02-15
862,United Kingdom,Marketing Specialist,Intermediate,2025-05-09
863,USA,Content Creator,Beginner,2025-09-04
864,Australia,Business Analyst,Advanced,2025-10-11
865,Canada,Designer,Beginner,2025-12-31
866,UAE,Data Scientist,Intermediate,2026-03-12
867,India,Software Developer,Intermediate,2025-02-12
868,USA,Teacher,Intermediate,2025-05-20
869,USA,Designer,Beginner,2025-09-20
870,India,Researcher,Beginner,2025-08-12
871,Japan,Software Developer,Beginner,2025-04-24
872,UAE,Student,Beginner,2025-06-28
873,Pakistan,Data Scientist,Advanced,2025-08-01
874,India,Teacher,Advanced,2025-09-15
875,United Kingdom,Entrepreneur,Intermediate,2025-07-17
876,Italy,Software Developer,Advanced,2025-07-11
877,United Kingdom,Student,Intermediate,2025-06-13
878,Australia,Software Developer,Beginner,2026-03-06
879,Australia,Content Creator,Expert,2025-06-21
880,UAE,Customer Support Specialist,Advanced,2025-03-12
881,India,Software Developer,Advanced,2026-03-01
882,France,Software Developer,Intermediate,2026-03-02
883,Italy,Designer,Intermediate,2025-12-28
884,United Kingdom,Data Analyst,Intermediate,2025-11-12
885,Pakistan,Software Developer,Advanced,2025-02-10
886,Pakistan,Business Analyst,Advanced,2025-04-21
887,India,Content Creator,Intermediate,2025-10-08
888,Brazil,Data Analyst,Advanced,2025-11-08
889,Germany,Data Scientist,Beginner,2025-02-26
890,France,Researcher,Intermediate,2025-05-02
891,France,Student,Advanced,2025-01-25
892,India,Entrepreneur,Beginner,2025-11-24
893,Pakistan,Software Developer,Beginner,2025-08-23
894,Canada,Data Scientist,Advanced,2026-03-05
895,USA,Student,Intermediate,2025-11-02
896,USA,Software Developer,Intermediate,2025-11-20
897,United Kingdom,Student,Intermediate,2025-05-04
898,Germany,Software Developer,Intermediate,2025-05-30
899,Italy,Designer,Advanced,2025-11-11
900,India,Teacher,Advanced,2025-10-20
901,Canada,Customer Support Specialist,Beginner,2025-12-07
902,USA,Teacher,Advanced,2025-09-26
903,USA,Data Scientist,Beginner,2025-02-04
904,India,Teacher,Intermediate,2025-10-06
905,Pakistan,Student,Beginner,2025-09-17
906,India,Content Creator,Expert,2025-07-19
907,Japan,Software Developer,Advanced,2025-01-23
908,Saudi Arabia,Teacher,Intermediate,2025-07-11
909,Pakistan,Data Scientist,Beginner,2025-01-09
910,India,Data Scientist,Intermediate,2025-02-04
911,UAE,Designer,Beginner,2026-01-11
912,Italy,Customer Support Specialist,Advanced,2025-02-23
913,South Korea,Marketing Specialist,Expert,2026-01-12
914,USA,Student,Beginner,2025-03-10
915,India,Data Analyst,Intermediate,2025-10-07
916,Saudi Arabia,Marketing Specialist,Beginner,2025-11-26
917,Saudi Arabia,Content Creator,Intermediate,2026-02-03
918,France,Data Scientist,Intermediate,2025-12-23
919,Netherlands,Data Scientist,Intermediate,2025-04-04
920,Brazil,Researcher,Beginner,2025-02-02
921,USA,Software Developer,Intermediate,2025-08-23
922,United Kingdom,Software Developer,Expert,2025-04-14
923,Canada,Data Scientist,Intermediate,2025-04-13
924,France,Software Developer,Beginner,2025-06-11
925,Saudi Arabia,Student,Intermediate,2025-09-21
926,United Kingdom,Software Developer,Beginner,2026-02-22
927,United Kingdom,Data Analyst,Beginner,2025-05-10
928,Japan,Customer Support Specialist,Advanced,2025-11-28
929,Singapore,Data Scientist,Expert,2025-07-02
930,India,Customer Support Specialist,Expert,2025-01-25
931,Australia,Customer Support Specialist,Intermediate,2025-06-19
932,India,Student,Intermediate,2026-02-14
933,USA,Content Creator,Expert,2025-07-24
934,India,Teacher,Expert,2025-07-17
935,Spain,Customer Support Specialist,Intermediate,2025-04-06
936,Malaysia,Teacher,Beginner,2025-09-12
937,,Researcher,Beginner,2026-02-13
938,France,Content Creator,Beginner,2026-02-15
939,Canada,Teacher,Intermediate,2025-08-06
940,USA,Software Developer,Intermediate,2025-11-05
941,Netherlands,Data Analyst,Intermediate,2025-04-03
942,India,Student,Advanced,2025-06-14
943,Australia,Software Developer,Intermediate,2025-06-17
944,USA,Designer,Advanced,2025-06-06
945,USA,Data Scientist,Intermediate,2026-01-03
946,Netherlands,Customer Support Specialist,Beginner,2025-12-20
947,UAE,Student,Intermediate,2025-08-17
948,UAE,Entrepreneur,Expert,2025-06-30
949,Canada,Student,Advanced,2025-08-11
950,India,Marketing Specialist,Intermediate,2026-02-10
951,France,Data Scientist,Beginner,2025-02-08
952,Netherlands,Software Developer,Intermediate,2025-07-27
953,India,Software Developer,Beginner,2026-02-15
954,USA,Business Analyst,Beginner,2025-03-23
955,Italy,Marketing Specialist,Intermediate,2025-03-15
956,Germany,Designer,Advanced,2025-12-14
957,India,Student,Advanced,2025-01-18
958,Spain,Entrepreneur,Intermediate,2025-05-01
959,Saudi Arabia,Designer,Intermediate,2025-07-07
960,India,Marketing Specialist,Beginner,2025-10-18
961,Pakistan,Business Analyst,Beginner,2025-03-20
962,USA,Software Developer,Expert,2025-07-09
963,United Kingdom,Student,Advanced,2026-01-26
964,Japan,Student,Advanced,2025-03-12
965,UAE,Content Creator,Beginner,2025-07-23
966,Singapore,Designer,Beginner,2025-05-23
967,Pakistan,Software Developer,Beginner,2025-02-28
968,UAE,Software Developer,Intermediate,2025-04-06
969,Canada,Software Developer,Expert,2025-07-18
970,India,Data Scientist,Intermediate,2025-03-02
971,India,Software Developer,Advanced,2025-05-14
972,Italy,Data Analyst,Advanced,2025-04-20
973,UAE,Business Analyst,Intermediate,2025-05-27
974,India,Student,Advanced,2025-09-09
975,Saudi Arabia,Data Analyst,Intermediate,2025-03-11
976,Brazil,Teacher,Expert,2025-08-20
977,UAE,Student,Intermediate,2026-01-01
978,France,Software Developer,Intermediate,2025-02-14
979,Australia,Data Analyst,Advanced,2026-03-09
980,Germany,Customer Support Specialist,Beginner,2025-12-08
981,India,Marketing Specialist,Beginner,2025-02-03
982,Australia,Teacher,Beginner,2025-05-29
983,Canada,Designer,Intermediate,2026-03-12
984,Spain,Business Analyst,Advanced,2025-12-30
985,Australia,Student,Expert,2025-11-23
986,Australia,Researcher,Advanced,2025-07-05
987,India,Teacher,Beginner,2025-03-04
988,Pakistan,Student,Expert,2026-02-10
989,Singapore,Researcher,Advanced,2026-02-09
990,Canada,Customer Support Specialist,Intermediate,2025-07-04
991,Pakistan,Data Analyst,Advanced,2025-07-08
992,Australia,Student,Beginner,2025-10-10
993,Japan,Software Developer,Advanced,2025-02-14
994,Malaysia,Student,Beginner,2025-07-23
995,Australia,Business Analyst,Intermediate,2026-01-04
996,Italy,Software Developer,Intermediate,2025-07-30
997,Australia,Business Analyst,Beginner,2026-02-26
998,Saudi Arabia,Marketing Specialist,Intermediate,2025-03-06
999,USA,Business Analyst,Beginner,2025-11-25
1000,India,Data Scientist,Advanced,2025-08-27
1001,France,Teacher,Beginner,2025-06-26
1002,Germany,Marketing Specialist,Advanced,2026-03-01
1003,Brazil,Software Developer,Advanced,2025-11-24
1004,USA,Marketing Specialist,Beginner,2026-01-29
1005,India,Student,Intermediate,2025-08-10
1006,Pakistan,Researcher,Intermediate,2025-01-29
1007,USA,Teacher,Beginner,2025-09-23
1008,United Kingdom,Content Creator,Intermediate,2025-03-26
1009,USA,Student,Expert,2025-12-30
1010,France,Content Creator,Intermediate,2025-09-23
1011,India,Student,Advanced,2026-03-10
1012,USA,Data Scientist,Beginner,2025-04-11
1013,United Kingdom,Customer Support Specialist,Beginner,2025-10-10
1014,Canada,Data Analyst,Expert,2025-11-17
1015,USA,Student,Advanced,2025-10-01
1016,Australia,Student,Intermediate,2025-11-25
1017,Pakistan,Data Scientist,Beginner,2025-10-25
1018,United Kingdom,Data Scientist,Beginner,2025-12-04
1019,France,Customer Support Specialist,Intermediate,2025-11-06
1020,USA,Software Developer,Expert,2025-10-16
1021,India,Software Developer,Intermediate,2025-01-15
1022,Germany,Content Creator,Beginner,2025-11-25
1023,USA,Customer Support Specialist,Beginner,2025-05-16
1024,France,Researcher,Intermediate,2026-01-28
1025,India,Data Scientist,Intermediate,2025-11-13
1026,Singapore,Customer Support Specialist,Beginner,2025-09-12
1027,USA,Customer Support Specialist,Advanced,2025-10-07
1028,Brazil,Data Analyst,Intermediate,2025-06-04
1029,Australia,Content Creator,Intermediate,2026-02-17
1030,USA,Marketing Specialist,Beginner,2025-07-27
1031,United Kingdom,Customer Support Specialist,Intermediate,2025-02-07
1032,Japan,Data Analyst,Advanced,2025-03-22
1033,Malaysia,Software Developer,Beginner,2025-09-05
1034,United Kingdom,Software Developer,Advanced,2025-06-24
1035,Netherlands,Student,Beginner,2025-06-10
1036,United Kingdom,Researcher,Beginner,2025-06-13
1037,Germany,Marketing Specialist,Intermediate,2025-06-26
1038,India,Researcher,Beginner,2025-03-08
1039,India,Business Analyst,Advanced,2025-09-21
1040,USA,Data Scientist,Beginner,2025-06-13
1041,India,Data Scientist,Beginner,2025-03-04
1042,United Kingdom,Researcher,Intermediate,2025-05-07
1043,France,Software Developer,Expert,2025-01-26
1044,Japan,Teacher,Advanced,2025-07-16
1045,Spain,Marketing Specialist,Beginner,2025-08-03
1046,Germany,Teacher,Advanced,2025-03-23
1047,Canada,Software Developer,Intermediate,2025-10-23
1048,Netherlands,Marketing Specialist,Intermediate,2025-04-08
1049,India,Student,Advanced,2025-09-13
1050,France,Teacher,Intermediate,2025-08-28
1051,Germany,Data Scientist,Advanced,2025-06-07
1052,Pakistan,Student,Intermediate,2025-02-16
1053,Spain,Software Developer,Advanced,2025-09-16
1054,India,Student,Beginner,2025-05-04
1055,India,Designer,Beginner,2025-06-30
1056,United Kingdom,Entrepreneur,Beginner,2025-05-25
1057,UAE,Student,Advanced,2026-03-08
1058,India,Data Analyst,Beginner,2025-08-29
1059,USA,Data Analyst,Advanced,2025-01-05
1060,Brazil,Business Analyst,Advanced,2025-08-09
1061,USA,Data Scientist,Intermediate,2025-05-16
1062,India,Designer,Intermediate,2026-01-27
1063,Pakistan,Student,Advanced,2025-01-24
1064,Saudi Arabia,Data Scientist,Expert,2025-10-19
1065,Italy,Student,Intermediate,2025-07-05
1066,United Kingdom,Customer Support Specialist,Advanced,2025-02-07
1067,USA,Student,Intermediate,2025-08-19
1068,United Kingdom,Data Analyst,Advanced,2025-05-24
1069,France,Business Analyst,Advanced,2025-11-16
1070,UAE,Student,Intermediate,2025-03-02
1071,USA,Content Creator,Beginner,2025-02-19
1072,Australia,Data Analyst,Beginner,2026-02-11
1073,USA,Software Developer,Advanced,2025-10-13
1074,Australia,Designer,Beginner,2026-01-22
1075,USA,Software Developer,Beginner,2025-11-05
1076,Brazil,Data Scientist,Intermediate,2025-09-14
1077,USA,Data Analyst,Intermediate,2025-01-20
1078,Germany,Data Scientist,Beginner,2025-06-20
1079,Pakistan,Data Analyst,Beginner,2025-09-23
1080,Italy,Marketing Specialist,Intermediate,2025-11-07
1081,Pakistan,Student,Intermediate,2025-03-13
1082,Australia,Researcher,Beginner,2025-11-10
1083,United Kingdom,Student,Advanced,2025-07-21
1084,Germany,Designer,Beginner,2026-01-14
1085,Germany,Software Developer,Intermediate,2025-10-31
1086,USA,Researcher,Beginner,2026-03-01
1087,Pakistan,Entrepreneur,Beginner,2025-09-08
1088,United Kingdom,Student,Beginner,2025-06-03
1089,Saudi Arabia,Software Developer,Intermediate,2025-01-09
1090,Canada,Content Creator,Advanced,2025-12-11
1091,India,Software Developer,Advanced,2025-08-02
1092,Canada,Business Analyst,Advanced,2026-02-12
1093,Japan,Designer,Intermediate,2025-12-19
1094,Saudi Arabia,Student,Beginner,2025-11-02
1095,Singapore,Entrepreneur,Intermediate,2025-12-02
1096,USA,Student,Advanced,2026-02-02
1097,Brazil,Data Analyst,Beginner,2025-04-27
1098,Singapore,Student,Intermediate,2025-10-26
1099,Italy,Software Developer,Intermediate,2025-09-26
1100,USA,Student,Advanced,2025-11-14
1101,United Kingdom,Customer Support Specialist,Intermediate,2025-07-14
1102,India,Data Analyst,Intermediate,2025-12-15
1103,Pakistan,Software Developer,Intermediate,2025-10-21
1104,United Kingdom,Researcher,Advanced,2025-02-26
1105,Australia,Software Developer,Beginner,2025-08-14
1106,France,Designer,Beginner,2025-03-19
1107,Saudi Arabia,Teacher,Intermediate,2025-04-15
1108,USA,Teacher,Intermediate,2026-02-01
1109,Saudi Arabia,Teacher,Advanced,2025-08-30
1110,Canada,Data Analyst,Advanced,2026-01-12
1111,Germany,Teacher,Beginner,2025-12-28
1112,India,Entrepreneur,Advanced,2025-04-17
1113,Brazil,Teacher,Intermediate,2025-12-06
1114,France,Entrepreneur,Intermediate,2025-07-12
1115,Germany,Data Analyst,Intermediate,2025-03-30
1116,Australia,Data Scientist,Beginner,2025-09-30
1117,India,Data Scientist,Beginner,2025-07-01
1118,Pakistan,Entrepreneur,Intermediate,2026-01-05
1119,India,Software Developer,Advanced,2026-02-16
1120,Pakistan,Business Analyst,Advanced,2025-11-09
1121,Saudi Arabia,Data Scientist,Advanced,2025-05-07
1122,India,Customer Support Specialist,Intermediate,2025-06-02
1123,India,Data Scientist,Beginner,2025-06-02
1124,Australia,Data Analyst,Intermediate,2025-12-27
1125,India,Content Creator,Advanced,2025-12-27
1126,UAE,Teacher,Beginner,2025-09-03
1127,USA,Researcher,Intermediate,2026-02-12
1128,United Kingdom,Software Developer,Beginner,2025-05-28
1129,USA,Business Analyst,Beginner,2025-12-13
1130,Canada,Software Developer,Advanced,2025-07-22
1131,India,Entrepreneur,Advanced,2026-01-31
1132,India,Entrepreneur,Expert,2025-05-29
1133,Japan,Business Analyst,Beginner,2026-01-01
1134,Canada,Software Developer,Beginner,2025-08-15
1135,South Korea,Student,Advanced,2026-01-18
1136,Saudi Arabia,Business Analyst,Expert,2025-04-14
1137,India,Software Developer,Intermediate,2025-05-19
1138,USA,Software Developer,Intermediate,2025-12-23
1139,Saudi Arabia,Marketing Specialist,Intermediate,2025-02-25
1140,France,Data Analyst,Beginner,2025-10-28
1141,UAE,Content Creator,Advanced,2025-01-26
1142,USA,Business Analyst,Intermediate,2025-09-29
1143,Canada,Content Creator,Advanced,2025-04-30
1144,Germany,Marketing Specialist,Expert,2025-07-31
1145,UAE,Student,Advanced,2025-08-30
1146,Pakistan,Data Analyst,Intermediate,2026-01-30
1147,Netherlands,Entrepreneur,Intermediate,2025-10-09
1148,Canada,Data Analyst,Expert,2025-03-22
1149,South Korea,Content Creator,Advanced,2025-09-01
1150,Australia,Marketing Specialist,Beginner,2025-04-13
1151,United Kingdom,Content Creator,Advanced,2025-05-28
1152,Pakistan,Customer Support Specialist,Beginner,2025-11-27
1153,United Kingdom,Researcher,Advanced,2026-01-29
1154,France,Data Scientist,Beginner,2025-10-21
1155,Germany,Marketing Specialist,Beginner,2026-01-14
1156,Australia,Student,Advanced,2025-01-20
1157,Japan,Data Analyst,Beginner,2025-03-31
1158,UAE,Marketing Specialist,Advanced,2026-03-05
1159,Japan,Teacher,Expert,2025-01-19
1160,Canada,Designer,Intermediate,2025-07-23
1161,USA,Marketing Specialist,Beginner,2025-04-06
1162,Netherlands,Marketing Specialist,Intermediate,2025-05-29
1163,Pakistan,Software Developer,Beginner,2025-01-05
1164,Pakistan,Software Developer,Intermediate,2025-11-05
1165,Brazil,Entrepreneur,Advanced,2025-06-21
1166,India,Business Analyst,Advanced,2025-11-25
1167,India,Researcher,Beginner,2025-09-10
1168,Saudi Arabia,Customer Support Specialist,Beginner,2025-03-10
1169,Brazil,Content Creator,Expert,2025-08-28
1170,United Kingdom,Business Analyst,Beginner,2026-02-19
1171,Pakistan,Software Developer,Expert,2025-03-25
1172,Saudi Arabia,Business Analyst,Expert,2025-11-28
1173,USA,Student,Beginner,2025-04-06
1174,India,Data Analyst,Intermediate,2025-06-22
1175,India,Software Developer,Beginner,2025-10-18
1176,USA,Customer Support Specialist,Advanced,2025-04-09
1177,Italy,Student,Beginner,2025-11-24
1178,Saudi Arabia,Student,Beginner,2026-02-28
1179,India,Software Developer,Beginner,2025-06-17
1180,Pakistan,Content Creator,Beginner,2025-12-09
1181,India,Teacher,Beginner,2025-03-13
1182,Pakistan,Business Analyst,Beginner,2025-05-08
1183,USA,Designer,Intermediate,2025-07-16
1184,Canada,Teacher,Beginner,2026-01-21
1185,Germany,Designer,Beginner,2025-06-18
1186,Germany,Data Scientist,Intermediate,2026-01-06
1187,USA,Student,Intermediate,2025-05-14
1188,Japan,Software Developer,Intermediate,2025-12-21
1189,United Kingdom,Researcher,Intermediate,2025-12-08
1190,France,Teacher,Advanced,2025-06-07
1191,India,Designer,Advanced,2025-12-18
1192,,Entrepreneur,Intermediate,2025-12-27
1193,India,Designer,Advanced,2025-12-20
1194,United Kingdom,Designer,Advanced,2025-06-01
1195,Pakistan,Business Analyst,Intermediate,2025-04-24
1196,India,Student,Advanced,2025-03-10
1197,USA,Data Analyst,Expert,2025-08-21
1198,USA,Marketing Specialist,Intermediate,2025-11-07
1199,United Kingdom,Content Creator,Beginner,2025-12-26
1200,Canada,Student,Advanced,2025-08-30
1201,USA,Marketing Specialist,Beginner,2026-02-15
1202,India,Data Analyst,Beginner,2025-04-22
1203,Japan,Data Scientist,Expert,2025-12-15
1204,Italy,Marketing Specialist,Beginner,2026-02-08
1205,Pakistan,Teacher,Intermediate,2025-08-17
1206,USA,Marketing Specialist,Advanced,2025-07-05
1207,Saudi Arabia,Data Analyst,Advanced,2025-10-16
1208,India,Data Analyst,Advanced,2026-03-01
1209,India,Data Scientist,Beginner,2025-09-16
1210,Singapore,Teacher,Intermediate,2025-10-02
1211,UAE,Data Analyst,Intermediate,2025-06-17
1212,Pakistan,Software Developer,Intermediate,2025-08-15
1213,Netherlands,Software Developer,Beginner,2025-04-16
1214,India,Data Analyst,Expert,2025-09-08
1215,United Kingdom,Student,Advanced,2025-09-19
1216,USA,Designer,Intermediate,2025-01-29
1217,Germany,Customer Support Specialist,Advanced,2025-09-20
1218,Pakistan,Business Analyst,Beginner,2025-10-16
1219,USA,Data Analyst,Intermediate,2025-08-25
1220,Canada,Marketing Specialist,Expert,2025-06-07
1221,United Kingdom,Designer,Beginner,2025-07-22
1222,USA,Marketing Specialist,Intermediate,2025-01-02
1223,Japan,Data Analyst,Beginner,2025-10-24
1224,United Kingdom,Data Analyst,Beginner,2025-08-05
1225,Australia,Software Developer,Intermediate,2025-02-02
1226,India,Data Analyst,Intermediate,2025-01-31
1227,Saudi Arabia,Student,Advanced,2025-02-05
1228,USA,Teacher,Beginner,2025-08-30
1229,France,Marketing Specialist,Expert,2025-07-29
1230,Pakistan,Software Developer,Beginner,2025-03-11
1231,Japan,Designer,Advanced,2026-01-09
1232,India,Student,Beginner,2025-08-04
1233,Italy,Content Creator,Expert,2025-07-15
1234,India,Marketing Specialist,Advanced,2025-07-13
1235,India,Business Analyst,Expert,2025-12-16
1236,Brazil,Researcher,Beginner,2025-10-04
1237,India,Customer Support Specialist,Beginner,2025-06-28
1238,Australia,Researcher,Intermediate,2025-10-03
1239,South Korea,Student,Intermediate,2025-03-07
1240,USA,Student,Beginner,2025-04-25
1241,Pakistan,Business Analyst,Expert,2026-01-23
1242,India,Student,Expert,2025-06-02
1243,,Software Developer,Beginner,2026-01-04
1244,Germany,Data Analyst,Expert,2025-09-30
1245,United Kingdom,Designer,Beginner,2025-04-28
1246,United Kingdom,Content Creator,Advanced,2025-06-27
1247,UAE,Marketing Specialist,Expert,2025-04-07
1248,Saudi Arabia,Teacher,Beginner,2026-01-07
1249,USA,Data Analyst,Advanced,2025-01-17
1250,Pakistan,Student,Advanced,2025-08-03
1251,Brazil,Entrepreneur,Intermediate,2025-01-09
1252,Australia,Data Scientist,Beginner,2025-02-04
1253,India,Student,Intermediate,2025-01-18
1254,Japan,Software Developer,Advanced,2025-12-11
1255,Canada,Data Scientist,Intermediate,2025-01-25
1256,India,Marketing Specialist,Intermediate,2025-01-23
1257,USA,Software Developer,Intermediate,2025-04-30
1258,Brazil,Student,Advanced,2026-01-22
1259,France,Customer Support Specialist,Advanced,2025-01-29
1260,Canada,Content Creator,Advanced,2025-05-29
1261,Pakistan,Student,Beginner,2026-01-10
1262,Japan,Teacher,Beginner,2025-10-23
1263,Canada,Student,Beginner,2025-12-11
1264,South Korea,Data Analyst,Beginner,2025-05-02
1265,Germany,Researcher,Beginner,2025-03-15
1266,France,Designer,Beginner,2025-09-24
1267,USA,Marketing Specialist,Beginner,2025-06-03
1268,Spain,Business Analyst,Expert,2025-10-13
1269,India,Customer Support Specialist,Intermediate,2026-01-12
1270,Pakistan,Software Developer,Beginner,2025-11-17
1271,Australia,Student,Beginner,2025-10-12
1272,Germany,Data Scientist,Intermediate,2025-06-26
1273,Pakistan,Business Analyst,Advanced,2025-12-10
1274,United Kingdom,Student,Intermediate,2025-09-26
1275,Saudi Arabia,Student,Beginner,2025-08-02
1276,USA,Student,Intermediate,2025-06-03
1277,Japan,Data Analyst,Intermediate,2026-01-22
1278,Saudi Arabia,Business Analyst,Intermediate,2025-05-04
1279,United Kingdom,Data Scientist,Expert,2025-06-03
1280,USA,Customer Support Specialist,Advanced,2025-03-15
1281,Canada,Software Developer,Intermediate,2025-01-30
1282,Pakistan,Data Analyst,Advanced,2025-08-02
1283,Malaysia,Marketing Specialist,Advanced,2025-03-10
1284,USA,Student,Beginner,2025-05-11
1285,Germany,Customer Support Specialist,Advanced,2025-11-28
1286,USA,Student,Intermediate,2025-08-19
1287,Pakistan,Business Analyst,Advanced,2025-02-17
1288,Germany,Student,Beginner,2026-03-01
1289,USA,Student,Intermediate,2025-05-18
1290,France,Content Creator,Beginner,2025-11-06
1291,Pakistan,Data Analyst,Beginner,2025-02-07
1292,Japan,Software Developer,Intermediate,2026-01-25
1293,USA,Business Analyst,Intermediate,2025-12-10
1294,India,Designer,Advanced,2025-09-03
1295,,Data Analyst,Advanced,2025-06-20
1296,Spain,Entrepreneur,Intermediate,2025-01-08
1297,Germany,Student,Advanced,2025-04-08
1298,Canada,Content Creator,Intermediate,2025-03-02
1299,Australia,Business Analyst,Beginner,2026-01-22
1300,Japan,Marketing Specialist,Advanced,2025-05-05
1301,United Kingdom,Student,Expert,2025-12-27
1302,India,Business Analyst,Intermediate,2025-05-03
1303,Canada,Data Scientist,Intermediate,2026-02-02
1304,India,Software Developer,Beginner,2025-08-27
1305,USA,Customer Support Specialist,Expert,2025-07-03
1306,Pakistan,Researcher,Intermediate,2025-07-04
1307,France,Teacher,Expert,2025-09-12
1308,Pakistan,Teacher,Beginner,2026-02-16
1309,South Korea,Software Developer,Intermediate,2025-08-29
1310,France,Content Creator,Beginner,2025-06-13
1311,Spain,Data Analyst,Intermediate,2025-07-09
1312,India,Data Scientist,Intermediate,2025-01-24
1313,Pakistan,Data Analyst,Beginner,2025-04-24
1314,Pakistan,Teacher,Advanced,2025-01-09
1315,USA,Student,Beginner,2025-10-27
1316,USA,Content Creator,Intermediate,2025-08-02
1317,USA,Data Analyst,Beginner,2025-04-11
1318,Japan,Customer Support Specialist,Beginner,2025-07-14
1319,India,Business Analyst,Expert,2025-05-06
1320,Pakistan,Software Developer,Beginner,2025-12-02
1321,Canada,Student,Beginner,2025-06-22
1322,Germany,Software Developer,Advanced,2026-02-25
1323,India,Software Developer,Intermediate,2026-01-06
1324,Pakistan,Customer Support Specialist,Intermediate,2025-09-09
1325,India,Researcher,Beginner,2026-01-11
1326,Brazil,Student,Intermediate,2025-03-28
1327,USA,Student,Advanced,2025-10-07
1328,Saudi Arabia,Data Analyst,Beginner,2025-10-05
1329,Saudi Arabia,Customer Support Specialist,Beginner,2025-01-31
1330,United Kingdom,Student,Advanced,2026-03-06
1331,USA,Data Analyst,Advanced,2026-02-23
1332,USA,Designer,Intermediate,2026-01-27
1333,Pakistan,Student,Intermediate,2025-03-12
1334,USA,Marketing Specialist,Advanced,2025-04-29
1335,UAE,Data Analyst,Beginner,2025-03-19
1336,India,Student,Intermediate,2025-09-16
1337,France,Software Developer,Beginner,2025-01-31
1338,Pakistan,Researcher,Beginner,2025-12-08
1339,France,Data Scientist,Advanced,2025-09-05
1340,Brazil,Data Scientist,Beginner,2025-01-09
1341,Pakistan,Data Scientist,Advanced,2025-10-10
1342,Japan,Content Creator,Advanced,2025-01-09
1343,Pakistan,Data Analyst,Advanced,2025-05-21
1344,Pakistan,Content Creator,Beginner,2025-05-27
1345,USA,Customer Support Specialist,Beginner,2026-02-21
1346,South Korea,Customer Support Specialist,Advanced,2025-08-09
1347,France,Marketing Specialist,Advanced,2025-04-02
1348,India,Student,Intermediate,2025-02-19
1349,Pakistan,Student,Intermediate,2025-05-04
1350,Canada,Business Analyst,Beginner,2025-09-27
1351,Spain,Content Creator,Advanced,2025-07-01
1352,Canada,Teacher,Beginner,2025-07-23
1353,Saudi Arabia,Software Developer,Advanced,2025-07-27
1354,South Korea,Data Scientist,Beginner,2025-05-05
1355,UAE,Data Scientist,Advanced,2025-04-26
1356,USA,Software Developer,Expert,2026-02-28
1357,France,Business Analyst,Intermediate,2025-12-01
1358,France,Marketing Specialist,Intermediate,2025-11-29
1359,France,Marketing Specialist,Intermediate,2025-02-17
1360,India,Teacher,Beginner,2025-07-13
1361,Australia,Data Analyst,Intermediate,2025-01-29
1362,UAE,Data Analyst,Beginner,2025-12-26
1363,USA,Marketing Specialist,Advanced,2025-09-13
1364,USA,Researcher,Intermediate,2025-11-27
1365,United Kingdom,Entrepreneur,Intermediate,2025-10-17
1366,United Kingdom,Software Developer,Beginner,2025-02-18
1367,India,Software Developer,Intermediate,2025-01-22
1368,Pakistan,Marketing Specialist,Beginner,2025-12-21
1369,India,Content Creator,Expert,2025-09-01
1370,USA,Entrepreneur,Intermediate,2025-02-08
1371,Canada,Designer,Beginner,2025-05-24
1372,USA,Marketing Specialist,Intermediate,2025-10-16
1373,Netherlands,Student,Beginner,2025-04-02
1374,Australia,Data Scientist,Intermediate,2025-06-11
1375,Australia,Entrepreneur,Advanced,2025-04-17
1376,France,Content Creator,Expert,2026-01-21
1377,India,Software Developer,Beginner,2026-02-25
1378,India,Content Creator,Intermediate,2025-02-09
1379,Germany,Software Developer,Advanced,2025-10-16
1380,India,Content Creator,Intermediate,2026-03-04
1381,Pakistan,Software Developer,Beginner,2025-12-13
1382,Japan,Entrepreneur,Intermediate,2025-06-19
1383,USA,Student,Advanced,2026-01-14
1384,UAE,Software Developer,Beginner,2025-12-19
1385,Australia,Student,Beginner,2025-09-14
1386,USA,Marketing Specialist,Advanced,2025-06-27
1387,Italy,Marketing Specialist,Intermediate,2025-08-12
1388,USA,Marketing Specialist,Intermediate,2025-02-08
1389,Germany,Student,Beginner,2026-01-29
1390,USA,Student,Beginner,2025-11-01
1391,USA,Customer Support Specialist,Intermediate,2026-02-01
1392,Canada,Business Analyst,Expert,2025-11-21
1393,Germany,Business Analyst,Intermediate,2025-08-19
1394,India,Student,Advanced,2025-07-02
1395,France,Student,Beginner,2025-07-12
1396,Germany,Software Developer,Intermediate,2025-12-15
1397,Australia,Researcher,Advanced,2025-07-14
1398,Singapore,Designer,Advanced,2025-11-13
1399,Germany,Data Analyst,Beginner,2025-05-07
1400,India,Student,Intermediate,2025-02-12
1401,Japan,Data Analyst,Beginner,2025-07-14
1402,Italy,Software Developer,Intermediate,2025-11-21
1403,Germany,Marketing Specialist,Beginner,2025-07-19
1404,USA,Software Developer,Intermediate,2025-02-24
1405,Canada,Data Analyst,Intermediate,2025-06-07
1406,Japan,Software Developer,Intermediate,2026-01-25
1407,France,Data Scientist,Intermediate,2025-03-09
1408,Germany,Entrepreneur,Advanced,2025-08-09
1409,Germany,Researcher,Intermediate,2025-10-12
1410,France,Student,Beginner,2025-02-22
1411,Australia,Marketing Specialist,Intermediate,2025-07-01
1412,Netherlands,Software Developer,Intermediate,2025-11-02
1413,USA,Teacher,Advanced,2025-06-16
1414,Pakistan,Content Creator,Intermediate,2025-01-07
1415,UAE,Student,Intermediate,2025-07-18
1416,Spain,Data Scientist,Beginner,2026-01-07
1417,Germany,Customer Support Specialist,Intermediate,2025-05-05
1418,USA,Student,Intermediate,2025-03-28
1419,USA,Content Creator,Expert,2025-03-28
1420,United Kingdom,Student,Intermediate,2025-06-04
1421,USA,Entrepreneur,Intermediate,2025-03-16
1422,Pakistan,Content Creator,Intermediate,2025-08-11
1423,France,Software Developer,Advanced,2025-06-03
1424,Spain,Content Creator,Expert,2025-02-09
1425,USA,Designer,Intermediate,2025-05-07
1426,Germany,Student,Intermediate,2025-09-11
1427,USA,Student,Beginner,2025-04-11
1428,Australia,Data Analyst,Beginner,2025-03-11
1429,Canada,Marketing Specialist,Advanced,2025-07-22
1430,Canada,Student,Advanced,2025-11-14
1431,Canada,Software Developer,Intermediate,2025-06-18
1432,Brazil,Student,Beginner,2025-08-09
1433,USA,Data Analyst,Intermediate,2025-11-30
1434,Germany,Software Developer,Expert,2025-03-11
1435,UAE,Marketing Specialist,Advanced,2025-11-05
1436,USA,Designer,Intermediate,2025-04-13
1437,,Teacher,Beginner,2025-04-01
1438,Spain,Software Developer,Advanced,2025-06-13
1439,Malaysia,Data Analyst,Advanced,2025-12-22
1440,USA,Student,Intermediate,2025-10-22
1441,Germany,Customer Support Specialist,Advanced,2025-06-16
1442,United Kingdom,Teacher,Expert,2026-02-23
1443,USA,Customer Support Specialist,Beginner,2025-07-06
1444,Saudi Arabia,Data Scientist,Beginner,2025-10-16
1445,United Kingdom,Content Creator,Intermediate,2025-10-07
1446,USA,Marketing Specialist,Expert,2026-01-29
1447,Pakistan,Data Analyst,Intermediate,2026-01-08
1448,USA,Business Analyst,Advanced,2025-12-29
1449,Germany,Student,Advanced,2026-02-13
1450,Canada,Business Analyst,Intermediate,2025-12-21
1451,Saudi Arabia,Marketing Specialist,Intermediate,2026-03-11
1452,Italy,Marketing Specialist,Intermediate,2025-07-29
1453,India,Content Creator,Intermediate,2025-03-13
1454,India,Software Developer,Intermediate,2025-05-04
1455,UAE,Designer,Beginner,2025-03-20
1456,France,Software Developer,Intermediate,2026-02-09
1457,USA,Data Analyst,Beginner,2025-08-18
1458,Pakistan,Software Developer,Intermediate,2025-09-03
1459,Canada,Designer,Intermediate,2025-10-01
1460,Japan,Data Analyst,Intermediate,2025-12-21
1461,USA,Software Developer,Intermediate,2025-01-19
1462,Canada,Business Analyst,Intermediate,2025-07-04
1463,Italy,Software Developer,Beginner,2026-02-20
1464,USA,Data Analyst,Intermediate,2025-11-23
1465,France,Software Developer,Expert,2025-02-25
1466,Japan,Data Scientist,Beginner,2025-12-03
1467,USA,Software Developer,Beginner,2025-03-27
1468,Canada,Data Scientist,Intermediate,2025-01-23
1469,South Korea,Content Creator,Expert,2025-11-27
1470,USA,Student,Intermediate,2025-07-24
1471,USA,Software Developer,Advanced,2025-06-19
1472,France,Student,Intermediate,2025-08-09
1473,Pakistan,Software Developer,Intermediate,2025-02-20
1474,USA,Software Developer,Expert,2025-09-19
1475,Germany,Researcher,Intermediate,2025-10-13
1476,Pakistan,Data Analyst,Beginner,2025-10-22
1477,USA,Teacher,Advanced,2025-07-11
1478,Canada,Designer,Expert,2026-01-31
1479,USA,Data Scientist,Intermediate,2025-12-20
1480,Saudi Arabia,Customer Support Specialist,Beginner,2025-06-26
1481,Singapore,Business Analyst,Beginner,2025-09-05
1482,Pakistan,Student,Expert,2025-08-01
1483,India,Teacher,Intermediate,2025-02-13
1484,Australia,Student,Intermediate,2026-01-09
1485,Japan,Teacher,Advanced,2025-06-09
1486,USA,Researcher,Beginner,2026-02-06
1487,Pakistan,Marketing Specialist,Intermediate,2025-09-05
1488,Canada,Customer Support Specialist,Beginner,2025-02-19
1489,France,Student,Beginner,2025-12-23
1490,USA,Customer Support Specialist,Advanced,2025-02-04
1491,Brazil,Customer Support Specialist,Beginner,2026-02-19
1492,Pakistan,Content Creator,Intermediate,2025-01-12
1493,Pakistan,Student,Intermediate,2025-11-28
1494,Canada,Data Analyst,Intermediate,2026-02-14
1495,Canada,Marketing Specialist,Beginner,2026-01-15
1496,UAE,Software Developer,Intermediate,2025-03-31
1497,Saudi Arabia,Marketing Specialist,Beginner,2025-06-19
1498,Australia,Marketing Specialist,Advanced,2025-08-25
1499,Australia,Marketing Specialist,Intermediate,2025-07-27
1500,USA,Data Scientist,Intermediate,2025-04-06
1501,Germany,Designer,Beginner,2025-08-10
1502,USA,Designer,Beginner,2026-01-13
1503,Australia,Software Developer,Intermediate,2025-04-12
1504,Spain,Data Analyst,Intermediate,2025-08-08
1505,USA,Content Creator,Intermediate,2025-12-27
1506,Pakistan,Designer,Advanced,2025-05-23
1507,India,Software Developer,Advanced,2026-02-19
1508,Canada,Entrepreneur,Intermediate,2025-10-23
1509,Saudi Arabia,Student,Advanced,2025-10-02
1510,Netherlands,Marketing Specialist,Beginner,2025-06-16
1511,India,Data Analyst,Beginner,2025-02-28
1512,India,Marketing Specialist,Intermediate,2025-09-08
1513,Pakistan,Marketing Specialist,Beginner,2025-11-24
1514,USA,Data Analyst,Intermediate,2025-07-18
1515,India,Data Scientist,Intermediate,2025-10-28
1516,Saudi Arabia,Software Developer,Intermediate,2025-06-30
1517,France,Teacher,Expert,2025-11-13
1518,USA,Data Analyst,Advanced,2025-12-11
1519,United Kingdom,Marketing Specialist,Advanced,2025-06-02
1520,France,Customer Support Specialist,Expert,2025-10-30
1521,Australia,Data Scientist,Advanced,2025-03-10
1522,USA,Data Analyst,Advanced,2025-05-03
1523,India,Data Analyst,Beginner,2025-04-04
1524,Singapore,Designer,Advanced,2025-03-14
1525,India,Teacher,Advanced,2025-08-03
1526,India,Student,Beginner,2025-10-22
1527,Malaysia,Content Creator,Expert,2025-04-06
1528,India,Teacher,Advanced,2025-10-03
1529,Australia,Customer Support Specialist,Intermediate,2025-11-27
1530,USA,Content Creator,Advanced,2025-03-30
1531,Canada,Data Analyst,Intermediate,2025-09-08
1532,India,Student,Intermediate,2025-04-06
1533,UAE,Data Analyst,Intermediate,2025-08-19
1534,India,Data Analyst,Advanced,2025-07-03
1535,Brazil,Student,Advanced,2025-09-06
1536,Brazil,Business Analyst,Beginner,2026-02-22
1537,Italy,Student,Intermediate,2025-10-15
1538,USA,Designer,Beginner,2025-09-11
1539,India,Student,Advanced,2025-09-09
1540,Singapore,Data Scientist,Advanced,2026-03-07
1541,Singapore,Teacher,Beginner,2025-03-27
1542,Australia,Customer Support Specialist,Advanced,2025-01-16
1543,Pakistan,Designer,Intermediate,2025-04-23
1544,Canada,Software Developer,Intermediate,2025-05-21
1545,Saudi Arabia,Business Analyst,Beginner,2025-05-28
1546,Italy,Student,Advanced,2025-08-23
1547,UAE,Business Analyst,Expert,2026-01-31
1548,India,Business Analyst,Beginner,2025-10-09
1549,Australia,Teacher,Advanced,2025-10-21
1550,India,Business Analyst,Beginner,2026-02-01
1551,USA,Researcher,Intermediate,2025-07-07
1552,Japan,Student,Beginner,2026-01-23
1553,Japan,Marketing Specialist,Beginner,2026-01-04
1554,Australia,Designer,Intermediate,2025-04-22
1555,United Kingdom,Business Analyst,Advanced,2025-02-22
1556,Australia,Software Developer,Advanced,2025-12-01
1557,France,Researcher,Intermediate,2025-06-02
1558,Singapore,Researcher,Beginner,2025-01-17
1559,Pakistan,Entrepreneur,Beginner,2025-06-28
1560,Italy,Content Creator,Intermediate,2025-02-14
1561,India,Data Scientist,Expert,2025-03-02
1562,India,Teacher,Intermediate,2025-05-02
1563,USA,Software Developer,Intermediate,2026-01-13
1564,Malaysia,Student,Intermediate,2025-06-29
1565,Pakistan,Designer,Intermediate,2025-11-09
1566,Singapore,Designer,Intermediate,2025-03-26
1567,USA,Customer Support Specialist,Beginner,2026-02-06
1568,USA,Content Creator,Intermediate,2025-04-16
1569,Pakistan,Student,Advanced,2025-10-19
1570,India,Business Analyst,Intermediate,2025-05-24
1571,Pakistan,Student,Beginner,2025-03-28
1572,UAE,Designer,Intermediate,2025-12-27
1573,Germany,Customer Support Specialist,Intermediate,2025-10-21
1574,Netherlands,Student,Beginner,2025-09-21
1575,India,Student,Beginner,2025-12-14
1576,USA,Entrepreneur,Advanced,2025-03-11
1577,UAE,Data Analyst,Beginner,2026-02-07
1578,USA,Researcher,Expert,2025-01-31
1579,United Kingdom,Software Developer,Intermediate,2025-12-02
1580,Pakistan,Student,Intermediate,2025-03-09
1581,Australia,Software Developer,Beginner,2025-12-31
1582,South Korea,Data Analyst,Beginner,2025-05-07
1583,India,Software Developer,Intermediate,2025-12-13
1584,Saudi Arabia,Student,Intermediate,2025-03-14
1585,France,Designer,Advanced,2025-05-18
1586,,Software Developer,Advanced,2025-07-12
1587,United Kingdom,Customer Support Specialist,Intermediate,2025-11-21
1588,South Korea,Teacher,Beginner,2026-01-29
1589,Canada,Customer Support Specialist,Advanced,2025-09-21
1590,USA,Researcher,Intermediate,2025-12-22
1591,USA,Student,Beginner,2025-07-08
1592,Saudi Arabia,Student,Advanced,2025-09-07
1593,USA,Data Scientist,Beginner,2025-01-02
1594,India,Software Developer,Beginner,2026-03-10
1595,Canada,Data Scientist,Intermediate,2026-01-10
1596,Pakistan,Business Analyst,Expert,2025-11-22
1597,United Kingdom,Student,Beginner,2025-07-03
1598,Italy,Software Developer,Beginner,2026-02-12
1599,India,Student,Beginner,2025-04-22
1600,Saudi Arabia,Software Developer,Intermediate,2026-02-27
1601,USA,Software Developer,Expert,2025-05-18
1602,India,Business Analyst,Intermediate,2025-05-26
1603,USA,Customer Support Specialist,Beginner,2025-10-23
1604,Singapore,Data Analyst,Advanced,2026-03-13
1605,USA,Designer,Advanced,2025-06-25
1606,Spain,Entrepreneur,Advanced,2026-01-26
1607,Brazil,Data Analyst,Beginner,2025-02-20
1608,India,Student,Intermediate,2026-03-05
1609,Canada,Data Analyst,Advanced,2025-03-05
1610,USA,Student,Intermediate,2025-03-22
1611,Saudi Arabia,Researcher,Intermediate,2025-01-01
1612,USA,Marketing Specialist,Beginner,2025-08-08
1613,Pakistan,Student,Beginner,2025-12-19
1614,India,Customer Support Specialist,Expert,2025-11-29
1615,Pakistan,Software Developer,Beginner,2025-05-21
1616,Pakistan,Customer Support Specialist,Beginner,2025-07-04
1617,UAE,Software Developer,Expert,2025-07-10
1618,Pakistan,Teacher,Intermediate,2025-11-29
1619,Germany,Data Analyst,Beginner,2025-07-22
1620,Spain,Entrepreneur,Advanced,2026-01-07
1621,Germany,Teacher,Beginner,2025-04-30
1622,Pakistan,Student,Intermediate,2025-02-16
1623,Pakistan,Data Analyst,Intermediate,2025-01-01
1624,Saudi Arabia,Student,Beginner,2025-02-09
1625,India,Data Analyst,Beginner,2025-04-26
1626,France,Marketing Specialist,Advanced,2025-08-16
1627,Pakistan,Business Analyst,Beginner,2025-12-23
1628,United Kingdom,Teacher,Beginner,2025-03-03
1629,USA,Entrepreneur,Intermediate,2025-08-05
1630,France,Software Developer,Advanced,2025-09-02
1631,,Software Developer,Intermediate,2025-07-16
1632,India,Student,Beginner,2026-02-17
1633,USA,Data Scientist,Beginner,2025-06-10
1634,Netherlands,Software Developer,Intermediate,2025-06-03
1635,USA,Data Scientist,Expert,2026-02-01
1636,USA,Customer Support Specialist,Beginner,2025-03-10
1637,UAE,Marketing Specialist,Advanced,2025-12-13
1638,Canada,Designer,Beginner,2025-09-29
1639,USA,Entrepreneur,Intermediate,2025-11-09
1640,Pakistan,Teacher,Intermediate,2025-08-14
1641,Italy,Researcher,Intermediate,2025-04-20
1642,Brazil,Software Developer,Beginner,2025-03-19
1643,United Kingdom,Data Analyst,Advanced,2025-11-12
1644,Netherlands,Student,Intermediate,2025-04-22
1645,Italy,Student,Intermediate,2025-02-21
1646,Pakistan,Entrepreneur,Intermediate,2025-03-05
1647,UAE,Business Analyst,Intermediate,2025-07-16
1648,United Kingdom,Business Analyst,Intermediate,2025-08-08
1649,Saudi Arabia,Customer Support Specialist,Intermediate,2025-03-13
1650,UAE,Teacher,Advanced,2025-11-27
1651,Pakistan,Software Developer,Intermediate,2025-10-11
1652,France,Student,Advanced,2026-01-05
1653,Pakistan,Content Creator,Beginner,2026-02-03
1654,UAE,Marketing Specialist,Beginner,2025-01-14
1655,India,Teacher,Intermediate,2025-12-04
1656,India,Customer Support Specialist,Advanced,2025-04-16
1657,Italy,Student,Intermediate,2025-09-18
1658,Brazil,Designer,Advanced,2025-07-20
1659,India,Student,Beginner,2025-01-28
1660,India,Software Developer,Beginner,2026-02-11
1661,Malaysia,Data Scientist,Advanced,2025-09-11
1662,Japan,Marketing Specialist,Beginner,2025-05-04
1663,Australia,Marketing Specialist,Advanced,2025-11-01
1664,UAE,Customer Support Specialist,Intermediate,2025-01-07
1665,Pakistan,Content Creator,Beginner,2025-06-12
1666,Brazil,Software Developer,Intermediate,2026-03-06
1667,Saudi Arabia,Marketing Specialist,Intermediate,2025-07-07
1668,United Kingdom,Business Analyst,Intermediate,2025-03-30
1669,Singapore,Software Developer,Advanced,2026-01-30
1670,Japan,Data Analyst,Intermediate,2025-10-28
1671,USA,Researcher,Intermediate,2025-05-15
1672,Germany,Data Analyst,Beginner,2025-01-31
1673,USA,Student,Intermediate,2025-07-23
1674,Singapore,Content Creator,Intermediate,2025-11-18
1675,Italy,Researcher,Expert,2026-01-28
1676,Canada,Data Scientist,Beginner,2025-12-26
1677,Australia,Software Developer,Intermediate,2025-11-24
1678,Canada,Marketing Specialist,Intermediate,2025-11-12
1679,USA,Student,Intermediate,2025-02-12
1680,Italy,Researcher,Expert,2025-09-19
1681,UAE,Marketing Specialist,Beginner,2026-02-18
1682,France,Content Creator,Intermediate,2025-06-17
1683,United Kingdom,Designer,Intermediate,2025-11-21
1684,Canada,Data Analyst,Advanced,2025-11-29
1685,,Software Developer,Intermediate,2025-02-03
1686,France,Student,Beginner,2025-08-12
1687,Canada,Student,Expert,2026-03-10
1688,Netherlands,Designer,Intermediate,2025-05-06
1689,Australia,Software Developer,Intermediate,2025-08-11
1690,Pakistan,Entrepreneur,Beginner,2025-11-10
1691,Canada,Teacher,Intermediate,2025-06-08
1692,USA,Customer Support Specialist,Intermediate,2025-12-03
1693,Germany,Data Analyst,Intermediate,2025-03-03
1694,Pakistan,Software Developer,Beginner,2025-03-12
1695,Japan,Data Analyst,Beginner,2025-03-25
1696,United Kingdom,Teacher,Beginner,2025-06-27
1697,Canada,Software Developer,Beginner,2026-02-05
1698,USA,Business Analyst,Beginner,2025-05-13
1699,USA,Student,Advanced,2025-03-06
1700,India,Student,Beginner,2025-05-18
1701,United Kingdom,Marketing Specialist,Intermediate,2025-03-02
1702,Pakistan,Student,Beginner,2025-01-16
1703,Pakistan,Software Developer,Advanced,2025-08-08
1704,Italy,Customer Support Specialist,Advanced,2025-02-02
1705,Germany,Researcher,Beginner,2025-10-23
1706,Germany,Student,Intermediate,2025-09-12
1707,UAE,Data Scientist,Intermediate,2025-07-04
1708,Netherlands,Software Developer,Intermediate,2025-10-18
1709,Netherlands,Marketing Specialist,Intermediate,2025-03-22
1710,India,Student,Advanced,2025-02-22
1711,Canada,Designer,Beginner,2025-12-12
1712,USA,Customer Support Specialist,Intermediate,2025-04-27
1713,Germany,Software Developer,Advanced,2025-01-02
1714,Spain,Marketing Specialist,Beginner,2025-01-07
1715,Germany,Teacher,Intermediate,2025-08-30
1716,Singapore,Content Creator,Advanced,2025-03-18
1717,Germany,Software Developer,Intermediate,2025-01-19
1718,India,Entrepreneur,Advanced,2026-01-01
1719,France,Data Scientist,Beginner,2025-08-03
1720,UAE,Designer,Beginner,2025-05-08
1721,Germany,Software Developer,Intermediate,2026-01-04
1722,United Kingdom,Data Analyst,Expert,2026-02-27
1723,India,Software Developer,Beginner,2025-07-10
1724,UAE,Student,Intermediate,2025-12-11
1725,USA,Software Developer,Intermediate,2025-04-02
1726,Saudi Arabia,Entrepreneur,Beginner,2025-09-22
1727,Canada,Entrepreneur,Intermediate,2025-07-25
1728,Japan,Software Developer,Expert,2025-08-27
1729,UAE,Customer Support Specialist,Advanced,2026-02-01
1730,Pakistan,Customer Support Specialist,Beginner,2025-06-17
1731,Pakistan,Researcher,Advanced,2025-08-22
1732,Netherlands,Data Analyst,Advanced,2025-04-13
1733,Australia,Software Developer,Intermediate,2026-02-06
1734,India,Data Scientist,Expert,2025-11-15
1735,France,Researcher,Expert,2025-07-08
1736,Pakistan,Teacher,Intermediate,2025-09-10
1737,Singapore,Data Analyst,Expert,2026-02-02
1738,India,Student,Advanced,2025-10-07
1739,Pakistan,Marketing Specialist,Intermediate,2025-05-06
1740,UAE,Data Analyst,Beginner,2025-07-29
1741,India,Designer,Beginner,2025-10-05
1742,Pakistan,Student,Beginner,2026-03-06
1743,Germany,Entrepreneur,Beginner,2025-01-05
1744,Germany,Content Creator,Intermediate,2025-01-01
1745,Australia,Student,Intermediate,2025-07-12
1746,USA,Researcher,Advanced,2026-01-08
1747,USA,Student,Expert,2025-04-16
1748,Pakistan,Designer,Expert,2025-05-02
1749,Australia,Marketing Specialist,Advanced,2025-01-31
1750,Singapore,Student,Intermediate,2025-03-14
1751,Pakistan,Customer Support Specialist,Advanced,2025-02-17
1752,USA,Business Analyst,Intermediate,2025-04-29
1753,USA,Marketing Specialist,Intermediate,2025-09-24
1754,Singapore,Data Analyst,Advanced,2025-07-10
1755,Canada,Software Developer,Expert,2026-01-18
1756,Canada,Data Scientist,Intermediate,2025-02-18
1757,Singapore,Data Scientist,Beginner,2025-11-23
1758,USA,Data Scientist,Advanced,2025-02-08
1759,United Kingdom,Data Analyst,Beginner,2025-02-01
1760,Pakistan,Customer Support Specialist,Intermediate,2025-03-08
1761,South Korea,Designer,Beginner,2025-05-14
1762,Brazil,Student,Advanced,2026-02-15
1763,South Korea,Software Developer,Beginner,2026-03-02
1764,Australia,Data Scientist,Beginner,2025-06-12
1765,USA,Software Developer,Advanced,2025-04-30
1766,USA,Student,Intermediate,2025-04-14
1767,Pakistan,Software Developer,Advanced,2026-01-30
1768,USA,Teacher,Advanced,2025-03-21
1769,United Kingdom,Designer,Intermediate,2025-08-19
1770,Pakistan,Entrepreneur,Advanced,2025-07-28
1771,Pakistan,Marketing Specialist,Expert,2025-07-03
1772,Italy,Designer,Intermediate,2025-04-17
1773,India,Customer Support Specialist,Beginner,2025-08-26
1774,Canada,Data Scientist,Beginner,2025-03-03
1775,Pakistan,Customer Support Specialist,Beginner,2026-02-18
1776,Canada,Software Developer,Beginner,2026-02-28
1777,United Kingdom,Designer,Beginner,2025-11-05
1778,India,Software Developer,Intermediate,2026-03-04
1779,Italy,Customer Support Specialist,Intermediate,2025-03-17
1780,Canada,Entrepreneur,Beginner,2025-05-08
1781,Saudi Arabia,Customer Support Specialist,Beginner,2025-07-22
1782,USA,Customer Support Specialist,Intermediate,2025-12-13
1783,USA,Data Scientist,Intermediate,2026-02-24
1784,Australia,Researcher,Expert,2025-01-16
1785,India,Designer,Intermediate,2025-08-20
1786,Pakistan,Data Analyst,Expert,2025-10-09
1787,Singapore,Designer,Intermediate,2025-08-25
1788,India,Marketing Specialist,Advanced,2026-02-11
1789,Canada,Customer Support Specialist,Intermediate,2025-01-07
1790,Pakistan,Teacher,Beginner,2026-02-04
1791,Pakistan,Student,Intermediate,2025-03-08
1792,Saudi Arabia,Designer,Advanced,2025-07-25
1793,Canada,Student,Advanced,2025-11-19
1794,India,Data Analyst,Intermediate,2025-02-13
1795,India,Software Developer,Intermediate,2025-05-13
1796,Canada,Student,Expert,2025-02-08
1797,Canada,Business Analyst,Beginner,2025-02-03
1798,Canada,Business Analyst,Intermediate,2025-11-27
1799,Australia,Student,Beginner,2025-03-07
1800,United Kingdom,Student,Advanced,2026-03-10
1801,India,Customer Support Specialist,Expert,2025-06-19
1802,India,Student,Advanced,2025-08-25
1803,Italy,Student,Intermediate,2025-10-21
1804,Canada,Content Creator,Beginner,2026-01-06
1805,Australia,Software Developer,Beginner,2025-01-16
1806,Pakistan,Student,Intermediate,2025-08-07
1807,United Kingdom,Student,Beginner,2025-04-20
1808,India,Customer Support Specialist,Intermediate,2025-05-21
1809,United Kingdom,Marketing Specialist,Expert,2025-03-18
1810,India,Content Creator,Advanced,2025-11-14
1811,Germany,Software Developer,Advanced,2025-11-28
1812,USA,Marketing Specialist,Advanced,2025-07-30
1813,India,Business Analyst,Beginner,2025-09-03
1814,Japan,Student,Beginner,2025-05-24
1815,USA,Customer Support Specialist,Beginner,2025-08-03
1816,India,Student,Intermediate,2026-02-13
1817,Canada,Software Developer,Beginner,2025-11-19
1818,India,Data Analyst,Intermediate,2025-10-06
1819,Australia,Data Analyst,Intermediate,2025-07-15
1820,Pakistan,Customer Support Specialist,Expert,2025-07-03
1821,Saudi Arabia,Data Scientist,Beginner,2026-02-05
1822,India,Data Scientist,Intermediate,2025-10-17
1823,UAE,Business Analyst,Advanced,2025-07-18
1824,Pakistan,Content Creator,Intermediate,2025-01-14
1825,USA,Researcher,Beginner,2025-04-23
1826,Pakistan,Student,Advanced,2026-02-20
1827,UAE,Data Scientist,Advanced,2025-01-30
1828,India,Student,Advanced,2025-08-30
1829,Australia,Customer Support Specialist,Beginner,2026-01-28
1830,France,Marketing Specialist,Expert,2025-04-30
1831,USA,Teacher,Intermediate,2025-02-21
1832,India,Designer,Intermediate,2025-05-04
1833,Canada,Entrepreneur,Intermediate,2026-02-22
1834,Germany,Designer,Beginner,2026-01-13
1835,India,Designer,Intermediate,2025-04-23
1836,India,Designer,Intermediate,2026-02-13
1837,India,Student,Beginner,2026-03-06
1838,Netherlands,Business Analyst,Advanced,2025-03-30
1839,USA,Teacher,Advanced,2025-10-31
1840,UAE,Software Developer,Intermediate,2026-01-13
1841,Japan,Marketing Specialist,Intermediate,2025-10-30
1842,United Kingdom,Designer,Beginner,2025-12-25
1843,Germany,Software Developer,Intermediate,2025-10-18
1844,India,Marketing Specialist,Beginner,2025-10-16
1845,Australia,Teacher,Beginner,2026-03-05
1846,USA,Data Analyst,Advanced,2025-09-10
1847,Canada,Student,Beginner,2025-03-31
1848,France,Business Analyst,Advanced,2025-02-16
1849,Germany,Software Developer,Beginner,2025-11-05
1850,USA,Data Scientist,Beginner,2025-09-27
1851,India,Student,Expert,2025-06-19
1852,Germany,Business Analyst,Advanced,2025-04-14
1853,USA,Researcher,Beginner,2025-06-24
1854,Germany,Student,Expert,2026-02-15
1855,India,Data Scientist,Expert,2025-06-15
1856,USA,Researcher,Advanced,2025-03-17
1857,Japan,Customer Support Specialist,Expert,2025-03-14
1858,USA,Business Analyst,Intermediate,2026-03-10
1859,France,Software Developer,Advanced,2025-07-06
1860,South Korea,Entrepreneur,Intermediate,2025-07-11
1861,USA,Student,Advanced,2025-12-06
1862,Australia,Student,Beginner,2025-02-21
1863,Pakistan,Student,Expert,2025-06-15
1864,France,Student,Intermediate,2025-03-22
1865,USA,Customer Support Specialist,Intermediate,2025-08-12
1866,United Kingdom,Student,Advanced,2025-09-07
1867,France,Researcher,Beginner,2025-03-31
1868,India,Software Developer,Advanced,2025-10-15
1869,USA,Marketing Specialist,Advanced,2025-11-11
1870,Brazil,Student,Intermediate,2025-04-25
1871,USA,Content Creator,Advanced,2026-02-22
1872,India,Student,Advanced,2025-06-07
1873,Singapore,Data Scientist,Intermediate,2025-05-31
1874,India,Software Developer,Expert,2026-01-09
1875,,Teacher,Beginner,2025-12-26
1876,Japan,Student,Intermediate,2025-07-20
1877,Canada,Software Developer,Advanced,2026-01-30
1878,Germany,Data Analyst,Beginner,2025-01-17
1879,India,Software Developer,Intermediate,2025-06-12
1880,Japan,Software Developer,Beginner,2025-11-10
1881,Canada,Business Analyst,Intermediate,2025-10-17
1882,Pakistan,Marketing Specialist,Beginner,2025-09-12
1883,USA,Researcher,Intermediate,2026-01-17
1884,Germany,Teacher,Advanced,2025-06-27
1885,India,Student,Beginner,2025-03-27
1886,USA,Content Creator,Advanced,2025-02-15
1887,Italy,Content Creator,Beginner,2025-12-10
1888,USA,Business Analyst,Intermediate,2025-06-21
1889,Germany,Teacher,Advanced,2025-05-16
1890,Japan,Software Developer,Advanced,2025-12-21
1891,Singapore,Data Scientist,Intermediate,2025-05-12
1892,India,Customer Support Specialist,Beginner,2026-01-04
1893,Canada,Data Analyst,Advanced,2025-07-17
1894,USA,Data Analyst,Intermediate,2025-08-03
1895,Netherlands,Data Analyst,Beginner,2025-07-31
1896,UAE,Designer,Expert,2025-07-13
1897,USA,Content Creator,Beginner,2025-07-12
1898,USA,Content Creator,Intermediate,2025-09-03
1899,UAE,Data Scientist,Intermediate,2025-10-23
1900,Pakistan,Customer Support Specialist,Beginner,2025-12-18
1901,India,Student,Intermediate,2025-08-20
1902,India,Entrepreneur,Beginner,2026-03-10
1903,Brazil,Software Developer,Advanced,2025-01-11
1904,Brazil,Data Analyst,Expert,2025-02-23
1905,United Kingdom,Customer Support Specialist,Advanced,2025-03-29
1906,India,Data Analyst,Intermediate,2025-03-24
1907,USA,Data Analyst,Beginner,2025-10-08
1908,Pakistan,Teacher,Beginner,2025-02-17
1909,USA,Content Creator,Beginner,2025-11-11
1910,USA,Data Analyst,Expert,2025-12-27
1911,Japan,Student,Advanced,2025-12-01
1912,Canada,Content Creator,Advanced,2025-08-11
1913,Germany,Data Scientist,Beginner,2025-02-21
1914,United Kingdom,Entrepreneur,Intermediate,2025-04-08
1915,Japan,Customer Support Specialist,Beginner,2025-10-11
1916,Australia,Content Creator,Expert,2026-01-09
1917,South Korea,Content Creator,Beginner,2025-12-05
1918,Saudi Arabia,Software Developer,Advanced,2025-05-02
1919,Netherlands,Student,Intermediate,2025-07-21
1920,United Kingdom,Student,Intermediate,2026-03-07
1921,UAE,Customer Support Specialist,Expert,2025-01-28
1922,USA,Business Analyst,Advanced,2025-08-07
1923,India,Software Developer,Beginner,2026-02-26
1924,Netherlands,Content Creator,Advanced,2025-11-04
1925,India,Researcher,Beginner,2025-02-19
1926,Pakistan,Content Creator,Beginner,2025-03-29
1927,Japan,Data Analyst,Advanced,2025-02-11
1928,Pakistan,Marketing Specialist,Beginner,2025-03-01
1929,USA,Entrepreneur,Beginner,2025-07-23
1930,Saudi Arabia,Customer Support Specialist,Beginner,2025-12-05
1931,India,Content Creator,Expert,2025-11-25
1932,Netherlands,Designer,Advanced,2025-04-05
1933,USA,Customer Support Specialist,Expert,2025-07-15
1934,USA,Data Scientist,Beginner,2025-08-17
1935,India,Business Analyst,Intermediate,2025-08-14
1936,USA,Student,Expert,2025-04-26
1937,Germany,Student,Beginner,2025-10-16
1938,South Korea,Business Analyst,Beginner,2026-01-21
1939,USA,Software Developer,Beginner,2025-02-19
1940,Germany,Entrepreneur,Intermediate,2025-06-26
1941,Japan,Student,Advanced,2025-07-31
1942,Australia,Data Analyst,Intermediate,2025-10-29
1943,Germany,Software Developer,Intermediate,2025-02-01
1944,Canada,Customer Support Specialist,Intermediate,2026-02-24
1945,Saudi Arabia,Student,Advanced,2025-10-02
1946,Germany,Entrepreneur,Intermediate,2025-09-01
1947,Germany,Content Creator,Intermediate,2025-05-01
1948,USA,Software Developer,Beginner,2025-02-10
1949,Singapore,Data Analyst,Beginner,2026-01-01
1950,Australia,Student,Intermediate,2025-10-20
1951,USA,Customer Support Specialist,Advanced,2026-02-14
1952,Singapore,Student,Advanced,2025-11-14
1953,USA,Software Developer,Beginner,2026-01-23
1954,Germany,Student,Intermediate,2025-03-27
1955,USA,Student,Advanced,2026-02-18
1956,United Kingdom,Researcher,Beginner,2025-01-22
1957,Saudi Arabia,Marketing Specialist,Beginner,2025-12-16
1958,India,Content Creator,Advanced,2026-02-26
1959,Pakistan,Data Scientist,Advanced,2026-03-04
1960,France,Student,Intermediate,2025-06-13
1961,India,Content Creator,Intermediate,2026-02-18
1962,South Korea,Designer,Intermediate,2025-07-18
1963,Canada,Entrepreneur,Advanced,2025-10-10
1964,United Kingdom,Researcher,Intermediate,2025-05-22
1965,United Kingdom,Data Analyst,Intermediate,2025-01-07
1966,India,Entrepreneur,Intermediate,2025-11-16
1967,Italy,Designer,Intermediate,2026-02-05
1968,Canada,Software Developer,Intermediate,2025-08-01
1969,USA,Content Creator,Intermediate,2025-10-18
1970,UAE,Data Analyst,Beginner,2026-01-24
1971,Pakistan,Entrepreneur,Advanced,2025-02-21
1972,Pakistan,Designer,Beginner,2025-10-16
1973,South Korea,Content Creator,Beginner,2026-02-07
1974,Germany,Software Developer,Expert,2025-10-02
1975,USA,Content Creator,Beginner,2025-07-30
1976,Australia,Teacher,Advanced,2025-12-02
1977,Germany,Entrepreneur,Beginner,2025-11-08
1978,Pakistan,Data Scientist,Expert,2025-03-30
1979,Pakistan,Researcher,Advanced,2025-03-15
1980,India,Data Analyst,Beginner,2025-12-15
1981,Pakistan,Data Analyst,Beginner,2025-01-20
1982,Singapore,Customer Support Specialist,Intermediate,2025-06-19
1983,Pakistan,Software Developer,Advanced,2025-01-26
1984,Japan,Data Analyst,Beginner,2025-05-18
1985,Saudi Arabia,Marketing Specialist,Beginner,2025-01-11
1986,Germany,Data Scientist,Intermediate,2026-02-11
1987,UAE,Business Analyst,Intermediate,2025-05-24
1988,Spain,Student,Advanced,2025-12-23
1989,United Kingdom,Entrepreneur,Expert,2025-04-27
1990,USA,Customer Support Specialist,Advanced,2026-01-16
1991,Saudi Arabia,Data Analyst,Advanced,2026-02-27
1992,Singapore,Data Scientist,Expert,2026-01-09
1993,USA,Data Analyst,Intermediate,2025-11-27
1994,Canada,Content Creator,Beginner,2025-08-15
1995,Italy,Software Developer,Beginner,2026-02-26
1996,USA,Marketing Specialist,Expert,2025-09-06
1997,France,Business Analyst,Beginner,2025-07-11
1998,Canada,Student,Intermediate,2025-09-21
1999,USA,Content Creator,Intermediate,2025-02-03
2000,UAE,Designer,Beginner,2025-09-17
2001,France,Data Analyst,Advanced,2026-02-04
2002,,Data Analyst,Expert,2025-10-19
2003,Canada,Software Developer,Intermediate,2025-04-09
2004,India,Teacher,Advanced,2025-04-13
2005,Malaysia,Designer,Intermediate,2025-05-08
2006,UAE,Software Developer,Intermediate,2025-01-26
2007,Canada,Software Developer,Intermediate,2025-12-27
2008,Singapore,Business Analyst,Beginner,2025-07-08
2009,USA,Data Scientist,Advanced,2025-09-16
2010,USA,Researcher,Beginner,2025-03-05
2011,Germany,Student,Advanced,2025-05-04
2012,India,Content Creator,Beginner,2025-11-01
2013,Australia,Business Analyst,Beginner,2025-08-31
2014,Singapore,Marketing Specialist,Beginner,2025-06-29
2015,Pakistan,Data Analyst,Advanced,2026-03-05
2016,UAE,Software Developer,Intermediate,2026-01-19
2017,Saudi Arabia,Customer Support Specialist,Intermediate,2025-02-16
2018,Italy,Designer,Intermediate,2025-07-17
2019,Japan,Designer,Intermediate,2025-10-20
2020,,Business Analyst,Advanced,2025-04-20
2021,Pakistan,Student,Intermediate,2025-11-28
2022,Canada,Data Analyst,Advanced,2025-04-16
2023,United Kingdom,Student,Beginner,2025-07-29
2024,India,Customer Support Specialist,Intermediate,2026-02-04
2025,USA,Student,Intermediate,2025-12-16
2026,USA,Student,Intermediate,2025-03-09
2027,Canada,Student,Intermediate,2025-11-04
2028,Italy,Student,Beginner,2025-04-25
2029,India,Student,Advanced,2026-02-17
2030,India,Researcher,Beginner,2025-12-31
2031,Pakistan,Teacher,Intermediate,2025-11-26
2032,Canada,Data Analyst,Advanced,2025-07-12
2033,USA,Business Analyst,Beginner,2025-08-24
2034,Singapore,Student,Advanced,2025-08-27
2035,India,Entrepreneur,Beginner,2025-09-24
2036,USA,Designer,Beginner,2025-07-23
2037,India,Customer Support Specialist,Expert,2025-01-04
2038,Pakistan,Entrepreneur,Intermediate,2025-12-06
2039,India,Researcher,Advanced,2026-03-06
2040,South Korea,Data Scientist,Advanced,2025-11-28
2041,USA,Software Developer,Beginner,2025-05-25
2042,South Korea,Teacher,Advanced,2025-02-25
2043,United Kingdom,Data Scientist,Beginner,2025-06-22
2044,India,Student,Advanced,2025-11-24
2045,Canada,Software Developer,Beginner,2025-05-22
2046,USA,Student,Expert,2025-12-31
2047,Germany,Teacher,Intermediate,2025-11-30
2048,Pakistan,Software Developer,Advanced,2025-03-18
2049,Saudi Arabia,Data Analyst,Intermediate,2025-05-04
2050,United Kingdom,Content Creator,Expert,2026-02-17
2051,Canada,Marketing Specialist,Beginner,2026-02-19
2052,USA,Data Analyst,Beginner,2025-12-05
2053,UAE,Researcher,Beginner,2025-03-13
2054,Japan,Data Analyst,Intermediate,2025-12-02
2055,India,Student,Beginner,2025-06-01
2056,United Kingdom,Student,Expert,2025-08-03
2057,USA,Data Analyst,Beginner,2026-01-13
2058,Germany,Software Developer,Advanced,2025-12-29
2059,Canada,Designer,Intermediate,2026-02-22
2060,USA,Data Analyst,Intermediate,2026-01-07
2061,Germany,Data Analyst,Beginner,2025-12-18
2062,Malaysia,Software Developer,Advanced,2026-02-06
2063,Saudi Arabia,Data Scientist,Beginner,2025-12-10
2064,USA,Researcher,Intermediate,2025-06-03
2065,Saudi Arabia,Customer Support Specialist,Advanced,2026-03-07
2066,USA,Data Scientist,Advanced,2025-10-13
2067,India,Software Developer,Advanced,2025-02-19
2068,Pakistan,Entrepreneur,Advanced,2026-01-15
2069,USA,Customer Support Specialist,Beginner,2026-02-18
2070,Pakistan,Student,Beginner,2025-04-04
2071,United Kingdom,Software Developer,Intermediate,2025-06-21
2072,Pakistan,Teacher,Advanced,2025-04-24
2073,USA,Student,Intermediate,2026-01-17
2074,USA,Teacher,Advanced,2025-08-04
2075,India,Student,Beginner,2025-06-19
2076,Germany,Software Developer,Expert,2025-10-27
2077,Saudi Arabia,Student,Intermediate,2026-03-12
2078,Netherlands,Marketing Specialist,Beginner,2025-01-28
2079,Pakistan,Business Analyst,Intermediate,2025-10-26
2080,France,Business Analyst,Advanced,2025-11-14
2081,Netherlands,Software Developer,Intermediate,2025-04-10
2082,UAE,Teacher,Intermediate,2025-12-15
2083,USA,Teacher,Advanced,2025-06-02
2084,USA,Student,Beginner,2025-03-19
2085,Pakistan,Software Developer,Intermediate,2025-04-13
2086,Canada,Marketing Specialist,Advanced,2025-10-19
2087,Japan,Data Analyst,Beginner,2025-08-23
2088,Singapore,Data Analyst,Expert,2026-01-02
2089,Japan,Designer,Expert,2025-02-11
2090,USA,Data Scientist,Intermediate,2025-11-20
2091,Pakistan,Entrepreneur,Beginner,2025-06-10
2092,Canada,Marketing Specialist,Advanced,2025-01-03
2093,India,Student,Advanced,2025-04-18
2094,India,Business Analyst,Intermediate,2025-03-28
2095,UAE,Researcher,Beginner,2025-03-23
2096,Canada,Business Analyst,Intermediate,2026-01-26
2097,Italy,Student,Beginner,2025-03-08
2098,Pakistan,Customer Support Specialist,Intermediate,2025-11-21
2099,Singapore,Entrepreneur,Intermediate,2025-08-08
2100,USA,Researcher,Intermediate,2025-07-16
2101,Saudi Arabia,Student,Intermediate,2025-10-01
2102,UAE,Student,Intermediate,2025-07-11
2103,Pakistan,Student,Intermediate,2025-06-14
2104,Saudi Arabia,Student,Intermediate,2025-09-29
2105,France,Data Scientist,Beginner,2025-12-13
2106,Spain,Researcher,Intermediate,2026-01-11
2107,France,Software Developer,Intermediate,2025-12-22
2108,United Kingdom,Marketing Specialist,Intermediate,2025-06-09
2109,USA,Data Analyst,Expert,2025-07-16
2110,Pakistan,Student,Beginner,2025-06-06
2111,USA,Researcher,Intermediate,2026-02-26
2112,United Kingdom,Data Scientist,Advanced,2025-05-29
2113,USA,Data Analyst,Intermediate,2025-09-24
2114,India,Data Scientist,Intermediate,2025-06-22
2115,France,Business Analyst,Intermediate,2025-12-18
2116,USA,Data Scientist,Expert,2025-06-25
2117,Germany,Researcher,Beginner,2025-09-08
2118,Canada,Software Developer,Intermediate,2025-04-07
2119,Netherlands,Customer Support Specialist,Intermediate,2026-02-20
2120,United Kingdom,Customer Support Specialist,Advanced,2025-04-27
2121,USA,Student,Beginner,2025-03-09
2122,United Kingdom,Student,Intermediate,2025-01-12
2123,Pakistan,Data Analyst,Intermediate,2025-03-28
2124,Japan,Content Creator,Intermediate,2025-12-31
2125,Spain,Entrepreneur,Beginner,2025-01-20
2126,USA,Teacher,Advanced,2025-11-24
2127,Italy,Entrepreneur,Intermediate,2025-10-01
2128,Canada,Software Developer,Beginner,2025-11-01
2129,United Kingdom,Content Creator,Intermediate,2025-12-05
2130,UAE,Data Scientist,Intermediate,2026-03-05
2131,USA,Student,Advanced,2025-12-20
2132,Australia,Customer Support Specialist,Beginner,2025-08-16
2133,United Kingdom,Student,Intermediate,2025-10-08
2134,Singapore,Content Creator,Advanced,2025-12-26
2135,India,Business Analyst,Beginner,2025-12-22
2136,Brazil,Student,Intermediate,2025-01-05
2137,Canada,Customer Support Specialist,Beginner,2025-12-05
2138,Pakistan,Business Analyst,Intermediate,2025-09-24
2139,India,Student,Intermediate,2025-11-07
2140,Netherlands,Teacher,Intermediate,2025-08-03
2141,South Korea,Student,Beginner,2025-02-23
2142,India,Student,Beginner,2025-11-13
2143,Spain,Teacher,Beginner,2025-02-28
2144,Germany,Researcher,Expert,2025-09-12
2145,Brazil,Designer,Advanced,2025-04-13
2146,Canada,Marketing Specialist,Beginner,2026-03-02
2147,USA,Designer,Beginner,2025-04-14
2148,USA,Researcher,Beginner,2025-07-29
2149,Germany,Designer,Expert,2025-01-21
2150,United Kingdom,Software Developer,Intermediate,2025-04-17
2151,Japan,Customer Support Specialist,Intermediate,2025-09-04
2152,India,Entrepreneur,Beginner,2025-01-02
2153,Germany,Student,Beginner,2025-02-15
2154,Pakistan,Data Scientist,Advanced,2026-03-04
2155,Spain,Data Scientist,Advanced,2025-09-10
2156,USA,Designer,Beginner,2025-02-16
2157,Spain,Teacher,Advanced,2025-02-08
2158,Japan,Content Creator,Expert,2025-02-21
2159,Australia,Entrepreneur,Intermediate,2025-11-26
2160,USA,Designer,Beginner,2025-06-01
2161,Germany,Designer,Intermediate,2025-01-26
2162,USA,Data Analyst,Intermediate,2025-03-31
2163,Italy,Student,Intermediate,2026-03-13
2164,Australia,Marketing Specialist,Beginner,2026-02-15
2165,Pakistan,Data Analyst,Expert,2025-08-07
2166,USA,Student,Beginner,2025-02-18
2167,India,Teacher,Beginner,2025-01-24
2168,USA,Designer,Beginner,2025-03-12
2169,USA,Teacher,Advanced,2025-03-29
2170,Netherlands,Business Analyst,Advanced,2025-08-13
2171,USA,Teacher,Advanced,2025-05-18
2172,Saudi Arabia,Designer,Beginner,2025-02-17
2173,Japan,Researcher,Expert,2025-06-25
2174,USA,Data Analyst,Beginner,2025-07-25
2175,Saudi Arabia,Data Analyst,Beginner,2025-08-22
2176,South Korea,Software Developer,Advanced,2025-07-17
2177,Pakistan,Business Analyst,Intermediate,2025-09-02
2178,Brazil,Entrepreneur,Beginner,2025-11-29
2179,USA,Data Scientist,Advanced,2025-03-27
2180,Brazil,Student,Intermediate,2025-12-23
2181,India,Teacher,Expert,2026-03-09
2182,India,Designer,Beginner,2025-08-02
2183,Canada,Designer,Beginner,2025-09-05
2184,United Kingdom,Student,Intermediate,2025-12-14
2185,Germany,Software Developer,Advanced,2025-11-09
2186,Australia,Student,Beginner,2025-07-03
2187,UAE,Customer Support Specialist,Beginner,2025-12-17
2188,India,Data Analyst,Intermediate,2026-01-08
2189,USA,Student,Advanced,2025-03-08
2190,Canada,Student,Intermediate,2025-09-07
2191,Canada,Software Developer,Beginner,2025-07-30
2192,Brazil,Software Developer,Advanced,2025-02-02
2193,Netherlands,Data Scientist,Intermediate,2025-06-10
2194,Canada,Entrepreneur,Expert,2025-12-14
2195,Australia,Software Developer,Advanced,2026-01-16
2196,Pakistan,Designer,Beginner,2025-10-17
2197,India,Teacher,Intermediate,2025-12-09
2198,India,Student,Advanced,2025-09-23
2199,UAE,Data Scientist,Beginner,2025-12-25
2200,India,Entrepreneur,Intermediate,2025-08-10
2201,Canada,Marketing Specialist,Intermediate,2025-05-08
2202,Saudi Arabia,Designer,Beginner,2025-12-06
2203,USA,Designer,Expert,2025-07-17
2204,India,Business Analyst,Advanced,2026-02-28
2205,India,Software Developer,Beginner,2025-11-10
2206,Australia,Data Analyst,Intermediate,2025-11-26
2207,United Kingdom,Researcher,Beginner,2025-09-16
2208,Pakistan,Designer,Intermediate,2026-03-13
2209,Saudi Arabia,Data Analyst,Advanced,2025-03-26
2210,Australia,Marketing Specialist,Advanced,2025-09-09
2211,Pakistan,Software Developer,Advanced,2025-06-19
2212,Canada,Content Creator,Intermediate,2025-01-26
2213,Brazil,Marketing Specialist,Beginner,2025-10-09
2214,United Kingdom,Teacher,Advanced,2025-07-26
2215,United Kingdom,Entrepreneur,Beginner,2025-02-10
2216,Pakistan,Entrepreneur,Advanced,2026-02-15
2217,France,Business Analyst,Beginner,2025-02-15
2218,Singapore,Student,Beginner,2025-08-17
2219,India,Student,Beginner,2025-09-12
2220,India,Software Developer,Beginner,2025-01-10
2221,Canada,Student,Intermediate,2025-07-31
2222,UAE,Entrepreneur,Advanced,2025-10-09
2223,Pakistan,Teacher,Beginner,2025-02-16
2224,USA,Student,Advanced,2025-11-13
2225,India,Software Developer,Beginner,2025-09-18
2226,Singapore,Content Creator,Beginner,2025-12-02
2227,Canada,Designer,Advanced,2025-06-24
2228,India,Business Analyst,Intermediate,2025-01-28
2229,Australia,Software Developer,Intermediate,2026-03-09
2230,Pakistan,Marketing Specialist,Beginner,2025-10-14
2231,Saudi Arabia,Data Analyst,Advanced,2025-11-04
2232,Saudi Arabia,Marketing Specialist,Advanced,2025-12-03
2233,France,Student,Advanced,2025-08-20
2234,India,Marketing Specialist,Advanced,2026-01-24
2235,Pakistan,Data Scientist,Intermediate,2025-01-02
2236,Saudi Arabia,Entrepreneur,Intermediate,2026-03-01
2237,France,Entrepreneur,Beginner,2026-02-14
2238,India,Researcher,Advanced,2025-09-25
2239,Singapore,Student,Beginner,2025-02-24
2240,United Kingdom,Data Analyst,Beginner,2025-03-26
2241,UAE,Software Developer,Advanced,2026-02-25
2242,Pakistan,Marketing Specialist,Beginner,2026-01-05
2243,Pakistan,Software Developer,Expert,2025-05-11
2244,Saudi Arabia,Student,Beginner,2025-04-07
2245,Spain,Student,Beginner,2026-03-13
2246,Canada,Customer Support Specialist,Beginner,2025-08-23
2247,India,Customer Support Specialist,Beginner,2025-04-08
2248,USA,Marketing Specialist,Advanced,2025-02-25
2249,United Kingdom,Customer Support Specialist,Advanced,2025-01-24
2250,USA,Customer Support Specialist,Intermediate,2026-03-05
2251,India,Marketing Specialist,Intermediate,2025-03-05
2252,USA,Software Developer,Intermediate,2025-08-19
2253,Japan,Marketing Specialist,Expert,2025-10-29
2254,India,Data Scientist,Beginner,2025-03-10
2255,USA,Data Scientist,Advanced,2025-01-03
2256,Brazil,Customer Support Specialist,Beginner,2025-01-25
2257,Brazil,Student,Beginner,2025-08-10
2258,Singapore,Content Creator,Beginner,2025-09-05
2259,Pakistan,Data Scientist,Advanced,2026-02-04
2260,United Kingdom,Customer Support Specialist,Beginner,2025-04-01
2261,Pakistan,Designer,Intermediate,2025-03-30
2262,India,Researcher,Advanced,2025-03-07
2263,Spain,Teacher,Advanced,2025-12-03
2264,Canada,Business Analyst,Intermediate,2025-06-14
2265,Pakistan,Student,Intermediate,2025-07-16
2266,India,Customer Support Specialist,Intermediate,2025-11-08
2267,USA,Designer,Beginner,2026-01-26
2268,USA,Data Analyst,Intermediate,2025-07-23
2269,United Kingdom,Teacher,Advanced,2025-05-31
2270,Pakistan,Student,Intermediate,2025-03-10
2271,UAE,Software Developer,Beginner,2025-11-05
2272,Saudi Arabia,Designer,Beginner,2026-01-19
2273,India,Customer Support Specialist,Advanced,2026-03-08
2274,Australia,Designer,Intermediate,2025-06-10
2275,Malaysia,Customer Support Specialist,Beginner,2025-10-11
2276,Saudi Arabia,Data Analyst,Beginner,2025-04-13
2277,France,Student,Expert,2026-01-01
2278,USA,Designer,Expert,2025-06-26
2279,Brazil,Data Analyst,Intermediate,2025-03-09
2280,Germany,Data Analyst,Expert,2025-11-29
2281,Netherlands,Data Analyst,Beginner,2025-04-02
2282,USA,Entrepreneur,Beginner,2025-12-22
2283,Pakistan,Student,Intermediate,2025-12-30
2284,USA,Data Analyst,Expert,2025-06-30
2285,,Teacher,Beginner,2025-10-26
2286,India,Content Creator,Beginner,2025-12-08
2287,Brazil,Content Creator,Beginner,2025-12-12
2288,Brazil,Customer Support Specialist,Beginner,2026-03-07
2289,Canada,Data Scientist,Intermediate,2026-03-10
2290,USA,Marketing Specialist,Expert,2025-01-07
2291,United Kingdom,Software Developer,Intermediate,2025-01-13
2292,Pakistan,Business Analyst,Intermediate,2025-01-28
2293,India,Data Analyst,Advanced,2025-04-13
2294,India,Teacher,Beginner,2026-02-07
2295,India,Student,Expert,2025-05-27
2296,Spain,Data Analyst,Intermediate,2025-03-16
2297,USA,Designer,Intermediate,2025-12-20
2298,Brazil,Customer Support Specialist,Intermediate,2025-04-15
2299,United Kingdom,Entrepreneur,Advanced,2025-01-17
2300,USA,Student,Intermediate,2025-08-20
2301,India,Data Analyst,Beginner,2025-12-12
2302,France,Data Scientist,Beginner,2025-04-25
2303,India,Teacher,Advanced,2025-10-15
2304,United Kingdom,Student,Expert,2025-09-19
2305,India,Data Analyst,Beginner,2026-02-13
2306,USA,Student,Expert,2025-12-21
2307,Germany,Student,Expert,2025-07-15
2308,USA,Data Analyst,Intermediate,2026-02-08
2309,Germany,Software Developer,Intermediate,2025-06-10
2310,France,Researcher,Intermediate,2025-01-28
2311,India,Software Developer,Intermediate,2025-05-09
2312,USA,Customer Support Specialist,Intermediate,2026-02-04
2313,India,Teacher,Intermediate,2025-08-15
2314,India,Business Analyst,Advanced,2025-11-21
2315,,Software Developer,Intermediate,2025-11-28
2316,UAE,Software Developer,Beginner,2025-10-29
2317,Brazil,Software Developer,Advanced,2025-11-05
2318,United Kingdom,Student,Beginner,2026-01-07
2319,Saudi Arabia,Student,Intermediate,2025-05-31
2320,France,Researcher,Expert,2025-12-16
2321,Canada,Student,Expert,2025-03-30
2322,France,Data Scientist,Beginner,2025-03-03
2323,Japan,Student,Advanced,2025-08-08
2324,United Kingdom,Data Analyst,Intermediate,2025-05-16
2325,USA,Student,Intermediate,2025-10-27
2326,United Kingdom,Teacher,Advanced,2025-01-03
2327,UAE,Software Developer,Beginner,2025-12-30
2328,Canada,Customer Support Specialist,Advanced,2025-01-21
2329,Japan,Data Scientist,Intermediate,2025-06-15
2330,United Kingdom,Data Analyst,Beginner,2026-02-01
2331,Spain,Data Scientist,Beginner,2025-11-12
2332,USA,Entrepreneur,Intermediate,2025-06-04
2333,France,Entrepreneur,Intermediate,2025-10-21
2334,Germany,Software Developer,Beginner,2025-02-07
2335,Japan,Teacher,Intermediate,2025-06-12
2336,Pakistan,Designer,Beginner,2025-04-05
2337,India,Data Analyst,Beginner,2026-02-07
2338,Saudi Arabia,Data Scientist,Beginner,2025-08-01
2339,United Kingdom,Business Analyst,Beginner,2025-07-26
2340,USA,Student,Advanced,2025-04-24
2341,Canada,Business Analyst,Expert,2025-12-06
2342,Saudi Arabia,Marketing Specialist,Intermediate,2025-07-04
2343,USA,Customer Support Specialist,Intermediate,2026-01-21
2344,USA,Content Creator,Beginner,2025-09-01
2345,Germany,Marketing Specialist,Intermediate,2026-02-26
2346,Japan,Data Scientist,Intermediate,2025-11-29
2347,Canada,Content Creator,Advanced,2025-12-09
2348,Pakistan,Content Creator,Beginner,2025-05-04
2349,Spain,Student,Advanced,2025-11-11
2350,USA,Data Analyst,Intermediate,2025-05-05
2351,Singapore,Designer,Expert,2025-12-16
2352,United Kingdom,Designer,Beginner,2025-07-15
2353,Saudi Arabia,Data Scientist,Advanced,2025-02-28
2354,Netherlands,Customer Support Specialist,Intermediate,2025-10-04
2355,France,Teacher,Beginner,2025-01-13
2356,Germany,Software Developer,Intermediate,2026-02-25
2357,USA,Data Analyst,Intermediate,2025-09-21
2358,United Kingdom,Content Creator,Beginner,2025-08-17
2359,United Kingdom,Data Analyst,Intermediate,2025-06-01
2360,Germany,Marketing Specialist,Advanced,2025-04-09
2361,Pakistan,Teacher,Intermediate,2025-02-12
2362,United Kingdom,Content Creator,Beginner,2025-03-27
2363,France,Marketing Specialist,Intermediate,2026-01-31
2364,USA,Software Developer,Expert,2025-01-04
2365,France,Software Developer,Intermediate,2025-04-18
2366,Germany,Business Analyst,Beginner,2026-02-01
2367,India,Entrepreneur,Beginner,2025-12-17
2368,India,Customer Support Specialist,Intermediate,2025-02-23
2369,India,Software Developer,Beginner,2026-03-01
2370,India,Entrepreneur,Intermediate,2026-01-15
2371,Australia,Entrepreneur,Intermediate,2025-11-28
2372,India,Designer,Expert,2025-02-06
2373,Saudi Arabia,Software Developer,Advanced,2025-03-20
2374,Canada,Entrepreneur,Beginner,2026-01-03
2375,Canada,Business Analyst,Intermediate,2025-02-14
2376,United Kingdom,Software Developer,Beginner,2025-04-02
2377,India,Customer Support Specialist,Beginner,2025-10-13
2378,United Kingdom,Content Creator,Beginner,2026-02-25
2379,United Kingdom,Researcher,Advanced,2025-05-13
2380,Germany,Content Creator,Beginner,2025-08-19
2381,Spain,Software Developer,Advanced,2025-08-10
2382,India,Customer Support Specialist,Advanced,2025-07-19
2383,UAE,Data Analyst,Intermediate,2025-10-01
2384,Germany,Teacher,Beginner,2026-01-04
2385,Italy,Entrepreneur,Beginner,2026-01-23
2386,Japan,Designer,Intermediate,2025-01-24
2387,India,Marketing Specialist,Advanced,2025-02-07
2388,Pakistan,Content Creator,Advanced,2025-09-15
2389,Australia,Software Developer,Advanced,2026-02-07
2390,United Kingdom,Data Scientist,Beginner,2025-11-07
2391,United Kingdom,Entrepreneur,Intermediate,2026-01-27
2392,UAE,Software Developer,Intermediate,2025-07-15
2393,South Korea,Teacher,Beginner,2025-12-05
2394,United Kingdom,Data Analyst,Intermediate,2025-03-22
2395,Saudi Arabia,Teacher,Beginner,2025-03-11
2396,Netherlands,Marketing Specialist,Intermediate,2026-02-12
2397,United Kingdom,Marketing Specialist,Intermediate,2025-10-07
2398,United Kingdom,Designer,Beginner,2025-11-21
2399,Saudi Arabia,Marketing Specialist,Beginner,2025-12-13
2400,UAE,Customer Support Specialist,Expert,2026-02-12
2401,Pakistan,Software Developer,Intermediate,2025-11-28
2402,USA,Customer Support Specialist,Beginner,2025-01-06
2403,India,Student,Intermediate,2025-10-12
2404,Saudi Arabia,Student,Beginner,2025-01-22
2405,India,Designer,Beginner,2025-11-02
2406,Germany,Marketing Specialist,Advanced,2025-10-08
2407,Spain,Entrepreneur,Expert,2025-06-06
2408,India,Software Developer,Intermediate,2026-01-15
2409,Brazil,Customer Support Specialist,Advanced,2025-06-26
2410,USA,Customer Support Specialist,Intermediate,2025-11-27
2411,USA,Student,Beginner,2025-03-14
2412,Canada,Student,Intermediate,2025-04-24
2413,Germany,Business Analyst,Advanced,2025-05-10
2414,United Kingdom,Business Analyst,Expert,2025-04-03
2415,USA,Designer,Beginner,2025-10-18
2416,USA,Content Creator,Advanced,2026-03-12
2417,USA,Business Analyst,Advanced,2025-10-09
2418,Netherlands,Data Scientist,Expert,2025-10-09
2419,India,Marketing Specialist,Beginner,2025-12-10
2420,USA,Researcher,Intermediate,2025-02-20
2421,India,Data Analyst,Advanced,2025-10-25
2422,USA,Teacher,Beginner,2025-06-19
2423,India,Student,Intermediate,2025-12-10
2424,Pakistan,Student,Expert,2025-02-21
2425,France,Software Developer,Intermediate,2025-02-05
2426,Singapore,Data Scientist,Beginner,2025-06-12
2427,UAE,Marketing Specialist,Intermediate,2025-06-18
2428,USA,Data Analyst,Intermediate,2025-06-06
2429,India,Designer,Intermediate,2025-03-20
2430,India,Customer Support Specialist,Advanced,2025-07-06
2431,Australia,Software Developer,Beginner,2025-08-08
2432,United Kingdom,Data Analyst,Expert,2025-06-10
2433,USA,Designer,Intermediate,2025-04-24
2434,Germany,Software Developer,Intermediate,2025-11-25
2435,India,Entrepreneur,Beginner,2026-03-07
2436,Netherlands,Business Analyst,Beginner,2025-12-14
2437,Saudi Arabia,Software Developer,Expert,2025-09-03
2438,Canada,Data Scientist,Intermediate,2025-07-03
2439,USA,Customer Support Specialist,Beginner,2025-09-07
2440,France,Student,Expert,2025-03-31
2441,India,Designer,Intermediate,2025-02-11
2442,Australia,Software Developer,Beginner,2026-02-28
2443,India,Researcher,Beginner,2025-10-03
2444,Canada,Data Analyst,Advanced,2026-01-11
2445,Spain,Designer,Intermediate,2025-02-09
2446,India,Software Developer,Beginner,2025-01-10
2447,France,Designer,Expert,2025-11-20
2448,Pakistan,Researcher,Intermediate,2025-10-25
2449,Canada,Data Scientist,Intermediate,2026-01-29
2450,United Kingdom,Researcher,Expert,2025-01-19
2451,India,Software Developer,Intermediate,2025-10-06
2452,Canada,Data Analyst,Advanced,2025-10-04
2453,South Korea,Customer Support Specialist,Beginner,2026-02-01
2454,Singapore,Researcher,Intermediate,2025-07-20
2455,Canada,Business Analyst,Intermediate,2026-01-31
2456,,Designer,Intermediate,2025-05-29
2457,India,Entrepreneur,Advanced,2025-09-14
2458,Germany,Software Developer,Intermediate,2025-07-23
2459,USA,Software Developer,Intermediate,2025-01-06
2460,Pakistan,Marketing Specialist,Beginner,2026-03-11
2461,United Kingdom,Data Analyst,Expert,2025-11-11
2462,Canada,Content Creator,Intermediate,2026-01-23
2463,USA,Customer Support Specialist,Beginner,2025-08-17
2464,Pakistan,Content Creator,Beginner,2025-10-17
2465,Saudi Arabia,Designer,Beginner,2025-12-04
2466,USA,Data Analyst,Advanced,2025-03-16
2467,France,Data Scientist,Beginner,2025-09-05
2468,Australia,Marketing Specialist,Intermediate,2025-01-21
2469,Pakistan,Data Analyst,Advanced,2025-09-07
2470,Malaysia,Data Analyst,Intermediate,2025-05-16
2471,Pakistan,Student,Beginner,2025-01-22
2472,Japan,Designer,Intermediate,2025-09-23
2473,India,Data Analyst,Beginner,2025-07-04
2474,Australia,Data Analyst,Advanced,2025-08-21
2475,Pakistan,Student,Intermediate,2025-01-21
2476,Pakistan,Software Developer,Intermediate,2025-06-15
2477,France,Content Creator,Beginner,2025-09-24
2478,United Kingdom,Data Analyst,Beginner,2025-05-21
2479,USA,Entrepreneur,Beginner,2025-05-15
2480,India,Data Scientist,Beginner,2025-10-19
2481,,Software Developer,Beginner,2025-12-01
2482,France,Student,Advanced,2025-10-28
2483,Canada,Data Scientist,Advanced,2026-03-04
2484,USA,Designer,Intermediate,2025-05-09
2485,India,Marketing Specialist,Advanced,2025-04-25
2486,South Korea,Marketing Specialist,Intermediate,2025-06-30
2487,India,Data Scientist,Intermediate,2025-06-26
2488,Pakistan,Entrepreneur,Intermediate,2025-09-04
2489,Pakistan,Student,Advanced,2025-01-04
2490,France,Marketing Specialist,Intermediate,2025-03-13
2491,Saudi Arabia,Software Developer,Advanced,2025-04-28
2492,Canada,Student,Intermediate,2025-11-26
2493,France,Software Developer,Advanced,2025-03-18
2494,United Kingdom,Student,Beginner,2025-07-05
2495,United Kingdom,Designer,Intermediate,2026-02-23
2496,France,Student,Expert,2025-04-28
2497,Germany,Teacher,Beginner,2025-06-19
2498,Pakistan,Student,Intermediate,2025-09-04
2499,Singapore,Software Developer,Beginner,2025-09-03
2500,Singapore,Data Analyst,Advanced,2025-03-24
2501,Canada,Business Analyst,Beginner,2025-07-30
2502,USA,Marketing Specialist,Expert,2025-01-23
2503,Pakistan,Student,Intermediate,2025-10-31
2504,Spain,Business Analyst,Expert,2025-11-19
2505,USA,Software Developer,Intermediate,2025-10-21
2506,Japan,Data Scientist,Beginner,2025-03-27
2507,Saudi Arabia,Software Developer,Intermediate,2025-04-03
2508,United Kingdom,Marketing Specialist,Advanced,2025-07-27
2509,Pakistan,Marketing Specialist,Intermediate,2025-10-16
2510,Canada,Content Creator,Beginner,2026-01-04
2511,USA,Software Developer,Beginner,2026-02-25
2512,United Kingdom,Business Analyst,Advanced,2025-02-13
2513,Saudi Arabia,Student,Intermediate,2025-11-07
2514,Pakistan,Data Analyst,Beginner,2025-09-04
2515,Germany,Customer Support Specialist,Beginner,2026-03-02
2516,USA,Teacher,Beginner,2025-03-15
2517,Japan,Researcher,Expert,2026-02-25
2518,Pakistan,Content Creator,Intermediate,2025-11-16
2519,Germany,Student,Beginner,2025-05-16
2520,United Kingdom,Designer,Advanced,2025-12-18
2521,Australia,Content Creator,Beginner,2025-08-21
2522,Australia,Designer,Advanced,2025-02-05
2523,Netherlands,Software Developer,Advanced,2025-07-17
2524,USA,Student,Intermediate,2025-01-09
2525,USA,Teacher,Beginner,2025-09-16
2526,USA,Marketing Specialist,Advanced,2026-02-28
2527,Netherlands,Researcher,Advanced,2025-02-19
2528,Pakistan,Software Developer,Beginner,2025-11-11
2529,Canada,Content Creator,Intermediate,2026-02-06
2530,Australia,Designer,Beginner,2026-01-21
2531,India,Business Analyst,Advanced,2025-09-04
2532,Brazil,Software Developer,Expert,2025-11-05
2533,India,Software Developer,Expert,2025-01-01
2534,India,Content Creator,Beginner,2026-02-01
2535,Germany,Entrepreneur,Intermediate,2025-08-09
2536,France,Data Analyst,Intermediate,2025-07-09
2537,Pakistan,Data Analyst,Intermediate,2025-12-24
2538,USA,Entrepreneur,Intermediate,2025-04-28
2539,India,Student,Intermediate,2025-09-04
2540,UAE,Customer Support Specialist,Intermediate,2025-07-15
2541,Singapore,Marketing Specialist,Beginner,2026-02-16
2542,Australia,Designer,Advanced,2026-01-25
2543,Brazil,Student,Expert,2025-10-22
2544,UAE,Designer,Intermediate,2025-03-10
2545,India,Customer Support Specialist,Advanced,2026-01-28
2546,USA,Student,Intermediate,2025-02-12
2547,USA,Software Developer,Intermediate,2025-10-06
2548,Pakistan,Student,Beginner,2025-04-07
2549,USA,Content Creator,Intermediate,2026-01-16
2550,India,Student,Intermediate,2025-10-23
2551,USA,Data Analyst,Beginner,2025-09-24
2552,Saudi Arabia,Teacher,Advanced,2025-12-02
2553,Australia,Content Creator,Intermediate,2026-02-16
2554,France,Software Developer,Intermediate,2025-07-05
2555,UAE,Designer,Intermediate,2025-08-07
2556,India,Content Creator,Advanced,2025-05-10
2557,Singapore,Student,Advanced,2025-10-02
2558,Canada,Entrepreneur,Intermediate,2025-07-07
2559,Canada,Marketing Specialist,Advanced,2025-12-15
2560,Italy,Software Developer,Beginner,2025-04-15
2561,Spain,Designer,Intermediate,2026-02-06
2562,United Kingdom,Software Developer,Advanced,2025-04-02
2563,UAE,Student,Intermediate,2025-10-12
2564,Japan,Software Developer,Advanced,2025-06-07
2565,India,Marketing Specialist,Expert,2026-02-01
2566,France,Student,Advanced,2026-01-12
2567,Pakistan,Data Scientist,Expert,2025-12-04
2568,UAE,Content Creator,Intermediate,2025-04-28
2569,USA,Software Developer,Intermediate,2025-12-25
2570,UAE,Designer,Advanced,2025-02-21
2571,USA,Student,Beginner,2025-07-25
2572,United Kingdom,Software Developer,Expert,2026-02-15
2573,India,Entrepreneur,Intermediate,2025-12-23
2574,South Korea,Marketing Specialist,Expert,2025-01-27
2575,USA,Teacher,Expert,2025-11-22
2576,,Software Developer,Intermediate,2025-02-16
2577,Spain,Marketing Specialist,Intermediate,2025-08-30
2578,USA,Software Developer,Advanced,2025-08-11
2579,USA,Content Creator,Expert,2025-05-15
2580,India,Content Creator,Beginner,2025-02-10
2581,Germany,Data Analyst,Advanced,2026-01-06
2582,India,Student,Intermediate,2025-07-25
2583,USA,Teacher,Intermediate,2025-09-24
2584,France,Data Analyst,Advanced,2025-11-02
2585,USA,Student,Beginner,2026-02-01
2586,UAE,Data Scientist,Advanced,2025-11-24
2587,Brazil,Data Analyst,Intermediate,2025-01-06
2588,USA,Student,Advanced,2025-12-03
2589,France,Content Creator,Beginner,2025-09-23
2590,Pakistan,Software Developer,Advanced,2025-01-18
2591,United Kingdom,Researcher,Beginner,2025-09-19
2592,India,Student,Beginner,2025-04-29
2593,Pakistan,Teacher,Advanced,2025-12-12
2594,Canada,Student,Beginner,2025-05-03
2595,Singapore,Software Developer,Expert,2025-03-22
2596,United Kingdom,Student,Expert,2025-05-22
2597,USA,Marketing Specialist,Intermediate,2025-06-30
2598,India,Student,Advanced,2025-07-27
2599,Australia,Software Developer,Expert,2025-09-23
2600,USA,Data Analyst,Beginner,2025-12-27
2601,USA,Software Developer,Expert,2025-02-16
2602,India,Software Developer,Beginner,2026-01-07
2603,Australia,Business Analyst,Beginner,2025-10-26
2604,USA,Data Analyst,Beginner,2026-02-22
2605,USA,Student,Beginner,2025-11-07
2606,Canada,Data Scientist,Expert,2025-08-21
2607,Brazil,Marketing Specialist,Intermediate,2025-10-22
2608,Pakistan,Student,Advanced,2025-03-31
2609,United Kingdom,Business Analyst,Expert,2025-02-24
2610,Pakistan,Marketing Specialist,Beginner,2025-09-15
2611,India,Student,Beginner,2025-03-01
2612,Singapore,Data Analyst,Intermediate,2025-05-12
2613,Germany,Researcher,Intermediate,2026-02-21
2614,Singapore,Marketing Specialist,Intermediate,2025-05-09
2615,USA,Student,Advanced,2025-07-13
2616,Germany,Business Analyst,Intermediate,2026-01-30
2617,USA,Software Developer,Intermediate,2025-06-23
2618,Australia,Teacher,Beginner,2025-08-23
2619,United Kingdom,Student,Intermediate,2025-10-28
2620,India,Software Developer,Beginner,2025-09-04
2621,USA,Data Analyst,Beginner,2025-02-04
2622,Germany,Student,Expert,2026-02-08
2623,India,Student,Intermediate,2025-12-13
2624,USA,Business Analyst,Beginner,2026-02-14
2625,Spain,Entrepreneur,Intermediate,2025-06-30
2626,Canada,Content Creator,Intermediate,2025-01-05
2627,France,Software Developer,Beginner,2025-05-15
2628,United Kingdom,Marketing Specialist,Advanced,2025-02-17
2629,USA,Business Analyst,Beginner,2026-01-19
2630,Pakistan,Student,Intermediate,2025-02-08
2631,USA,Designer,Advanced,2025-04-02
2632,United Kingdom,Designer,Advanced,2025-07-01
2633,Australia,Designer,Beginner,2025-10-21
2634,Brazil,Marketing Specialist,Beginner,2026-01-18
2635,India,Teacher,Beginner,2025-04-08
2636,South Korea,Software Developer,Advanced,2025-04-13
2637,Pakistan,Designer,Advanced,2025-05-04
2638,Pakistan,Designer,Beginner,2025-04-16
2639,USA,Data Scientist,Advanced,2026-03-04
2640,USA,Software Developer,Intermediate,2025-11-13
2641,France,Researcher,Beginner,2026-02-03
2642,,Customer Support Specialist,Beginner,2025-02-10
2643,Singapore,Business Analyst,Advanced,2025-12-06
2644,USA,Business Analyst,Advanced,2025-01-04
2645,Germany,Student,Beginner,2025-10-05
2646,USA,Designer,Intermediate,2026-03-11
2647,Pakistan,Designer,Intermediate,2025-11-14
2648,France,Entrepreneur,Beginner,2025-10-22
2649,Pakistan,Data Analyst,Intermediate,2025-09-09
2650,Australia,Customer Support Specialist,Beginner,2026-01-27
2651,Italy,Software Developer,Intermediate,2025-05-24
2652,USA,Entrepreneur,Intermediate,2026-01-20
2653,France,Business Analyst,Beginner,2025-01-28
2654,USA,Business Analyst,Intermediate,2025-08-05
2655,USA,Student,Intermediate,2025-10-04
2656,USA,Data Scientist,Beginner,2025-06-27
2657,Pakistan,Entrepreneur,Expert,2025-12-18
2658,Germany,Data Analyst,Expert,2025-08-23
2659,Canada,Data Analyst,Expert,2025-12-24
2660,UAE,Researcher,Advanced,2025-06-11
2661,India,Data Analyst,Advanced,2025-01-07
2662,India,Student,Advanced,2025-07-14
2663,Saudi Arabia,Student,Advanced,2025-06-16
2664,Japan,Content Creator,Beginner,2025-05-13
2665,India,Student,Beginner,2025-05-15
2666,India,Data Analyst,Intermediate,2025-08-30
2667,Brazil,Software Developer,Advanced,2025-06-25
2668,France,Software Developer,Expert,2025-09-13
2669,Canada,Student,Advanced,2025-08-03
2670,India,Researcher,Beginner,2025-07-10
2671,Japan,Student,Intermediate,2025-07-25
2672,India,Content Creator,Advanced,2025-04-03
2673,United Kingdom,Marketing Specialist,Intermediate,2025-10-22
2674,Brazil,Designer,Advanced,2026-02-21
2675,Saudi Arabia,Student,Beginner,2025-05-19
2676,Pakistan,Business Analyst,Beginner,2025-10-12
2677,Canada,Teacher,Intermediate,2025-07-15
2678,France,Data Scientist,Beginner,2026-02-14
2679,Saudi Arabia,Software Developer,Beginner,2025-03-18
2680,Singapore,Student,Expert,2025-01-05
2681,Malaysia,Data Scientist,Beginner,2025-09-13
2682,Australia,Student,Beginner,2026-03-11
2683,Australia,Software Developer,Advanced,2025-10-01
2684,USA,Software Developer,Beginner,2026-02-07
2685,Italy,Researcher,Advanced,2025-05-09
2686,Pakistan,Student,Beginner,2025-10-18
2687,United Kingdom,Marketing Specialist,Intermediate,2025-02-20
2688,India,Customer Support Specialist,Beginner,2025-01-31
2689,Italy,Software Developer,Intermediate,2025-05-11
2690,Pakistan,Student,Intermediate,2025-11-19
2691,United Kingdom,Student,Advanced,2026-01-17
2692,France,Business Analyst,Beginner,2025-07-04
2693,Germany,Marketing Specialist,Intermediate,2025-10-13
2694,United Kingdom,Student,Beginner,2025-05-12
2695,India,Software Developer,Advanced,2025-07-30
2696,France,Customer Support Specialist,Advanced,2025-12-14
2697,USA,Entrepreneur,Advanced,2025-04-12
2698,United Kingdom,Marketing Specialist,Expert,2025-11-29
2699,Canada,Entrepreneur,Beginner,2025-03-31
2700,India,Student,Intermediate,2025-05-26
2701,Saudi Arabia,Customer Support Specialist,Intermediate,2025-12-11
2702,USA,Teacher,Intermediate,2026-02-01
2703,India,Designer,Advanced,2025-02-10
2704,UAE,Designer,Intermediate,2025-05-27
2705,Malaysia,Content Creator,Intermediate,2025-03-16
2706,India,Researcher,Beginner,2025-11-24
2707,USA,Designer,Beginner,2025-06-22
2708,Germany,Software Developer,Advanced,2025-11-10
2709,India,Software Developer,Beginner,2026-03-11
2710,Spain,Business Analyst,Beginner,2025-02-10
2711,UAE,Marketing Specialist,Expert,2025-04-27
2712,Pakistan,Content Creator,Beginner,2025-12-01
2713,Pakistan,Customer Support Specialist,Intermediate,2025-05-17
2714,India,Software Developer,Advanced,2025-07-22
2715,France,Student,Expert,2025-08-16
2716,USA,Data Scientist,Expert,2025-07-05
2717,India,Data Scientist,Intermediate,2025-09-24
2718,Japan,Software Developer,Expert,2025-07-31
2719,Saudi Arabia,Data Analyst,Advanced,2025-01-12
2720,Pakistan,Student,Advanced,2025-05-01
2721,Italy,Software Developer,Intermediate,2026-01-16
2722,United Kingdom,Student,Intermediate,2025-02-10
2723,USA,Content Creator,Intermediate,2025-07-23
2724,India,Business Analyst,Advanced,2025-02-02
2725,United Kingdom,Data Scientist,Intermediate,2025-08-31
2726,India,Data Analyst,Advanced,2025-01-14
2727,USA,Software Developer,Beginner,2025-09-26
2728,USA,Software Developer,Expert,2025-02-12
2729,India,Data Analyst,Beginner,2025-11-13
2730,Spain,Designer,Intermediate,2025-12-02
2731,Singapore,Student,Intermediate,2025-07-19
2732,India,Student,Intermediate,2025-05-07
2733,France,Data Scientist,Intermediate,2025-08-15
2734,USA,Data Analyst,Intermediate,2025-03-09
2735,Spain,Student,Advanced,2025-03-29
2736,India,Software Developer,Beginner,2025-12-06
2737,India,Data Analyst,Beginner,2025-06-16
2738,UAE,Software Developer,Intermediate,2025-08-28
2739,Pakistan,Designer,Intermediate,2025-10-04
2740,India,Data Scientist,Advanced,2025-10-08
2741,Singapore,Data Analyst,Beginner,2025-12-24
2742,Brazil,Student,Intermediate,2025-10-30
2743,Pakistan,Software Developer,Intermediate,2025-11-20
2744,Canada,Data Analyst,Intermediate,2025-10-16
2745,Saudi Arabia,Marketing Specialist,Beginner,2025-11-24
2746,Canada,Researcher,Advanced,2025-06-08
2747,Germany,Data Analyst,Advanced,2025-09-04
2748,France,Software Developer,Intermediate,2026-02-17
2749,Pakistan,Content Creator,Beginner,2025-06-07
2750,Germany,Entrepreneur,Advanced,2025-05-14
2751,Netherlands,Customer Support Specialist,Beginner,2025-01-06
2752,Germany,Student,Advanced,2026-02-22
2753,India,Customer Support Specialist,Intermediate,2025-03-11
2754,Saudi Arabia,Software Developer,Beginner,2025-08-29
2755,UAE,Software Developer,Advanced,2025-12-19
2756,USA,Content Creator,Intermediate,2026-01-22
2757,Germany,Researcher,Intermediate,2025-01-05
2758,USA,Software Developer,Intermediate,2026-02-13
2759,Canada,Teacher,Intermediate,2025-04-29
2760,Pakistan,Student,Beginner,2025-10-08
2761,Pakistan,Customer Support Specialist,Advanced,2025-07-30
2762,India,Marketing Specialist,Advanced,2025-08-12
2763,United Kingdom,Software Developer,Beginner,2025-03-25
2764,Canada,Customer Support Specialist,Advanced,2025-11-27
2765,USA,Data Analyst,Advanced,2025-07-13
2766,Japan,Marketing Specialist,Intermediate,2025-02-10
2767,USA,Business Analyst,Advanced,2025-05-03
2768,India,Researcher,Beginner,2026-02-14
2769,USA,Data Analyst,Beginner,2026-02-18
2770,Pakistan,Student,Intermediate,2025-05-20
2771,United Kingdom,Data Scientist,Beginner,2026-01-16
2772,Germany,Student,Beginner,2025-05-18
2773,Singapore,Teacher,Advanced,2026-03-13
2774,United Kingdom,Software Developer,Advanced,2025-03-11
2775,India,Student,Beginner,2025-11-23
2776,Japan,Software Developer,Expert,2025-08-20
2777,Singapore,Student,Advanced,2025-11-15
2778,Germany,Teacher,Intermediate,2025-06-14
2779,Saudi Arabia,Student,Expert,2025-01-26
2780,United Kingdom,Student,Advanced,2025-01-12
2781,Japan,Marketing Specialist,Beginner,2025-02-22
2782,United Kingdom,Customer Support Specialist,Advanced,2025-03-06
2783,Saudi Arabia,Software Developer,Intermediate,2026-01-08
2784,France,Business Analyst,Beginner,2025-02-16
2785,Singapore,Marketing Specialist,Beginner,2025-09-10
2786,India,Data Scientist,Intermediate,2025-08-04
2787,USA,Data Analyst,Advanced,2026-02-14
2788,USA,Data Analyst,Intermediate,2025-07-10
2789,Canada,Teacher,Intermediate,2026-02-10
2790,Saudi Arabia,Marketing Specialist,Beginner,2025-02-11
2791,,Student,Intermediate,2025-03-16
2792,UAE,Marketing Specialist,Intermediate,2026-02-02
2793,USA,Data Analyst,Intermediate,2025-10-06
2794,Pakistan,Designer,Beginner,2025-04-09
2795,France,Business Analyst,Beginner,2025-05-09
2796,United Kingdom,Customer Support Specialist,Intermediate,2026-03-01
2797,Germany,Software Developer,Intermediate,2026-01-29
2798,USA,Customer Support Specialist,Advanced,2025-07-17
2799,Saudi Arabia,Researcher,Intermediate,2025-08-15
2800,United Kingdom,Business Analyst,Expert,2025-01-18
2801,United Kingdom,Customer Support Specialist,Intermediate,2026-01-12
2802,Canada,Student,Beginner,2025-09-24
2803,USA,Data Scientist,Intermediate,2025-04-17
2804,Pakistan,Student,Expert,2025-12-15
2805,Pakistan,Student,Beginner,2025-06-15
2806,USA,Teacher,Intermediate,2026-01-08
2807,UAE,Data Analyst,Intermediate,2025-10-09
2808,India,Data Analyst,Beginner,2025-05-10
2809,USA,Data Scientist,Beginner,2025-06-02
2810,South Korea,Data Scientist,Beginner,2025-01-27
2811,India,Marketing Specialist,Beginner,2025-04-22
2812,Singapore,Customer Support Specialist,Beginner,2025-05-01
2813,United Kingdom,Software Developer,Intermediate,2025-06-16
2814,Pakistan,Data Scientist,Beginner,2026-02-11
2815,France,Student,Beginner,2025-03-03
2816,France,Marketing Specialist,Advanced,2025-05-05
2817,USA,Teacher,Advanced,2025-01-22
2818,USA,Researcher,Intermediate,2025-12-20
2819,Spain,Data Analyst,Intermediate,2025-11-02
2820,Pakistan,Customer Support Specialist,Intermediate,2026-01-30
2821,Italy,Entrepreneur,Beginner,2025-03-22
2822,Saudi Arabia,Customer Support Specialist,Beginner,2025-12-18
2823,United Kingdom,Designer,Beginner,2026-01-24
2824,USA,Data Analyst,Beginner,2025-01-31
2825,United Kingdom,Data Analyst,Advanced,2025-03-20
2826,Australia,Software Developer,Advanced,2026-02-10
2827,France,Customer Support Specialist,Beginner,2025-09-07
2828,India,Entrepreneur,Expert,2025-10-13
2829,Australia,Teacher,Beginner,2026-01-23
2830,Canada,Data Analyst,Beginner,2025-08-13
2831,Saudi Arabia,Software Developer,Intermediate,2025-01-11
2832,Spain,Data Analyst,Expert,2025-07-03
2833,South Korea,Marketing Specialist,Beginner,2025-05-09
2834,India,Student,Intermediate,2025-09-06
2835,India,Customer Support Specialist,Beginner,2025-10-14
2836,Australia,Software Developer,Intermediate,2025-12-23
2837,Netherlands,Data Scientist,Beginner,2025-10-18
2838,France,Researcher,Advanced,2025-06-28
2839,India,Data Scientist,Expert,2025-08-28
2840,Netherlands,Student,Advanced,2026-03-02
2841,United Kingdom,Student,Beginner,2025-10-11
2842,Pakistan,Designer,Beginner,2025-09-29
2843,United Kingdom,Teacher,Advanced,2025-06-01
2844,Germany,Entrepreneur,Beginner,2025-10-05
2845,Canada,Teacher,Intermediate,2025-01-01
2846,India,Software Developer,Advanced,2025-09-17
2847,United Kingdom,Business Analyst,Intermediate,2025-04-05
2848,France,Teacher,Advanced,2025-11-14
2849,Pakistan,Designer,Advanced,2026-02-02
2850,Pakistan,Student,Beginner,2025-06-14
2851,Netherlands,Software Developer,Intermediate,2025-12-04
2852,Pakistan,Student,Advanced,2026-02-24
2853,USA,Marketing Specialist,Advanced,2025-09-26
2854,Japan,Data Analyst,Advanced,2026-01-28
2855,France,Entrepreneur,Intermediate,2025-11-10
2856,Canada,Entrepreneur,Advanced,2025-07-29
2857,United Kingdom,Data Scientist,Intermediate,2025-02-26
2858,Pakistan,Data Scientist,Beginner,2025-12-04
2859,Singapore,Software Developer,Advanced,2026-03-04
2860,USA,Student,Beginner,2025-04-02
2861,India,Teacher,Advanced,2025-04-14
2862,India,Student,Intermediate,2025-04-09
2863,Singapore,Teacher,Intermediate,2025-10-20
2864,France,Business Analyst,Beginner,2025-07-18
2865,Pakistan,Entrepreneur,Advanced,2025-09-27
2866,Canada,Designer,Intermediate,2025-10-30
2867,Canada,Content Creator,Intermediate,2025-07-07
2868,Australia,Business Analyst,Beginner,2026-01-03
2869,United Kingdom,Student,Advanced,2025-04-17
2870,India,Content Creator,Advanced,2026-03-03
2871,,Entrepreneur,Expert,2026-02-15
2872,USA,Data Analyst,Expert,2025-07-04
2873,Italy,Software Developer,Beginner,2025-08-01
2874,USA,Customer Support Specialist,Beginner,2026-02-11
2875,United Kingdom,Business Analyst,Beginner,2026-02-26
2876,Germany,Data Scientist,Advanced,2025-09-28
2877,India,Content Creator,Advanced,2025-02-06
2878,India,Software Developer,Intermediate,2025-02-09
2879,India,Teacher,Advanced,2025-09-23
2880,United Kingdom,Marketing Specialist,Intermediate,2026-01-07
2881,Japan,Student,Beginner,2025-07-17
2882,India,Designer,Intermediate,2025-09-27
2883,United Kingdom,Software Developer,Advanced,2025-10-19
2884,India,Data Analyst,Intermediate,2025-04-02
2885,India,Marketing Specialist,Intermediate,2025-10-13
2886,United Kingdom,Designer,Beginner,2025-02-24
2887,USA,Entrepreneur,Intermediate,2025-10-23
2888,Pakistan,Software Developer,Intermediate,2025-08-23
2889,Canada,Marketing Specialist,Advanced,2025-08-07
2890,USA,Data Scientist,Advanced,2025-03-27
2891,Spain,Software Developer,Intermediate,2025-10-09
2892,India,Software Developer,Intermediate,2025-06-22
2893,USA,Researcher,Intermediate,2025-10-01
2894,USA,Software Developer,Advanced,2025-08-15
2895,USA,Marketing Specialist,Intermediate,2025-06-11
2896,Germany,Student,Beginner,2025-06-16
2897,India,Data Analyst,Intermediate,2025-07-31
2898,France,Data Scientist,Beginner,2025-08-09
2899,Canada,Marketing Specialist,Expert,2025-06-15
2900,Germany,Designer,Intermediate,2025-10-16
2901,Netherlands,Business Analyst,Intermediate,2025-07-12
2902,India,Data Scientist,Intermediate,2026-01-17
2903,UAE,Designer,Beginner,2025-08-20
2904,Australia,Teacher,Beginner,2025-07-23
2905,France,Student,Advanced,2025-01-18
2906,Japan,Designer,Advanced,2025-11-02
2907,Brazil,Designer,Intermediate,2025-03-11
2908,UAE,Data Analyst,Intermediate,2025-06-04
2909,Singapore,Researcher,Intermediate,2025-04-24
2910,India,Student,Beginner,2025-06-11
2911,USA,Teacher,Beginner,2026-02-25
2912,United Kingdom,Student,Expert,2026-02-26
2913,Pakistan,Software Developer,Beginner,2025-10-11
2914,Germany,Marketing Specialist,Intermediate,2025-10-20
2915,United Kingdom,Software Developer,Intermediate,2025-03-21
2916,United Kingdom,Data Analyst,Beginner,2025-08-24
2917,USA,Software Developer,Intermediate,2025-03-12
2918,India,Data Scientist,Beginner,2025-10-26
2919,Italy,Business Analyst,Beginner,2025-05-12
2920,India,Data Analyst,Intermediate,2025-02-17
2921,USA,Content Creator,Intermediate,2025-10-19
2922,Brazil,Data Analyst,Advanced,2026-01-11
2923,Saudi Arabia,Software Developer,Intermediate,2025-06-16
2924,USA,Data Scientist,Beginner,2025-03-30
2925,Canada,Student,Expert,2025-12-20
2926,USA,Customer Support Specialist,Beginner,2026-02-24
2927,UAE,Student,Beginner,2025-11-01
2928,Singapore,Data Scientist,Advanced,2025-01-20
2929,Canada,Designer,Intermediate,2025-10-23
2930,Australia,Software Developer,Advanced,2026-02-04
2931,Brazil,Software Developer,Beginner,2026-01-30
2932,Australia,Student,Intermediate,2026-02-23
2933,USA,Designer,Beginner,2025-03-03
2934,United Kingdom,Teacher,Beginner,2025-04-27
2935,United Kingdom,Customer Support Specialist,Advanced,2026-03-11
2936,Japan,Student,Advanced,2025-01-06
2937,USA,Software Developer,Beginner,2025-11-20
2938,Pakistan,Business Analyst,Intermediate,2025-06-06
2939,France,Researcher,Intermediate,2025-06-13
2940,Pakistan,Marketing Specialist,Intermediate,2025-03-18
2941,USA,Customer Support Specialist,Beginner,2025-12-24
2942,USA,Business Analyst,Intermediate,2025-01-26
2943,France,Student,Intermediate,2025-07-21
2944,India,Student,Intermediate,2026-01-21
2945,Australia,Designer,Expert,2025-09-16
2946,USA,Designer,Intermediate,2025-08-10
2947,Netherlands,Software Developer,Intermediate,2025-07-21
2948,Singapore,Data Scientist,Advanced,2025-06-22
2949,USA,Researcher,Expert,2025-10-20
2950,France,Student,Beginner,2025-10-08
2951,Netherlands,Designer,Beginner,2025-02-13
2952,France,Designer,Beginner,2025-08-11
2953,India,Software Developer,Intermediate,2025-03-08
2954,Germany,Designer,Advanced,2025-09-04
2955,Singapore,Marketing Specialist,Beginner,2025-09-07
2956,Australia,Student,Intermediate,2025-10-20
2957,France,Student,Expert,2025-11-12
2958,USA,Content Creator,Beginner,2025-09-26
2959,Netherlands,Software Developer,Beginner,2025-02-06
2960,Pakistan,Student,Beginner,2025-08-09
2961,Germany,Student,Beginner,2025-10-22
2962,India,Business Analyst,Advanced,2025-12-10
2963,Australia,Researcher,Intermediate,2025-07-07
2964,USA,Data Scientist,Advanced,2025-06-14
2965,South Korea,Designer,Beginner,2025-12-02
2966,USA,Student,Intermediate,2025-06-06
2967,USA,Customer Support Specialist,Intermediate,2025-06-29
2968,Netherlands,Teacher,Advanced,2026-02-16
2969,Germany,Content Creator,Intermediate,2025-03-16
2970,Germany,Marketing Specialist,Expert,2026-02-23
2971,Australia,Teacher,Advanced,2025-12-17
2972,India,Software Developer,Intermediate,2026-01-23
2973,Canada,Business Analyst,Intermediate,2025-02-13
2974,Canada,Designer,Beginner,2025-01-28
2975,Germany,Business Analyst,Beginner,2025-11-14
2976,Germany,Marketing Specialist,Beginner,2026-03-03
2977,USA,Customer Support Specialist,Intermediate,2025-01-08
2978,India,Data Analyst,Advanced,2026-02-16
2979,Germany,Content Creator,Beginner,2025-08-19
2980,Brazil,Student,Intermediate,2025-06-19
2981,United Kingdom,Student,Advanced,2025-10-03
2982,Netherlands,Data Scientist,Advanced,2025-10-07
2983,Saudi Arabia,Customer Support Specialist,Beginner,2025-05-13
2984,Canada,Data Scientist,Advanced,2025-11-15
2985,USA,Marketing Specialist,Intermediate,2025-03-14
2986,India,Content Creator,Advanced,2025-12-09
2987,Germany,Business Analyst,Beginner,2025-10-26
2988,Canada,Student,Beginner,2025-09-27
2989,Canada,Content Creator,Intermediate,2025-03-29
2990,Australia,Marketing Specialist,Beginner,2025-04-13
2991,USA,Marketing Specialist,Beginner,2025-11-13
2992,USA,Student,Intermediate,2025-08-27
2993,India,Researcher,Intermediate,2025-01-05
2994,Pakistan,Teacher,Intermediate,2025-12-05
2995,Germany,Marketing Specialist,Beginner,2026-03-13
2996,Australia,Student,Expert,2025-07-04
2997,Saudi Arabia,Marketing Specialist,Beginner,2025-01-10
2998,India,Student,Intermediate,2025-11-29
2999,India,Designer,Beginner,2025-07-14
3000,Malaysia,Software Developer,Expert,2025-12-30
3001,Netherlands,Designer,Advanced,2025-06-11
3002,United Kingdom,Content Creator,Intermediate,2025-11-02
3003,India,Marketing Specialist,Intermediate,2025-04-06
3004,Canada,Data Scientist,Intermediate,2025-08-23
3005,USA,Software Developer,Beginner,2025-12-31
3006,USA,Software Developer,Advanced,2025-05-07
3007,USA,Content Creator,Beginner,2025-06-06
3008,Singapore,Designer,Intermediate,2025-07-21
3009,Canada,Student,Intermediate,2025-01-10
3010,USA,Customer Support Specialist,Intermediate,2025-06-30
3011,Pakistan,Researcher,Intermediate,2025-06-04
3012,Japan,Student,Advanced,2025-09-14
3013,USA,Business Analyst,Advanced,2025-02-01
3014,India,Data Analyst,Intermediate,2025-07-18
3015,Malaysia,Data Scientist,Intermediate,2026-02-22
3016,USA,Student,Intermediate,2025-10-12
3017,Italy,Designer,Advanced,2025-04-26
3018,Canada,Software Developer,Intermediate,2025-07-21
3019,Canada,Customer Support Specialist,Advanced,2025-02-14
3020,India,Data Analyst,Beginner,2025-09-24
3021,Netherlands,Business Analyst,Advanced,2025-11-10
3022,Pakistan,Designer,Intermediate,2025-12-18
3023,India,Designer,Beginner,2025-05-04
3024,USA,Entrepreneur,Advanced,2025-08-07
3025,Pakistan,Designer,Intermediate,2025-11-06
3026,UAE,Teacher,Advanced,2025-10-05
3027,Australia,Data Analyst,Intermediate,2025-12-01
3028,United Kingdom,Student,Advanced,2025-10-05
3029,India,Software Developer,Intermediate,2025-04-14
3030,Malaysia,Data Analyst,Intermediate,2025-06-08
3031,United Kingdom,Software Developer,Intermediate,2025-09-26
3032,Australia,Designer,Advanced,2025-08-09
3033,India,Software Developer,Expert,2026-01-30
3034,Pakistan,Marketing Specialist,Advanced,2025-10-17
3035,India,Researcher,Beginner,2025-06-12
3036,India,Data Analyst,Advanced,2025-09-30
3037,India,Researcher,Expert,2025-03-02
3038,Canada,Marketing Specialist,Intermediate,2026-03-06
3039,India,Designer,Intermediate,2026-01-08
3040,South Korea,Customer Support Specialist,Advanced,2025-06-13
3041,Brazil,Student,Advanced,2025-07-31
3042,Brazil,Student,Expert,2025-06-05
3043,Pakistan,Marketing Specialist,Advanced,2026-02-25
3044,Italy,Data Scientist,Advanced,2026-01-14
3045,Canada,Data Scientist,Advanced,2026-02-03
3046,Canada,Content Creator,Intermediate,2025-03-09
3047,United Kingdom,Marketing Specialist,Intermediate,2026-01-26
3048,India,Customer Support Specialist,Intermediate,2025-11-12
3049,Australia,Student,Intermediate,2025-10-18
3050,Pakistan,Student,Intermediate,2025-11-02
3051,Canada,Designer,Beginner,2025-12-18
3052,United Kingdom,Data Analyst,Beginner,2025-02-10
3053,Spain,Marketing Specialist,Advanced,2025-09-02
3054,Pakistan,Entrepreneur,Intermediate,2026-03-10
3055,UAE,Student,Expert,2025-12-31
3056,Japan,Business Analyst,Beginner,2025-04-05
3057,India,Data Scientist,Beginner,2025-09-09
3058,Singapore,Software Developer,Beginner,2025-03-25
3059,India,Data Analyst,Beginner,2025-01-17
3060,Saudi Arabia,Marketing Specialist,Beginner,2025-01-08
3061,Pakistan,Student,Beginner,2025-07-31
3062,France,Researcher,Advanced,2025-12-10
3063,Australia,Software Developer,Expert,2026-01-23
3064,Saudi Arabia,Entrepreneur,Beginner,2025-04-01
3065,Spain,Teacher,Advanced,2025-08-13
3066,USA,Researcher,Expert,2025-09-08
3067,France,Marketing Specialist,Expert,2025-08-23
3068,United Kingdom,Marketing Specialist,Intermediate,2025-08-07
3069,Spain,Software Developer,Intermediate,2025-01-22
3070,France,Teacher,Intermediate,2026-02-27
3071,Brazil,Customer Support Specialist,Beginner,2025-06-10
3072,Pakistan,Software Developer,Intermediate,2026-01-16
3073,Canada,Entrepreneur,Advanced,2025-10-02
3074,USA,Software Developer,Intermediate,2025-12-27
3075,Canada,Data Scientist,Advanced,2025-09-24
3076,Netherlands,Student,Advanced,2025-08-22
3077,Pakistan,Researcher,Intermediate,2025-01-22
3078,USA,Entrepreneur,Intermediate,2025-05-06
3079,Australia,Student,Beginner,2025-07-22
3080,USA,Designer,Advanced,2025-01-21
3081,Pakistan,Researcher,Advanced,2025-09-22
3082,Australia,Designer,Expert,2025-01-26
3083,United Kingdom,Student,Beginner,2025-08-14
3084,India,Software Developer,Intermediate,2025-06-05
3085,India,Data Scientist,Advanced,2025-05-27
3086,India,Data Scientist,Beginner,2025-08-05
3087,UAE,Software Developer,Intermediate,2025-01-28
3088,United Kingdom,Content Creator,Intermediate,2025-03-14
3089,Saudi Arabia,Software Developer,Beginner,2025-11-27
3090,India,Data Analyst,Beginner,2026-01-05
3091,India,Designer,Advanced,2025-04-03
3092,Pakistan,Researcher,Intermediate,2025-12-23
3093,India,Marketing Specialist,Beginner,2025-07-21
3094,USA,Student,Expert,2025-08-19
3095,Australia,Software Developer,Advanced,2025-08-21
3096,Australia,Marketing Specialist,Advanced,2025-12-31
3097,Pakistan,Data Analyst,Intermediate,2025-08-21
3098,Canada,Designer,Intermediate,2025-06-15
3099,Spain,Entrepreneur,Advanced,2025-12-31
3100,Saudi Arabia,Customer Support Specialist,Beginner,2026-01-03
3101,India,Designer,Advanced,2025-02-16
3102,United Kingdom,Teacher,Beginner,2025-08-19
3103,India,Researcher,Beginner,2025-02-13
3104,Pakistan,Data Scientist,Intermediate,2025-07-16
3105,Australia,Student,Intermediate,2025-09-19
3106,USA,Teacher,Intermediate,2025-03-23
3107,France,Researcher,Beginner,2025-07-14
3108,Brazil,Marketing Specialist,Intermediate,2025-03-29
3109,India,Customer Support Specialist,Advanced,2025-10-17
3110,India,Student,Advanced,2025-03-18
3111,Australia,Teacher,Intermediate,2025-03-16
3112,Australia,Student,Beginner,2025-12-31
3113,Germany,Customer Support Specialist,Intermediate,2025-06-07
3114,United Kingdom,Content Creator,Intermediate,2026-01-29
3115,Japan,Teacher,Beginner,2025-05-28
3116,South Korea,Teacher,Advanced,2025-03-02
3117,France,Business Analyst,Beginner,2025-04-14
3118,Pakistan,Business Analyst,Beginner,2026-01-27
3119,USA,Teacher,Advanced,2025-08-23
3120,USA,Business Analyst,Advanced,2025-09-13
3121,Canada,Business Analyst,Intermediate,2025-01-03
3122,India,Data Scientist,Intermediate,2025-09-10
3123,Canada,Teacher,Advanced,2025-10-29
3124,Germany,Teacher,Beginner,2025-08-21
3125,USA,Business Analyst,Beginner,2025-02-10
3126,India,Researcher,Intermediate,2025-01-04
3127,Singapore,Data Scientist,Beginner,2025-10-08
3128,India,Marketing Specialist,Intermediate,2025-11-18
3129,Canada,Business Analyst,Expert,2026-02-27
3130,India,Student,Intermediate,2025-04-05
3131,Spain,Customer Support Specialist,Beginner,2025-12-01
3132,Australia,Student,Beginner,2025-03-16
3133,,Student,Intermediate,2025-12-08
3134,USA,Content Creator,Beginner,2025-11-05
3135,Canada,Data Scientist,Beginner,2025-02-14
3136,Pakistan,Data Analyst,Intermediate,2025-08-02
3137,India,Designer,Beginner,2025-03-24
3138,France,Teacher,Beginner,2025-11-09
3139,United Kingdom,Software Developer,Intermediate,2025-12-25
3140,India,Designer,Intermediate,2026-02-08
3141,Netherlands,Marketing Specialist,Intermediate,2025-08-22
3142,Pakistan,Customer Support Specialist,Advanced,2025-07-04
3143,India,Business Analyst,Intermediate,2025-02-17
3144,Japan,Business Analyst,Beginner,2025-06-15
3145,Australia,Data Scientist,Beginner,2025-07-14
3146,,Researcher,Beginner,2026-01-24
3147,USA,Researcher,Beginner,2025-10-09
3148,USA,Data Analyst,Intermediate,2025-08-30
3149,United Kingdom,Software Developer,Expert,2025-12-22
3150,Australia,Student,Intermediate,2025-06-18
3151,United Kingdom,Content Creator,Beginner,2025-09-26
3152,India,Business Analyst,Beginner,2025-04-18
3153,Pakistan,Business Analyst,Advanced,2025-02-25
3154,Pakistan,Content Creator,Beginner,2025-11-19
3155,Australia,Designer,Advanced,2025-02-14
3156,Italy,Entrepreneur,Expert,2025-12-19
3157,Canada,Student,Intermediate,2026-02-08
3158,France,Entrepreneur,Beginner,2025-05-28
3159,Netherlands,Business Analyst,Expert,2026-03-11
3160,Brazil,Data Scientist,Beginner,2025-09-27
3161,USA,Data Scientist,Intermediate,2025-11-16
3162,Saudi Arabia,Entrepreneur,Intermediate,2025-03-08
3163,USA,Data Analyst,Beginner,2025-09-12
3164,Pakistan,Designer,Beginner,2025-11-20
3165,Pakistan,Data Analyst,Intermediate,2026-02-18
3166,United Kingdom,Designer,Intermediate,2025-11-09
3167,Italy,Data Analyst,Intermediate,2025-05-29
3168,Australia,Marketing Specialist,Expert,2025-01-01
3169,Pakistan,Student,Beginner,2025-08-27
3170,Germany,Data Scientist,Beginner,2025-03-02
3171,Canada,Designer,Beginner,2025-04-17
3172,Australia,Content Creator,Beginner,2025-08-01
3173,United Kingdom,Researcher,Intermediate,2025-06-20
3174,Pakistan,Student,Intermediate,2026-02-17
3175,Spain,Content Creator,Beginner,2025-01-06
3176,United Kingdom,Entrepreneur,Beginner,2025-12-20
3177,South Korea,Customer Support Specialist,Beginner,2026-02-09
3178,Spain,Student,Advanced,2025-06-03
3179,Pakistan,Student,Intermediate,2025-06-15
3180,UAE,Software Developer,Intermediate,2025-02-28
3181,India,Student,Intermediate,2025-06-24
3182,United Kingdom,Student,Beginner,2025-10-19
3183,USA,Software Developer,Intermediate,2025-01-15
3184,Italy,Software Developer,Expert,2025-04-10
3185,Australia,Content Creator,Intermediate,2025-06-23
3186,Japan,Software Developer,Intermediate,2025-09-03
3187,Australia,Marketing Specialist,Advanced,2026-02-13
3188,USA,Researcher,Intermediate,2025-03-11
3189,Pakistan,Student,Intermediate,2025-11-18
3190,Brazil,Designer,Advanced,2025-10-02
3191,Pakistan,Software Developer,Beginner,2025-08-25
3192,USA,Student,Intermediate,2025-07-31
3193,Australia,Teacher,Beginner,2025-01-29
3194,India,Data Scientist,Intermediate,2025-06-03
3195,USA,Software Developer,Expert,2025-12-14
3196,Saudi Arabia,Data Analyst,Intermediate,2025-10-02
3197,Pakistan,Teacher,Intermediate,2025-10-23
3198,,Researcher,Intermediate,2026-02-14
3199,India,Student,Intermediate,2026-02-12
3200,Pakistan,Data Scientist,Intermediate,2025-03-18
3201,USA,Teacher,Beginner,2025-01-16
3202,USA,Content Creator,Advanced,2025-07-12
3203,Saudi Arabia,Designer,Beginner,2026-03-08
3204,Australia,Researcher,Beginner,2025-11-07
3205,,Software Developer,Expert,2025-11-01
3206,Singapore,Content Creator,Expert,2026-02-05
3207,Australia,Data Analyst,Intermediate,2025-12-28
3208,USA,Student,Advanced,2025-12-30
3209,Pakistan,Student,Intermediate,2025-07-31
3210,Singapore,Software Developer,Intermediate,2025-05-02
3211,USA,Researcher,Beginner,2026-03-01
3212,France,Data Scientist,Beginner,2025-04-21
3213,Spain,Software Developer,Intermediate,2025-03-31
3214,USA,Designer,Intermediate,2026-02-06
3215,India,Software Developer,Intermediate,2025-04-14
3216,France,Teacher,Intermediate,2025-08-16
3217,Germany,Data Analyst,Beginner,2026-02-14
3218,USA,Data Scientist,Beginner,2025-09-14
3219,Canada,Marketing Specialist,Expert,2025-06-24
3220,India,Content Creator,Advanced,2026-01-11
3221,Canada,Data Scientist,Beginner,2025-06-08
3222,USA,Data Scientist,Advanced,2025-03-15
3223,USA,Data Analyst,Advanced,2025-02-20
3224,Saudi Arabia,Student,Advanced,2025-09-22
3225,Pakistan,Data Analyst,Intermediate,2025-03-09
3226,Canada,Customer Support Specialist,Beginner,2025-01-19
3227,United Kingdom,Student,Intermediate,2026-01-01
3228,USA,Student,Advanced,2025-03-01
3229,Canada,Student,Beginner,2025-01-23
3230,India,Student,Advanced,2025-11-01
3231,Italy,Student,Intermediate,2025-06-20
3232,Japan,Student,Intermediate,2025-01-24
3233,India,Teacher,Intermediate,2026-01-28
3234,Saudi Arabia,Teacher,Beginner,2025-06-09
3235,Australia,Teacher,Intermediate,2026-01-24
3236,USA,Software Developer,Intermediate,2025-04-18
3237,Pakistan,Marketing Specialist,Beginner,2025-04-09
3238,Singapore,Data Scientist,Beginner,2025-09-30
3239,United Kingdom,Designer,Beginner,2025-08-14
3240,India,Data Analyst,Advanced,2025-05-20
3241,UAE,Student,Advanced,2025-05-21
3242,Australia,Software Developer,Expert,2025-11-15
3243,Japan,Data Analyst,Beginner,2025-02-22
3244,USA,Software Developer,Advanced,2025-06-29
3245,United Kingdom,Teacher,Advanced,2025-05-19
3246,Germany,Content Creator,Beginner,2025-12-27
3247,India,Content Creator,Beginner,2025-10-21
3248,USA,Business Analyst,Advanced,2025-02-06
3249,India,Content Creator,Advanced,2025-06-23
3250,India,Software Developer,Expert,2025-01-26
3251,Pakistan,Software Developer,Intermediate,2025-08-30
3252,UAE,Data Analyst,Beginner,2025-01-26
3253,India,Customer Support Specialist,Beginner,2025-01-28
3254,Canada,Entrepreneur,Beginner,2025-07-20
3255,Malaysia,Customer Support Specialist,Advanced,2025-11-02
3256,India,Content Creator,Advanced,2025-11-19
3257,South Korea,Data Analyst,Advanced,2025-12-25
3258,Pakistan,Data Analyst,Intermediate,2025-07-02
3259,Saudi Arabia,Student,Intermediate,2026-02-23
3260,South Korea,Student,Intermediate,2026-01-24
3261,Pakistan,Student,Advanced,2025-10-01
3262,Spain,Marketing Specialist,Advanced,2026-01-22
3263,USA,Data Analyst,Intermediate,2025-10-18
3264,USA,Data Scientist,Intermediate,2026-02-21
3265,USA,Data Scientist,Intermediate,2025-12-24
3266,Canada,Entrepreneur,Intermediate,2025-08-22
3267,Pakistan,Customer Support Specialist,Advanced,2025-11-26
3268,India,Software Developer,Advanced,2025-08-27
3269,Canada,Teacher,Advanced,2025-04-25
3270,Germany,Customer Support Specialist,Intermediate,2025-11-12
3271,USA,Business Analyst,Beginner,2025-07-06
3272,UAE,Customer Support Specialist,Advanced,2025-12-25
3273,Germany,Student,Intermediate,2025-06-19
3274,Pakistan,Content Creator,Advanced,2025-06-16
3275,France,Data Analyst,Intermediate,2025-01-16
3276,Saudi Arabia,Designer,Intermediate,2025-02-27
3277,UAE,Content Creator,Intermediate,2025-08-25
3278,Brazil,Data Analyst,Expert,2025-05-25
3279,USA,Software Developer,Advanced,2025-11-06
3280,India,Researcher,Advanced,2025-09-18
3281,Singapore,Customer Support Specialist,Beginner,2026-02-23
3282,Australia,Software Developer,Intermediate,2025-02-24
3283,Japan,Student,Intermediate,2025-11-29
3284,United Kingdom,Content Creator,Expert,2025-06-04
3285,USA,Marketing Specialist,Advanced,2025-07-25
3286,United Kingdom,Software Developer,Intermediate,2025-05-03
3287,Pakistan,Data Analyst,Advanced,2025-10-08
3288,Canada,Customer Support Specialist,Advanced,2025-09-04
3289,Australia,Software Developer,Intermediate,2025-06-24
3290,India,Entrepreneur,Beginner,2025-12-22
3291,India,Designer,Beginner,2026-02-06
3292,India,Marketing Specialist,Beginner,2025-10-18
3293,USA,Student,Advanced,2025-10-06
3294,Canada,Student,Intermediate,2025-03-30
3295,Pakistan,Customer Support Specialist,Beginner,2025-02-09
3296,France,Entrepreneur,Advanced,2025-12-31
3297,India,Data Scientist,Advanced,2025-09-07
3298,USA,Business Analyst,Advanced,2025-11-02
3299,Australia,Software Developer,Advanced,2025-10-12
3300,France,Business Analyst,Beginner,2025-08-16
3301,USA,Student,Beginner,2025-07-27
3302,,Entrepreneur,Intermediate,2025-02-25
3303,Japan,Software Developer,Beginner,2025-11-02
3304,USA,Student,Expert,2025-07-14
3305,USA,Marketing Specialist,Intermediate,2025-11-27
3306,Spain,Software Developer,Beginner,2025-02-16
3307,USA,Student,Beginner,2025-03-13
3308,Singapore,Marketing Specialist,Intermediate,2026-01-22
3309,Canada,Software Developer,Intermediate,2025-01-01
3310,South Korea,Business Analyst,Advanced,2025-12-05
3311,Japan,Software Developer,Beginner,2025-09-30
3312,USA,Data Scientist,Beginner,2025-11-12
3313,United Kingdom,Content Creator,Advanced,2025-04-11
3314,UAE,Customer Support Specialist,Beginner,2025-06-12
3315,USA,Content Creator,Beginner,2026-02-11
3316,India,Student,Beginner,2025-06-05
3317,Canada,Student,Intermediate,2025-08-11
3318,France,Student,Beginner,2025-06-26
3319,USA,Student,Advanced,2025-10-26
3320,UAE,Content Creator,Beginner,2025-09-19
3321,Germany,Marketing Specialist,Intermediate,2025-03-07
3322,Canada,Designer,Intermediate,2025-02-01
3323,Australia,Software Developer,Advanced,2025-10-09
3324,USA,Software Developer,Expert,2025-01-01
3325,Italy,Software Developer,Intermediate,2026-02-25
3326,India,Designer,Advanced,2025-02-26
3327,Italy,Content Creator,Intermediate,2025-01-16
3328,Germany,Student,Expert,2025-12-26
3329,Singapore,Marketing Specialist,Intermediate,2025-11-17
3330,India,Software Developer,Advanced,2025-07-15
3331,United Kingdom,Student,Intermediate,2025-08-11
3332,Saudi Arabia,Software Developer,Advanced,2025-12-06
3333,Brazil,Customer Support Specialist,Intermediate,2025-03-13
3334,India,Student,Intermediate,2025-07-16
3335,USA,Marketing Specialist,Intermediate,2025-07-04
3336,Singapore,Software Developer,Intermediate,2025-03-20
3337,UAE,Teacher,Advanced,2025-12-10
3338,Australia,Entrepreneur,Intermediate,2025-01-06
3339,United Kingdom,Software Developer,Beginner,2025-01-09
3340,India,Software Developer,Beginner,2025-09-07
3341,USA,Software Developer,Expert,2025-03-11
3342,USA,Researcher,Beginner,2025-11-25
3343,Netherlands,Entrepreneur,Advanced,2025-08-22
3344,France,Software Developer,Expert,2025-12-23
3345,Singapore,Entrepreneur,Advanced,2025-08-06
3346,Pakistan,Entrepreneur,Beginner,2025-08-21
3347,Canada,Software Developer,Expert,2025-10-10
3348,USA,Data Analyst,Intermediate,2025-07-16
3349,UAE,Marketing Specialist,Beginner,2025-04-06
3350,USA,Teacher,Expert,2025-01-04
3351,Saudi Arabia,Student,Expert,2026-03-10
3352,Pakistan,Designer,Intermediate,2025-12-31
3353,United Kingdom,Teacher,Intermediate,2025-07-30
3354,India,Data Scientist,Beginner,2025-10-23
3355,Germany,Data Analyst,Beginner,2025-01-20
3356,France,Content Creator,Advanced,2025-12-27
3357,United Kingdom,Entrepreneur,Expert,2025-10-25
3358,Saudi Arabia,Content Creator,Intermediate,2025-12-20
3359,South Korea,Data Scientist,Beginner,2026-01-09
3360,United Kingdom,Software Developer,Expert,2026-01-20
3361,Germany,Marketing Specialist,Advanced,2025-08-27
3362,United Kingdom,Software Developer,Intermediate,2025-09-25
3363,Australia,Student,Advanced,2025-02-15
3364,India,Data Analyst,Beginner,2025-11-19
3365,Pakistan,Business Analyst,Advanced,2025-12-09
3366,Pakistan,Marketing Specialist,Advanced,2025-11-21
3367,India,Data Analyst,Expert,2025-10-24
3368,Germany,Customer Support Specialist,Intermediate,2025-01-28
3369,Australia,Data Analyst,Beginner,2025-10-01
3370,Canada,Student,Beginner,2025-08-29
3371,India,Software Developer,Advanced,2025-08-29
3372,United Kingdom,Software Developer,Beginner,2025-06-19
3373,USA,Marketing Specialist,Beginner,2026-02-13
3374,UAE,Software Developer,Beginner,2025-03-27
3375,Brazil,Researcher,Beginner,2025-11-02
3376,Japan,Designer,Advanced,2026-01-08
3377,Germany,Content Creator,Expert,2025-05-14
3378,India,Content Creator,Intermediate,2025-08-31
3379,USA,Software Developer,Beginner,2025-10-21
3380,France,Marketing Specialist,Intermediate,2025-05-30
3381,USA,Student,Expert,2025-11-16
3382,Pakistan,Content Creator,Advanced,2025-09-06
3383,Saudi Arabia,Designer,Advanced,2025-09-16
3384,Pakistan,Entrepreneur,Beginner,2026-02-06
3385,India,Software Developer,Advanced,2025-03-09
3386,Pakistan,Data Analyst,Beginner,2025-05-21
3387,Brazil,Business Analyst,Intermediate,2025-01-08
3388,Germany,Designer,Intermediate,2025-11-06
3389,Netherlands,Software Developer,Intermediate,2025-10-30
3390,Pakistan,Designer,Intermediate,2025-12-04
3391,Canada,Software Developer,Intermediate,2026-02-18
3392,India,Data Analyst,Beginner,2026-02-05
3393,UAE,Student,Intermediate,2025-09-06
3394,Australia,Content Creator,Intermediate,2025-09-28
3395,Pakistan,Student,Intermediate,2025-06-25
3396,United Kingdom,Business Analyst,Advanced,2025-03-16
3397,USA,Software Developer,Intermediate,2026-02-25
3398,India,Software Developer,Advanced,2025-09-11
3399,India,Entrepreneur,Advanced,2025-07-31
3400,UAE,Data Analyst,Beginner,2025-05-02
3401,Canada,Data Analyst,Intermediate,2026-01-07
3402,India,Data Analyst,Beginner,2025-04-18
3403,Saudi Arabia,Data Analyst,Beginner,2026-03-08
3404,Germany,Customer Support Specialist,Intermediate,2025-11-25
3405,USA,Marketing Specialist,Expert,2026-02-24
3406,Saudi Arabia,Content Creator,Intermediate,2025-03-27
3407,Canada,Software Developer,Advanced,2025-09-01
3408,Australia,Customer Support Specialist,Beginner,2026-01-18
3409,USA,Marketing Specialist,Advanced,2025-09-30
3410,Saudi Arabia,Data Analyst,Beginner,2025-12-16
3411,Canada,Student,Advanced,2025-08-31
3412,United Kingdom,Teacher,Intermediate,2025-09-29
3413,UAE,Student,Advanced,2025-01-07
3414,India,Marketing Specialist,Beginner,2026-02-13
3415,United Kingdom,Student,Beginner,2025-12-14
3416,Italy,Data Analyst,Advanced,2025-09-29
3417,South Korea,Software Developer,Advanced,2025-01-22
3418,India,Software Developer,Intermediate,2025-09-30
3419,Spain,Software Developer,Intermediate,2026-03-09
3420,United Kingdom,Business Analyst,Beginner,2025-11-30
3421,France,Content Creator,Advanced,2025-06-21
3422,Spain,Business Analyst,Beginner,2026-02-15
3423,United Kingdom,Student,Intermediate,2025-12-02
3424,United Kingdom,Student,Intermediate,2025-08-25
3425,Malaysia,Software Developer,Expert,2026-01-19
3426,United Kingdom,Content Creator,Advanced,2025-12-11
3427,Pakistan,Student,Intermediate,2025-04-10
3428,Pakistan,Entrepreneur,Advanced,2025-12-13
3429,USA,Software Developer,Intermediate,2025-04-03
3430,USA,Marketing Specialist,Beginner,2025-01-06
3431,Canada,Software Developer,Intermediate,2026-03-02
3432,France,Designer,Expert,2025-07-30
3433,Singapore,Student,Beginner,2025-02-23
3434,Japan,Entrepreneur,Advanced,2025-06-29
3435,USA,Customer Support Specialist,Beginner,2025-05-26
3436,Australia,Entrepreneur,Beginner,2025-01-18
3437,Brazil,Data Scientist,Expert,2025-02-17
3438,India,Customer Support Specialist,Beginner,2025-11-01
3439,Australia,Designer,Intermediate,2026-03-04
3440,India,Researcher,Beginner,2025-11-03
3441,Canada,Data Scientist,Expert,2025-12-29
3442,USA,Data Analyst,Beginner,2025-02-14
3443,Pakistan,Data Analyst,Intermediate,2025-03-08
3444,Singapore,Researcher,Intermediate,2026-01-27
3445,USA,Researcher,Beginner,2025-10-17
3446,Saudi Arabia,Data Scientist,Intermediate,2025-04-05
3447,Pakistan,Business Analyst,Beginner,2025-12-23
3448,Canada,Data Analyst,Advanced,2025-05-31
3449,Brazil,Student,Intermediate,2025-02-08
3450,Netherlands,Designer,Intermediate,2025-05-22
3451,Canada,Content Creator,Beginner,2025-12-21
3452,Japan,Student,Beginner,2026-01-30
3453,Saudi Arabia,Student,Beginner,2025-05-12
3454,Germany,Entrepreneur,Advanced,2025-02-07
3455,Italy,Business Analyst,Beginner,2025-02-01
3456,Pakistan,Business Analyst,Intermediate,2025-06-20
3457,Germany,Marketing Specialist,Intermediate,2025-05-13
3458,Brazil,Designer,Intermediate,2025-05-16
3459,South Korea,Designer,Beginner,2025-02-05
3460,Canada,Business Analyst,Advanced,2025-04-13
3461,Saudi Arabia,Researcher,Beginner,2025-04-02
3462,Singapore,Entrepreneur,Beginner,2025-02-25
3463,USA,Customer Support Specialist,Advanced,2026-01-29
3464,Brazil,Entrepreneur,Intermediate,2025-11-11
3465,France,Marketing Specialist,Beginner,2025-08-15
3466,UAE,Designer,Intermediate,2025-02-22
3467,United Kingdom,Designer,Beginner,2025-02-06
3468,India,Data Analyst,Beginner,2025-05-09
3469,Malaysia,Data Analyst,Beginner,2025-01-10
3470,Germany,Marketing Specialist,Beginner,2025-03-18
3471,Saudi Arabia,Teacher,Beginner,2025-01-01
3472,India,Customer Support Specialist,Advanced,2025-12-07
3473,Australia,Software Developer,Intermediate,2025-03-19
3474,Canada,Data Analyst,Intermediate,2025-07-20
3475,Germany,Student,Advanced,2025-09-21
3476,Japan,Student,Advanced,2026-01-30
3477,USA,Business Analyst,Beginner,2025-08-12
3478,USA,Content Creator,Intermediate,2026-01-08
3479,Brazil,Student,Beginner,2026-02-07
3480,United Kingdom,Student,Intermediate,2025-04-26
3481,Australia,Teacher,Advanced,2025-12-19
3482,Malaysia,Data Scientist,Advanced,2025-09-04
3483,Pakistan,Content Creator,Intermediate,2025-10-02
3484,South Korea,Researcher,Expert,2025-07-03
3485,Japan,Entrepreneur,Advanced,2025-06-05
3486,United Kingdom,Data Scientist,Intermediate,2025-11-20
3487,USA,Designer,Intermediate,2025-11-28
3488,Canada,Customer Support Specialist,Expert,2025-10-01
3489,USA,Student,Intermediate,2025-06-24
3490,Pakistan,Teacher,Intermediate,2025-08-24
3491,,Business Analyst,Advanced,2025-05-29
3492,USA,Researcher,Intermediate,2025-04-01
3493,India,Software Developer,Intermediate,2025-07-16
3494,Pakistan,Data Scientist,Advanced,2025-06-03
3495,UAE,Data Scientist,Beginner,2025-02-24
3496,Japan,Software Developer,Expert,2025-07-03
3497,Germany,Student,Beginner,2025-11-20
3498,USA,Data Analyst,Beginner,2025-04-08
3499,Germany,Data Analyst,Intermediate,2025-04-09
3500,Germany,Data Scientist,Beginner,2025-10-31
3501,USA,Software Developer,Advanced,2025-07-19
3502,India,Teacher,Intermediate,2025-10-04
3503,United Kingdom,Designer,Advanced,2025-09-13
3504,India,Software Developer,Intermediate,2026-03-04
3505,India,Student,Intermediate,2025-01-09
3506,United Kingdom,Content Creator,Intermediate,2025-01-29
3507,Australia,Researcher,Intermediate,2026-01-05
3508,France,Business Analyst,Intermediate,2025-03-02
3509,Pakistan,Teacher,Intermediate,2025-12-01
3510,USA,Entrepreneur,Beginner,2025-08-23
3511,UAE,Teacher,Expert,2025-10-02
3512,USA,Marketing Specialist,Intermediate,2025-10-24
3513,Pakistan,Software Developer,Intermediate,2025-02-06
3514,United Kingdom,Software Developer,Intermediate,2025-03-14
3515,Australia,Teacher,Expert,2025-01-10
3516,Pakistan,Customer Support Specialist,Advanced,2025-11-13
3517,India,Data Analyst,Intermediate,2025-12-26
3518,Pakistan,Marketing Specialist,Intermediate,2025-01-08
3519,UAE,Designer,Beginner,2025-01-26
3520,Singapore,Data Scientist,Expert,2026-02-25
3521,USA,Customer Support Specialist,Beginner,2025-08-22
3522,India,Software Developer,Advanced,2026-03-04
3523,Singapore,Student,Expert,2026-02-23
3524,Germany,Content Creator,Advanced,2025-02-28
3525,India,Student,Expert,2026-02-14
3526,Brazil,Customer Support Specialist,Expert,2025-02-02
3527,USA,Business Analyst,Intermediate,2025-08-07
3528,South Korea,Designer,Intermediate,2026-03-04
3529,Canada,Student,Beginner,2025-12-14
3530,Brazil,Teacher,Beginner,2025-03-03
3531,UAE,Content Creator,Intermediate,2025-10-22
3532,India,Business Analyst,Advanced,2025-06-14
3533,Canada,Marketing Specialist,Beginner,2026-02-11
3534,United Kingdom,Data Analyst,Beginner,2025-01-24
3535,France,Entrepreneur,Intermediate,2025-06-21
3536,India,Content Creator,Advanced,2025-05-21
3537,UAE,Business Analyst,Intermediate,2025-08-01
3538,UAE,Data Analyst,Intermediate,2025-07-09
3539,Pakistan,Designer,Expert,2025-08-13
3540,Singapore,Software Developer,Beginner,2025-10-25
3541,Pakistan,Data Scientist,Intermediate,2025-02-21
3542,Brazil,Customer Support Specialist,Advanced,2025-11-20
3543,Japan,Designer,Beginner,2026-02-03
3544,Canada,Marketing Specialist,Advanced,2025-09-07
3545,India,Student,Intermediate,2025-01-04
3546,Italy,Student,Advanced,2025-02-15
3547,UAE,Data Scientist,Intermediate,2025-10-31
3548,Brazil,Designer,Expert,2025-08-02
3549,India,Software Developer,Advanced,2026-02-10
3550,Japan,Customer Support Specialist,Advanced,2025-12-21
3551,Spain,Business Analyst,Advanced,2025-03-15
3552,Canada,Student,Expert,2025-09-25
3553,United Kingdom,Designer,Intermediate,2025-05-03
3554,Canada,Designer,Beginner,2025-11-09
3555,Brazil,Student,Intermediate,2025-11-02
3556,USA,Software Developer,Beginner,2025-09-13
3557,Australia,Software Developer,Expert,2025-02-15
3558,India,Data Analyst,Beginner,2026-02-05
3559,USA,Teacher,Advanced,2025-08-03
3560,Germany,Data Analyst,Beginner,2025-05-01
3561,United Kingdom,Customer Support Specialist,Beginner,2025-09-29
3562,Australia,Student,Beginner,2025-11-13
3563,United Kingdom,Software Developer,Advanced,2026-01-25
3564,India,Researcher,Beginner,2025-09-17
3565,Italy,Data Analyst,Advanced,2026-01-30
3566,Saudi Arabia,Customer Support Specialist,Intermediate,2025-04-17
3567,Australia,Student,Beginner,2025-04-10
3568,United Kingdom,Data Analyst,Expert,2025-03-18
3569,USA,Marketing Specialist,Intermediate,2025-08-31
3570,Canada,Content Creator,Beginner,2025-03-23
3571,Canada,Data Scientist,Expert,2025-01-23
3572,UAE,Customer Support Specialist,Beginner,2025-07-06
3573,India,Data Analyst,Beginner,2025-08-11
3574,India,Content Creator,Beginner,2025-11-12
3575,United Kingdom,Entrepreneur,Advanced,2026-01-24
3576,Pakistan,Student,Intermediate,2025-02-23
3577,USA,Content Creator,Intermediate,2025-10-03
3578,Singapore,Teacher,Intermediate,2026-02-07
3579,Pakistan,Data Analyst,Advanced,2025-09-21
3580,United Kingdom,Data Analyst,Beginner,2025-05-01
3581,USA,Teacher,Beginner,2025-10-31
3582,Canada,Student,Intermediate,2025-08-03
3583,Singapore,Business Analyst,Intermediate,2025-12-13
3584,USA,Student,Intermediate,2025-04-28
3585,Canada,Content Creator,Beginner,2025-06-16
3586,France,Data Analyst,Advanced,2025-05-02
3587,Pakistan,Researcher,Beginner,2025-04-13
3588,Pakistan,Researcher,Beginner,2025-04-23
3589,Saudi Arabia,Content Creator,Intermediate,2025-10-27
3590,Pakistan,Designer,Intermediate,2025-08-12
3591,United Kingdom,Researcher,Intermediate,2025-11-09
3592,India,Data Analyst,Beginner,2025-07-18
3593,India,Teacher,Advanced,2025-08-23
3594,India,Customer Support Specialist,Intermediate,2025-11-20
3595,Netherlands,Researcher,Advanced,2025-05-19
3596,USA,Data Analyst,Beginner,2025-03-07
3597,Australia,Student,Advanced,2025-10-19
3598,Pakistan,Business Analyst,Beginner,2025-03-11
3599,USA,Student,Intermediate,2025-08-27
3600,Pakistan,Teacher,Beginner,2025-03-29
3601,Pakistan,Business Analyst,Beginner,2025-04-23
3602,Spain,Customer Support Specialist,Beginner,2025-11-06
3603,India,Student,Advanced,2026-02-11
3604,Germany,Content Creator,Advanced,2025-11-10
3605,USA,Business Analyst,Advanced,2025-10-23
3606,Canada,Entrepreneur,Advanced,2025-04-28
3607,India,Student,Intermediate,2025-09-25
3608,USA,Customer Support Specialist,Beginner,2025-04-21
3609,Australia,Designer,Beginner,2026-03-05
3610,Netherlands,Business Analyst,Intermediate,2025-01-08
3611,India,Software Developer,Intermediate,2026-01-12
3612,India,Designer,Expert,2025-05-07
3613,Canada,Entrepreneur,Advanced,2025-10-24
3614,United Kingdom,Business Analyst,Intermediate,2025-10-30
3615,Singapore,Data Scientist,Beginner,2025-10-21
3616,Singapore,Marketing Specialist,Advanced,2025-08-02
3617,Spain,Software Developer,Intermediate,2025-01-21
3618,Pakistan,Content Creator,Advanced,2026-01-11
3619,India,Marketing Specialist,Advanced,2025-01-18
3620,USA,Business Analyst,Intermediate,2025-07-21
3621,Spain,Student,Beginner,2026-02-13
3622,United Kingdom,Software Developer,Expert,2025-02-20
3623,,Teacher,Intermediate,2025-05-04
3624,Pakistan,Software Developer,Intermediate,2026-01-21
3625,Germany,Data Scientist,Expert,2026-01-10
3626,India,Student,Intermediate,2025-04-22
3627,USA,Customer Support Specialist,Intermediate,2025-06-01
3628,USA,Student,Intermediate,2025-02-16
3629,Canada,Researcher,Beginner,2025-12-09
3630,India,Business Analyst,Beginner,2025-12-27
3631,,Software Developer,Advanced,2025-10-20
3632,Pakistan,Marketing Specialist,Beginner,2025-01-13
3633,USA,Data Analyst,Beginner,2025-08-26
3634,India,Designer,Intermediate,2025-12-27
3635,Saudi Arabia,Content Creator,Intermediate,2026-02-09
3636,Pakistan,Designer,Intermediate,2025-11-17
3637,Japan,Data Analyst,Beginner,2025-11-21
3638,France,Data Analyst,Advanced,2025-11-18
3639,Singapore,Software Developer,Beginner,2025-12-20
3640,United Kingdom,Marketing Specialist,Beginner,2025-01-17
3641,Australia,Marketing Specialist,Intermediate,2026-01-21
3642,USA,Teacher,Beginner,2025-11-10
3643,Japan,Student,Intermediate,2026-02-11
3644,Singapore,Business Analyst,Intermediate,2025-12-17
3645,India,Teacher,Intermediate,2025-06-21
3646,India,Entrepreneur,Beginner,2025-01-29
3647,USA,Software Developer,Intermediate,2025-12-12
3648,France,Student,Intermediate,2025-01-27
3649,Pakistan,Content Creator,Beginner,2025-07-07
3650,Netherlands,Data Analyst,Expert,2025-01-21
3651,USA,Teacher,Beginner,2025-03-31
3652,USA,Business Analyst,Advanced,2025-12-27
3653,Pakistan,Researcher,Intermediate,2025-12-30
3654,Singapore,Student,Intermediate,2025-03-12
3655,United Kingdom,Student,Advanced,2025-05-03
3656,USA,Data Analyst,Intermediate,2025-11-29
3657,France,Data Analyst,Intermediate,2026-01-21
3658,Spain,Data Scientist,Advanced,2025-12-26
3659,UAE,Student,Expert,2026-01-17
3660,Australia,Student,Intermediate,2025-06-14
3661,Australia,Marketing Specialist,Advanced,2025-05-17
3662,Pakistan,Data Scientist,Beginner,2025-08-05
3663,USA,Software Developer,Advanced,2025-02-02
3664,France,Content Creator,Intermediate,2025-08-20
3665,Japan,Designer,Advanced,2025-09-27
3666,Pakistan,Entrepreneur,Advanced,2025-08-29
3667,India,Marketing Specialist,Intermediate,2025-12-14
3668,USA,Marketing Specialist,Intermediate,2025-05-30
3669,USA,Customer Support Specialist,Intermediate,2025-07-08
3670,Singapore,Content Creator,Intermediate,2025-12-21
3671,Canada,Content Creator,Expert,2025-02-03
3672,India,Business Analyst,Expert,2025-08-23
3673,France,Customer Support Specialist,Intermediate,2025-07-20
3674,Italy,Researcher,Beginner,2025-05-28
3675,Brazil,Designer,Intermediate,2025-02-09
3676,Canada,Data Analyst,Intermediate,2025-05-22
3677,Japan,Software Developer,Beginner,2025-03-17
3678,USA,Student,Advanced,2025-04-15
3679,Saudi Arabia,Customer Support Specialist,Intermediate,2025-11-18
3680,India,Entrepreneur,Advanced,2025-08-02
3681,Canada,Researcher,Expert,2025-10-05
3682,Australia,Student,Advanced,2025-08-31
3683,USA,Student,Intermediate,2025-08-16
3684,USA,Software Developer,Beginner,2025-01-11
3685,France,Teacher,Expert,2025-02-02
3686,Pakistan,Marketing Specialist,Expert,2026-02-15
3687,USA,Researcher,Advanced,2025-09-24
3688,USA,Business Analyst,Advanced,2025-07-30
3689,USA,Software Developer,Beginner,2025-12-02
3690,Pakistan,Designer,Intermediate,2025-06-17
3691,India,Entrepreneur,Intermediate,2025-12-07
3692,USA,Data Scientist,Intermediate,2026-03-08
3693,Pakistan,Data Scientist,Beginner,2025-08-23
3694,Saudi Arabia,Customer Support Specialist,Intermediate,2025-03-09
3695,Pakistan,Marketing Specialist,Advanced,2025-06-06
3696,Pakistan,Entrepreneur,Intermediate,2025-05-14
3697,United Kingdom,Content Creator,Expert,2025-07-10
3698,Saudi Arabia,Software Developer,Intermediate,2026-01-30
3699,United Kingdom,Student,Advanced,2025-03-17
3700,Japan,Researcher,Expert,2025-08-22
3701,India,Business Analyst,Advanced,2025-11-13
3702,Pakistan,Researcher,Beginner,2025-12-31
3703,Saudi Arabia,Designer,Beginner,2025-04-04
3704,France,Content Creator,Beginner,2026-03-06
3705,USA,Student,Intermediate,2025-12-08
3706,Singapore,Entrepreneur,Intermediate,2025-03-24
3707,UAE,Student,Advanced,2025-01-22
3708,India,Student,Intermediate,2025-10-22
3709,USA,Researcher,Advanced,2025-05-14
3710,Pakistan,Student,Advanced,2025-04-16
3711,UAE,Data Scientist,Intermediate,2025-01-18
3712,France,Marketing Specialist,Beginner,2025-06-26
3713,India,Entrepreneur,Advanced,2025-08-18
3714,South Korea,Teacher,Expert,2025-03-25
3715,India,Teacher,Beginner,2025-03-04
3716,France,Student,Intermediate,2025-07-27
3717,Singapore,Business Analyst,Beginner,2026-01-29
3718,Germany,Student,Intermediate,2025-08-23
3719,Japan,Data Scientist,Expert,2025-03-21
3720,USA,Content Creator,Advanced,2026-01-14
3721,India,Student,Advanced,2025-09-17
3722,UAE,Student,Intermediate,2025-12-28
3723,USA,Data Analyst,Intermediate,2025-05-29
3724,USA,Business Analyst,Advanced,2026-01-22
3725,Spain,Researcher,Expert,2025-10-21
3726,Canada,Marketing Specialist,Expert,2026-02-14
3727,,Software Developer,Advanced,2025-08-15
3728,Brazil,Teacher,Intermediate,2025-02-27
3729,France,Customer Support Specialist,Beginner,2025-01-21
3730,France,Data Scientist,Intermediate,2025-10-10
3731,Germany,Data Analyst,Beginner,2025-01-13
3732,Germany,Software Developer,Beginner,2026-03-07
3733,Japan,Student,Intermediate,2025-07-02
3734,Spain,Data Analyst,Intermediate,2025-01-29
3735,Germany,Teacher,Expert,2025-04-10
3736,Netherlands,Teacher,Beginner,2025-04-24
3737,USA,Student,Beginner,2026-01-28
3738,Australia,Content Creator,Beginner,2025-01-12
3739,Japan,Data Scientist,Intermediate,2026-03-11
3740,France,Student,Intermediate,2025-12-10
3741,USA,Student,Advanced,2025-09-20
3742,Netherlands,Student,Intermediate,2025-09-09
3743,Australia,Customer Support Specialist,Beginner,2025-11-06
3744,United Kingdom,Teacher,Intermediate,2025-01-29
3745,USA,Content Creator,Beginner,2025-07-04
3746,Canada,Designer,Advanced,2026-01-02
3747,United Kingdom,Data Scientist,Beginner,2025-07-09
3748,Singapore,Data Analyst,Intermediate,2025-01-07
3749,India,Teacher,Intermediate,2025-06-29
3750,Pakistan,Student,Advanced,2025-08-17
3751,Canada,Researcher,Advanced,2025-02-14
3752,Brazil,Student,Expert,2025-08-16
3753,USA,Student,Advanced,2025-08-01
3754,India,Data Scientist,Intermediate,2025-05-28
3755,Germany,Student,Advanced,2026-01-08
3756,Brazil,Content Creator,Beginner,2025-08-06
3757,Spain,Data Scientist,Beginner,2025-08-01
3758,USA,Marketing Specialist,Beginner,2025-10-28
3759,USA,Data Scientist,Beginner,2025-03-15
3760,Germany,Business Analyst,Advanced,2025-09-01
3761,India,Data Scientist,Expert,2025-09-26
3762,USA,Business Analyst,Beginner,2025-02-03
3763,Spain,Student,Intermediate,2025-10-30
3764,Australia,Marketing Specialist,Intermediate,2025-02-15
3765,Canada,Researcher,Beginner,2025-11-24
3766,USA,Student,Beginner,2025-08-01
3767,France,Data Analyst,Intermediate,2025-08-25
3768,India,Marketing Specialist,Beginner,2026-01-22
3769,USA,Software Developer,Expert,2025-04-13
3770,USA,Researcher,Beginner,2025-07-15
3771,USA,Designer,Intermediate,2025-09-09
3772,Italy,Customer Support Specialist,Advanced,2026-02-28
3773,Germany,Student,Intermediate,2025-10-27
3774,Spain,Marketing Specialist,Intermediate,2025-10-14
3775,India,Software Developer,Expert,2025-04-25
3776,India,Student,Beginner,2025-01-02
3777,Japan,Software Developer,Advanced,2025-06-03
3778,USA,Entrepreneur,Advanced,2026-03-04
3779,USA,Marketing Specialist,Intermediate,2025-03-05
3780,USA,Business Analyst,Intermediate,2025-05-28
3781,Pakistan,Data Analyst,Intermediate,2025-09-09
3782,Singapore,Student,Expert,2025-11-27
3783,Spain,Data Analyst,Beginner,2025-03-03
3784,Singapore,Student,Beginner,2025-09-10
3785,India,Marketing Specialist,Advanced,2025-02-04
3786,USA,Software Developer,Expert,2025-07-05
3787,UAE,Marketing Specialist,Advanced,2025-10-17
3788,Pakistan,Teacher,Intermediate,2025-05-13
3789,India,Researcher,Intermediate,2025-09-01
3790,South Korea,Student,Expert,2026-02-23
3791,Spain,Data Scientist,Advanced,2025-09-20
3792,United Kingdom,Entrepreneur,Intermediate,2025-01-09
3793,UAE,Student,Beginner,2025-03-25
3794,India,Student,Advanced,2025-03-16
3795,Germany,Content Creator,Beginner,2025-12-21
3796,United Kingdom,Software Developer,Advanced,2025-03-25
3797,South Korea,Student,Beginner,2025-07-04
3798,USA,Content Creator,Intermediate,2025-07-02
3799,Saudi Arabia,Data Scientist,Advanced,2025-05-30
3800,France,Student,Intermediate,2025-02-09
3801,USA,Student,Advanced,2026-01-28
3802,Pakistan,Business Analyst,Intermediate,2026-01-27
3803,India,Marketing Specialist,Intermediate,2026-01-21
3804,Pakistan,Software Developer,Intermediate,2025-06-15
3805,USA,Software Developer,Intermediate,2026-02-28
3806,India,Entrepreneur,Intermediate,2026-02-14
3807,UAE,Designer,Advanced,2025-12-17
3808,India,Customer Support Specialist,Intermediate,2025-07-05
3809,Japan,Student,Beginner,2025-10-24
3810,France,Software Developer,Intermediate,2025-03-15
3811,India,Content Creator,Expert,2025-09-23
3812,United Kingdom,Business Analyst,Intermediate,2026-02-03
3813,United Kingdom,Customer Support Specialist,Advanced,2025-06-24
3814,Saudi Arabia,Data Scientist,Intermediate,2025-03-25
3815,India,Student,Intermediate,2025-03-21
3816,Japan,Entrepreneur,Intermediate,2026-03-02
3817,USA,Business Analyst,Beginner,2025-10-14
3818,Germany,Software Developer,Intermediate,2026-03-02
3819,South Korea,Software Developer,Intermediate,2026-03-10
3820,India,Entrepreneur,Advanced,2025-10-10
3821,India,Software Developer,Intermediate,2026-02-15
3822,Pakistan,Content Creator,Beginner,2025-08-24
3823,USA,Content Creator,Beginner,2025-03-01
3824,Singapore,Software Developer,Beginner,2025-01-09
3825,South Korea,Student,Advanced,2025-06-09
3826,India,Marketing Specialist,Advanced,2025-03-13
3827,India,Business Analyst,Intermediate,2025-11-02
3828,Pakistan,Marketing Specialist,Intermediate,2025-06-25
3829,USA,Student,Intermediate,2025-06-05
3830,Pakistan,Teacher,Intermediate,2026-02-22
3831,Spain,Data Scientist,Intermediate,2025-03-07
3832,Saudi Arabia,Marketing Specialist,Intermediate,2025-03-14
3833,USA,Student,Beginner,2025-06-07
3834,South Korea,Data Scientist,Advanced,2025-03-08
3835,France,Student,Intermediate,2025-08-06
3836,Japan,Entrepreneur,Beginner,2026-02-06
3837,Pakistan,Student,Beginner,2025-01-10
3838,Germany,Business Analyst,Intermediate,2026-01-23
3839,UAE,Content Creator,Intermediate,2025-04-11
3840,USA,Researcher,Advanced,2026-02-11
3841,France,Software Developer,Beginner,2025-10-31
3842,USA,Marketing Specialist,Advanced,2025-03-02
3843,USA,Business Analyst,Intermediate,2025-01-23
3844,France,Customer Support Specialist,Beginner,2025-12-08
3845,Brazil,Software Developer,Intermediate,2025-02-19
3846,Singapore,Entrepreneur,Intermediate,2025-11-05
3847,Germany,Researcher,Advanced,2025-04-13
3848,USA,Business Analyst,Intermediate,2025-06-29
3849,United Kingdom,Student,Intermediate,2025-03-16
3850,Spain,Marketing Specialist,Expert,2025-05-23
3851,India,Researcher,Advanced,2025-06-28
3852,France,Marketing Specialist,Intermediate,2025-09-14
3853,Singapore,Business Analyst,Beginner,2025-11-10
3854,Japan,Student,Beginner,2025-10-19
3855,Singapore,Student,Advanced,2026-02-24
3856,India,Software Developer,Intermediate,2025-01-08
3857,USA,Teacher,Beginner,2026-01-02
3858,United Kingdom,Software Developer,Beginner,2025-05-25
3859,Saudi Arabia,Data Analyst,Intermediate,2026-01-22
3860,Netherlands,Content Creator,Advanced,2026-01-07
3861,USA,Data Scientist,Advanced,2025-04-20
3862,Australia,Content Creator,Advanced,2026-03-12
3863,Pakistan,Software Developer,Advanced,2025-07-07
3864,France,Designer,Advanced,2025-04-05
3865,Pakistan,Data Scientist,Advanced,2025-02-24
3866,Saudi Arabia,Designer,Beginner,2025-07-01
3867,India,Content Creator,Intermediate,2025-08-06
3868,Japan,Customer Support Specialist,Advanced,2025-04-27
3869,Pakistan,Teacher,Intermediate,2026-01-25
3870,USA,Software Developer,Intermediate,2025-03-05
3871,Brazil,Data Analyst,Beginner,2025-09-24
3872,Italy,Software Developer,Advanced,2026-01-26
3873,India,Software Developer,Expert,2025-05-28
3874,USA,Marketing Specialist,Beginner,2025-01-21
3875,USA,Software Developer,Beginner,2025-09-10
3876,USA,Teacher,Intermediate,2025-05-26
3877,Pakistan,Student,Expert,2026-01-12
3878,Netherlands,Researcher,Advanced,2026-03-07
3879,India,Student,Intermediate,2025-10-11
3880,Germany,Designer,Intermediate,2025-08-08
3881,South Korea,Business Analyst,Intermediate,2025-02-05
3882,Australia,Data Scientist,Beginner,2026-02-15
3883,Pakistan,Student,Beginner,2025-12-14
3884,Saudi Arabia,Student,Intermediate,2025-01-07
3885,USA,Data Analyst,Advanced,2025-09-09
3886,Germany,Customer Support Specialist,Expert,2025-07-22
3887,Pakistan,Data Scientist,Advanced,2025-12-04
3888,South Korea,Content Creator,Advanced,2025-03-03
3889,Saudi Arabia,Student,Intermediate,2025-07-25
3890,Japan,Content Creator,Beginner,2025-02-22
3891,Pakistan,Data Analyst,Beginner,2025-03-28
3892,Brazil,Software Developer,Beginner,2025-04-12
3893,India,Marketing Specialist,Intermediate,2025-11-01
3894,India,Data Analyst,Beginner,2025-07-26
3895,United Kingdom,Data Scientist,Expert,2026-03-06
3896,United Kingdom,Software Developer,Advanced,2025-09-13
3897,India,Content Creator,Beginner,2026-01-01
3898,Canada,Teacher,Expert,2025-10-31
3899,India,Student,Intermediate,2026-02-09
3900,Netherlands,Entrepreneur,Beginner,2025-07-24
3901,USA,Designer,Beginner,2025-12-08
3902,Pakistan,Data Analyst,Intermediate,2025-07-27
3903,Spain,Customer Support Specialist,Intermediate,2025-09-19
3904,Germany,Business Analyst,Beginner,2026-01-29
3905,France,Student,Beginner,2025-03-04
3906,Pakistan,Software Developer,Advanced,2025-09-12
3907,India,Student,Beginner,2025-03-10
3908,Singapore,Designer,Intermediate,2026-01-13
3909,Canada,Student,Beginner,2025-02-04
3910,UAE,Software Developer,Beginner,2025-01-14
3911,Australia,Data Analyst,Intermediate,2025-07-15
3912,United Kingdom,Student,Advanced,2025-06-17
3913,Germany,Content Creator,Advanced,2025-11-15
3914,India,Student,Intermediate,2026-01-25
3915,India,Customer Support Specialist,Advanced,2026-01-20
3916,USA,Software Developer,Beginner,2025-09-10
3917,India,Software Developer,Intermediate,2025-04-14
3918,Singapore,Researcher,Beginner,2025-09-12
3919,Pakistan,Designer,Advanced,2025-05-14
3920,Japan,Entrepreneur,Intermediate,2026-02-19
3921,Australia,Software Developer,Intermediate,2025-10-07
3922,India,Student,Intermediate,2026-01-27
3923,India,Software Developer,Beginner,2025-08-09
3924,USA,Software Developer,Beginner,2025-03-02
3925,India,Data Analyst,Expert,2025-06-11
3926,India,Software Developer,Intermediate,2025-08-15
3927,Singapore,Content Creator,Beginner,2025-01-17
3928,Canada,Researcher,Advanced,2025-12-04
3929,France,Business Analyst,Advanced,2025-06-05
3930,Canada,Student,Intermediate,2025-03-26
3931,Saudi Arabia,Software Developer,Expert,2025-03-10
3932,India,Designer,Advanced,2025-07-19
3933,India,Designer,Beginner,2025-02-26
3934,Pakistan,Data Analyst,Intermediate,2025-09-09
3935,Pakistan,Customer Support Specialist,Expert,2025-12-17
3936,USA,Researcher,Beginner,2025-08-29
3937,USA,Software Developer,Expert,2025-03-22
3938,Spain,Data Analyst,Beginner,2025-07-20
3939,India,Designer,Intermediate,2025-10-30
3940,India,Teacher,Intermediate,2025-11-12
3941,Netherlands,Content Creator,Intermediate,2026-01-28
3942,Saudi Arabia,Business Analyst,Beginner,2025-06-14
3943,Pakistan,Customer Support Specialist,Beginner,2025-10-30
3944,USA,Student,Advanced,2026-03-05
3945,UAE,Entrepreneur,Intermediate,2026-02-19
3946,USA,Marketing Specialist,Advanced,2025-01-14
3947,USA,Data Analyst,Beginner,2025-11-17
3948,Germany,Entrepreneur,Advanced,2025-02-19
3949,South Korea,Software Developer,Expert,2025-07-02
3950,Saudi Arabia,Student,Expert,2025-01-29
3951,India,Entrepreneur,Advanced,2025-05-07
3952,UAE,Marketing Specialist,Beginner,2025-06-09
3953,Canada,Student,Advanced,2025-12-19
3954,UAE,Entrepreneur,Beginner,2025-06-06
3955,Saudi Arabia,Customer Support Specialist,Advanced,2025-03-28
3956,USA,Software Developer,Beginner,2025-06-16
3957,Germany,Content Creator,Expert,2025-12-03
3958,Pakistan,Student,Intermediate,2025-10-18
3959,Japan,Customer Support Specialist,Advanced,2025-08-04
3960,Pakistan,Content Creator,Advanced,2025-12-23
3961,United Kingdom,Data Analyst,Beginner,2025-01-12
3962,USA,Researcher,Beginner,2025-07-13
3963,India,Data Scientist,Intermediate,2025-06-15
3964,Pakistan,Content Creator,Beginner,2026-02-18
3965,USA,Designer,Intermediate,2025-12-20
3966,India,Software Developer,Advanced,2025-06-22
3967,Australia,Software Developer,Beginner,2026-02-20
3968,Malaysia,Content Creator,Intermediate,2025-06-23
3969,Australia,Teacher,Advanced,2025-06-03
3970,United Kingdom,Student,Beginner,2025-08-12
3971,Netherlands,Marketing Specialist,Beginner,2025-11-22
3972,Netherlands,Entrepreneur,Expert,2026-02-08
3973,Singapore,Customer Support Specialist,Beginner,2026-03-12
3974,Japan,Business Analyst,Beginner,2025-05-28
3975,USA,Customer Support Specialist,Beginner,2025-06-02
3976,Singapore,Software Developer,Beginner,2025-07-25
3977,United Kingdom,Data Analyst,Advanced,2025-11-16
3978,Canada,Software Developer,Beginner,2025-02-17
3979,Pakistan,Data Analyst,Advanced,2025-10-24
3980,Pakistan,Software Developer,Intermediate,2025-06-22
3981,USA,Software Developer,Beginner,2025-10-18
3982,Singapore,Entrepreneur,Advanced,2025-09-01
3983,Pakistan,Data Scientist,Intermediate,2025-06-27
3984,Australia,Customer Support Specialist,Beginner,2025-11-30
3985,USA,Researcher,Advanced,2025-09-16
3986,Japan,Content Creator,Expert,2025-08-10
3987,Canada,Entrepreneur,Expert,2025-06-10
3988,Japan,Data Scientist,Beginner,2025-07-25
3989,Canada,Student,Advanced,2025-09-21
3990,USA,Data Scientist,Advanced,2026-01-26
3991,USA,Student,Intermediate,2025-01-10
3992,Germany,Data Analyst,Advanced,2025-09-22
3993,United Kingdom,Entrepreneur,Intermediate,2025-10-23
3994,India,Data Analyst,Beginner,2025-12-05
3995,Canada,Software Developer,Intermediate,2026-01-16
3996,Germany,Data Scientist,Beginner,2025-05-18
3997,UAE,Customer Support Specialist,Beginner,2025-09-30
3998,USA,Customer Support Specialist,Beginner,2026-03-13
3999,Malaysia,Software Developer,Advanced,2025-08-11
4000,India,Customer Support Specialist,Intermediate,2026-01-08
4001,France,Software Developer,Beginner,2025-09-25
4002,UAE,Designer,Expert,2025-08-25
4003,Pakistan,Business Analyst,Intermediate,2025-03-19
4004,Malaysia,Customer Support Specialist,Intermediate,2026-01-27
4005,Brazil,Business Analyst,Beginner,2025-08-11
4006,Germany,Software Developer,Advanced,2026-03-02
4007,USA,Software Developer,Intermediate,2025-11-21
4008,Canada,Business Analyst,Expert,2025-07-31
4009,United Kingdom,Software Developer,Advanced,2025-05-27
4010,Canada,Student,Intermediate,2025-05-12
4011,United Kingdom,Student,Advanced,2025-05-01
4012,Canada,Business Analyst,Intermediate,2025-02-28
4013,India,Business Analyst,Intermediate,2025-01-15
4014,India,Content Creator,Intermediate,2026-02-28
4015,Japan,Student,Advanced,2025-09-06
4016,USA,Student,Expert,2025-08-12
4017,Saudi Arabia,Data Analyst,Beginner,2025-01-19
4018,India,Content Creator,Advanced,2025-05-20
4019,UAE,Designer,Advanced,2025-05-13
4020,United Kingdom,Software Developer,Intermediate,2025-05-23
4021,Italy,Teacher,Intermediate,2025-04-01
4022,France,Customer Support Specialist,Intermediate,2025-01-22
4023,Pakistan,Customer Support Specialist,Advanced,2025-09-06
4024,India,Student,Intermediate,2025-01-29
4025,USA,Customer Support Specialist,Intermediate,2025-02-12
4026,Singapore,Data Analyst,Intermediate,2025-06-02
4027,USA,Teacher,Intermediate,2025-07-28
4028,Germany,Software Developer,Beginner,2025-12-10
4029,USA,Data Scientist,Intermediate,2025-02-16
4030,Canada,Marketing Specialist,Intermediate,2026-03-06
4031,India,Data Scientist,Beginner,2025-03-13
4032,Japan,Marketing Specialist,Beginner,2025-10-20
4033,USA,Business Analyst,Advanced,2025-03-03
4034,,Student,Beginner,2026-03-01
4035,Malaysia,Teacher,Intermediate,2026-02-01
4036,Japan,Teacher,Beginner,2025-05-09
4037,Pakistan,Data Analyst,Beginner,2025-02-16
4038,Australia,Data Scientist,Advanced,2025-03-04
4039,South Korea,Software Developer,Intermediate,2025-06-10
4040,Saudi Arabia,Teacher,Advanced,2025-10-27
4041,Pakistan,Student,Intermediate,2026-02-17
4042,Malaysia,Student,Expert,2025-05-01
4043,India,Customer Support Specialist,Advanced,2025-04-22
4044,United Kingdom,Marketing Specialist,Beginner,2025-03-31
4045,India,Software Developer,Beginner,2025-05-21
4046,Pakistan,Teacher,Intermediate,2025-05-11
4047,USA,Business Analyst,Intermediate,2025-01-29
4048,Italy,Content Creator,Beginner,2025-07-11
4049,,Content Creator,Beginner,2025-02-27
4050,USA,Software Developer,Beginner,2025-08-05
4051,Pakistan,Designer,Beginner,2025-05-07
4052,France,Marketing Specialist,Beginner,2026-02-06
4053,USA,Software Developer,Intermediate,2025-07-05
4054,USA,Student,Intermediate,2025-07-08
4055,Canada,Data Analyst,Intermediate,2025-01-11
4056,Germany,Business Analyst,Advanced,2025-11-07
4057,Canada,Student,Intermediate,2026-01-14
4058,Singapore,Software Developer,Expert,2025-01-28
4059,France,Content Creator,Beginner,2026-02-08
4060,Germany,Designer,Beginner,2025-05-10
4061,India,Entrepreneur,Intermediate,2025-06-08
4062,Pakistan,Software Developer,Advanced,2025-12-25
4063,Australia,Marketing Specialist,Intermediate,2026-02-20
4064,United Kingdom,Marketing Specialist,Beginner,2025-10-01
4065,Spain,Marketing Specialist,Intermediate,2025-08-15
4066,United Kingdom,Teacher,Beginner,2025-07-21
4067,India,Content Creator,Intermediate,2025-05-11
4068,Saudi Arabia,Software Developer,Advanced,2026-02-26
4069,USA,Software Developer,Advanced,2025-06-02
4070,Germany,Student,Beginner,2025-03-24
4071,Germany,Designer,Expert,2025-11-20
4072,South Korea,Content Creator,Intermediate,2026-02-20
4073,United Kingdom,Content Creator,Beginner,2025-07-28
4074,India,Software Developer,Beginner,2025-05-21
4075,India,Designer,Advanced,2026-02-26
4076,United Kingdom,Student,Beginner,2025-09-09
4077,Canada,Data Scientist,Intermediate,2025-07-31
4078,Malaysia,Software Developer,Beginner,2025-06-20
4079,United Kingdom,Customer Support Specialist,Advanced,2026-02-24
4080,Brazil,Student,Expert,2025-03-24
4081,USA,Software Developer,Advanced,2025-09-17
4082,Netherlands,Software Developer,Beginner,2025-08-04
4083,USA,Software Developer,Beginner,2026-02-21
4084,Malaysia,Content Creator,Advanced,2025-06-17
4085,UAE,Designer,Advanced,2025-01-15
4086,Germany,Student,Intermediate,2025-11-25
4087,Canada,Business Analyst,Expert,2025-11-19
4088,Pakistan,Teacher,Beginner,2025-11-25
4089,UAE,Student,Beginner,2025-07-25
4090,Pakistan,Marketing Specialist,Beginner,2025-06-06
4091,Netherlands,Software Developer,Expert,2025-02-12
4092,Australia,Student,Intermediate,2025-05-08
4093,UAE,Marketing Specialist,Advanced,2026-01-29
4094,Pakistan,Designer,Expert,2026-01-26
4095,India,Student,Beginner,2025-11-01
4096,UAE,Teacher,Beginner,2026-02-10
4097,USA,Software Developer,Intermediate,2025-08-20
4098,Pakistan,Customer Support Specialist,Intermediate,2026-01-12
4099,India,Entrepreneur,Intermediate,2025-03-30
4100,Germany,Software Developer,Intermediate,2026-02-28
4101,Spain,Marketing Specialist,Intermediate,2025-05-25
4102,Germany,Entrepreneur,Beginner,2025-08-01
4103,United Kingdom,Customer Support Specialist,Beginner,2025-07-21
4104,Australia,Marketing Specialist,Advanced,2026-03-04
4105,Pakistan,Student,Advanced,2025-04-25
4106,India,Student,Beginner,2025-01-12
4107,USA,Customer Support Specialist,Intermediate,2025-11-28
4108,Italy,Data Analyst,Intermediate,2025-04-28
4109,India,Teacher,Advanced,2025-08-25
4110,USA,Entrepreneur,Beginner,2025-12-26
4111,Germany,Customer Support Specialist,Advanced,2025-01-26
4112,Italy,Student,Beginner,2025-08-08
4113,India,Designer,Advanced,2025-03-18
4114,USA,Content Creator,Intermediate,2025-07-08
4115,Pakistan,Content Creator,Intermediate,2025-10-18
4116,Saudi Arabia,Data Analyst,Advanced,2026-01-03
4117,USA,Data Analyst,Advanced,2026-01-31
4118,Singapore,Data Scientist,Intermediate,2025-08-21
4119,Canada,Data Analyst,Advanced,2025-09-11
4120,UAE,Data Analyst,Intermediate,2026-01-01
4121,UAE,Student,Intermediate,2026-02-21
4122,USA,Marketing Specialist,Beginner,2025-05-28
4123,Japan,Student,Beginner,2025-07-15
4124,Japan,Software Developer,Intermediate,2025-04-16
4125,Pakistan,Data Scientist,Expert,2026-02-26
4126,UAE,Software Developer,Advanced,2025-12-13
4127,Canada,Entrepreneur,Intermediate,2025-04-03
4128,Canada,Designer,Intermediate,2025-03-16
4129,United Kingdom,Data Analyst,Advanced,2025-05-15
4130,United Kingdom,Customer Support Specialist,Beginner,2025-08-19
4131,France,Customer Support Specialist,Advanced,2025-07-09
4132,Singapore,Business Analyst,Intermediate,2025-11-28
4133,Germany,Data Analyst,Intermediate,2025-01-06
4134,India,Teacher,Intermediate,2025-06-15
4135,Pakistan,Data Scientist,Expert,2025-07-23
4136,USA,Software Developer,Beginner,2026-01-01
4137,Malaysia,Customer Support Specialist,Advanced,2025-08-05
4138,Brazil,Data Analyst,Expert,2025-05-12
4139,USA,Software Developer,Beginner,2025-10-13
4140,Canada,Teacher,Intermediate,2025-06-20
4141,Malaysia,Student,Beginner,2025-08-30
4142,United Kingdom,Content Creator,Advanced,2025-11-07
4143,United Kingdom,Marketing Specialist,Beginner,2026-02-15
4144,France,Customer Support Specialist,Beginner,2026-01-19
4145,Brazil,Marketing Specialist,Beginner,2025-01-03
4146,,Designer,Intermediate,2025-11-14
4147,India,Data Scientist,Advanced,2025-07-22
4148,Germany,Entrepreneur,Beginner,2025-03-09
4149,USA,Software Developer,Intermediate,2025-10-14
4150,South Korea,Researcher,Intermediate,2025-04-02
4151,Singapore,Teacher,Beginner,2025-09-15
4152,Saudi Arabia,Data Scientist,Beginner,2025-06-23
4153,India,Student,Intermediate,2025-03-09
4154,India,Data Analyst,Advanced,2025-12-30
4155,South Korea,Teacher,Beginner,2025-03-14
4156,India,Data Analyst,Beginner,2025-06-10
4157,Canada,Marketing Specialist,Advanced,2025-03-07
4158,France,Data Scientist,Intermediate,2026-03-04
4159,France,Student,Beginner,2025-07-04
4160,Pakistan,Data Scientist,Beginner,2025-05-25
4161,Japan,Business Analyst,Beginner,2025-05-15
4162,USA,Researcher,Beginner,2026-01-25
4163,Pakistan,Software Developer,Beginner,2025-09-22
4164,Saudi Arabia,Teacher,Beginner,2025-03-26
4165,Pakistan,Software Developer,Beginner,2025-09-09
4166,South Korea,Content Creator,Intermediate,2025-03-19
4167,UAE,Business Analyst,Advanced,2025-12-03
4168,USA,Data Analyst,Advanced,2025-08-14
4169,Pakistan,Customer Support Specialist,Advanced,2025-03-18
4170,Italy,Data Analyst,Advanced,2025-04-04
4171,India,Customer Support Specialist,Beginner,2025-05-14
4172,Canada,Teacher,Intermediate,2025-08-28
4173,United Kingdom,Customer Support Specialist,Intermediate,2025-09-11
4174,Germany,Software Developer,Advanced,2025-07-02
4175,France,Student,Beginner,2025-10-15
4176,Germany,Software Developer,Beginner,2025-09-10
4177,Germany,Data Analyst,Beginner,2026-01-04
4178,France,Software Developer,Intermediate,2025-03-05
4179,USA,Marketing Specialist,Advanced,2025-04-15
4180,Australia,Data Scientist,Beginner,2025-04-03
4181,USA,Student,Expert,2026-01-19
4182,India,Data Scientist,Beginner,2025-05-20
4183,Germany,Content Creator,Intermediate,2025-12-06
4184,Singapore,Designer,Beginner,2025-10-26
4185,India,Content Creator,Intermediate,2025-01-03
4186,Canada,Content Creator,Intermediate,2025-10-20
4187,Brazil,Marketing Specialist,Advanced,2025-02-09
4188,India,Content Creator,Expert,2025-09-13
4189,Pakistan,Teacher,Advanced,2025-06-18
4190,USA,Marketing Specialist,Beginner,2025-12-15
4191,Italy,Business Analyst,Beginner,2025-03-04
4192,USA,Marketing Specialist,Intermediate,2025-10-30
4193,USA,Marketing Specialist,Intermediate,2025-02-24
4194,USA,Teacher,Expert,2025-03-20
4195,UAE,Business Analyst,Beginner,2025-08-24
4196,India,Data Analyst,Advanced,2025-12-04
4197,Spain,Researcher,Advanced,2025-11-18
4198,Germany,Student,Intermediate,2025-11-01
4199,USA,Software Developer,Advanced,2025-06-18
4200,United Kingdom,Marketing Specialist,Intermediate,2025-12-02
4201,India,Designer,Intermediate,2025-08-20
4202,Pakistan,Business Analyst,Intermediate,2026-01-10
4203,Germany,Entrepreneur,Advanced,2026-02-13
4204,Brazil,Data Scientist,Beginner,2025-04-19
4205,India,Data Scientist,Expert,2026-02-15
4206,France,Software Developer,Beginner,2025-06-15
4207,USA,Content Creator,Advanced,2026-01-16
4208,Singapore,Customer Support Specialist,Beginner,2025-11-05
4209,India,Data Scientist,Intermediate,2025-07-24
4210,Netherlands,Marketing Specialist,Advanced,2025-05-03
4211,United Kingdom,Software Developer,Beginner,2025-07-24
4212,Canada,Researcher,Beginner,2026-03-13
4213,Australia,Business Analyst,Intermediate,2025-07-18
4214,UAE,Student,Advanced,2025-05-26
4215,UAE,Customer Support Specialist,Intermediate,2025-12-01
4216,Pakistan,Data Analyst,Beginner,2025-06-02
4217,Australia,Entrepreneur,Intermediate,2025-08-10
4218,USA,Data Scientist,Intermediate,2025-06-08
4219,India,Data Analyst,Advanced,2025-11-05
4220,USA,Designer,Advanced,2025-12-07
4221,India,Marketing Specialist,Advanced,2025-07-08
4222,France,Student,Intermediate,2025-09-08
4223,Japan,Teacher,Intermediate,2025-07-18
4224,USA,Software Developer,Beginner,2025-10-16
4225,Germany,Software Developer,Intermediate,2025-02-16
4226,UAE,Data Scientist,Advanced,2026-02-20
4227,UAE,Data Scientist,Advanced,2025-04-06
4228,UAE,Student,Beginner,2025-08-07
4229,Canada,Entrepreneur,Intermediate,2025-09-20
4230,USA,Content Creator,Intermediate,2025-08-26
4231,Germany,Researcher,Intermediate,2025-11-28
4232,Saudi Arabia,Researcher,Intermediate,2025-03-21
4233,USA,Business Analyst,Expert,2025-09-27
4234,USA,Designer,Beginner,2025-09-26
4235,UAE,Researcher,Beginner,2025-08-28
4236,Singapore,Data Analyst,Advanced,2026-02-15
4237,United Kingdom,Student,Beginner,2025-03-18
4238,USA,Content Creator,Intermediate,2025-12-17
4239,USA,Software Developer,Beginner,2026-03-07
4240,UAE,Researcher,Beginner,2025-08-07
4241,Canada,Software Developer,Expert,2025-01-25
4242,Brazil,Researcher,Expert,2025-01-24
4243,Saudi Arabia,Business Analyst,Intermediate,2025-09-19
4244,India,Data Analyst,Intermediate,2025-02-18
4245,Germany,Data Analyst,Beginner,2026-01-04
4246,United Kingdom,Data Analyst,Intermediate,2025-05-10
4247,Netherlands,Teacher,Advanced,2025-10-27
4248,Germany,Designer,Beginner,2025-09-15
4249,Brazil,Data Scientist,Beginner,2026-01-15
4250,UAE,Data Analyst,Intermediate,2025-04-02
4251,USA,Software Developer,Beginner,2026-03-08
4252,USA,Content Creator,Advanced,2025-02-12
4253,Pakistan,Business Analyst,Beginner,2025-12-27
4254,India,Data Analyst,Intermediate,2025-10-28
4255,Pakistan,Marketing Specialist,Advanced,2026-01-23
4256,Canada,Content Creator,Expert,2025-11-16
4257,India,Student,Advanced,2025-06-24
4258,Germany,Data Analyst,Intermediate,2026-02-19
4259,United Kingdom,Student,Beginner,2025-04-05
4260,Netherlands,Teacher,Intermediate,2025-11-06
4261,France,Entrepreneur,Beginner,2025-12-11
4262,India,Marketing Specialist,Advanced,2025-10-01
4263,USA,Customer Support Specialist,Intermediate,2025-07-22
4264,Pakistan,Data Scientist,Beginner,2025-03-29
4265,Saudi Arabia,Customer Support Specialist,Intermediate,2025-08-24
4266,Italy,Business Analyst,Intermediate,2025-12-03
4267,France,Student,Intermediate,2025-11-05
4268,USA,Researcher,Beginner,2025-06-05
4269,Saudi Arabia,Business Analyst,Beginner,2025-11-12
4270,India,Designer,Intermediate,2025-12-11
4271,India,Marketing Specialist,Beginner,2025-12-12
4272,USA,Software Developer,Beginner,2025-06-04
4273,Saudi Arabia,Customer Support Specialist,Intermediate,2025-03-11
4274,Canada,Data Analyst,Intermediate,2025-02-27
4275,USA,Marketing Specialist,Expert,2025-12-23
4276,India,Teacher,Beginner,2025-01-14
4277,Pakistan,Software Developer,Intermediate,2025-11-29
4278,USA,Student,Intermediate,2025-05-04
4279,India,Content Creator,Expert,2025-11-17
4280,Pakistan,Data Analyst,Beginner,2025-10-03
4281,Singapore,Marketing Specialist,Intermediate,2025-06-04
4282,USA,Student,Beginner,2025-03-17
4283,Spain,Entrepreneur,Beginner,2025-01-12
4284,Canada,Data Analyst,Intermediate,2025-03-20
4285,Singapore,Designer,Intermediate,2025-08-16
4286,India,Teacher,Intermediate,2025-08-30
4287,United Kingdom,Data Analyst,Intermediate,2025-08-19
4288,Italy,Designer,Intermediate,2025-04-14
4289,Canada,Teacher,Intermediate,2026-03-01
4290,USA,Marketing Specialist,Advanced,2025-01-27
4291,Australia,Entrepreneur,Intermediate,2025-02-22
4292,USA,Customer Support Specialist,Intermediate,2026-01-01
4293,Germany,Content Creator,Intermediate,2025-08-01
4294,India,Teacher,Advanced,2026-01-13
4295,Canada,Designer,Beginner,2026-01-10
4296,USA,Student,Intermediate,2025-05-29
4297,Italy,Teacher,Advanced,2025-07-24
4298,Canada,Data Analyst,Expert,2025-10-30
4299,Pakistan,Software Developer,Intermediate,2025-12-14
4300,Singapore,Entrepreneur,Beginner,2025-09-07
4301,Brazil,Data Scientist,Beginner,2025-02-01
4302,Japan,Business Analyst,Intermediate,2025-08-05
4303,Canada,Business Analyst,Advanced,2025-10-11
4304,Brazil,Marketing Specialist,Expert,2025-11-28
4305,South Korea,Software Developer,Advanced,2025-08-31
4306,United Kingdom,Student,Intermediate,2025-11-15
4307,USA,Designer,Advanced,2025-06-27
4308,India,Student,Expert,2025-08-12
4309,Pakistan,Student,Intermediate,2025-05-28
4310,Canada,Content Creator,Advanced,2025-08-29
4311,United Kingdom,Business Analyst,Intermediate,2025-04-29
4312,Pakistan,Content Creator,Advanced,2025-10-28
4313,Canada,Software Developer,Beginner,2025-06-23
4314,India,Data Scientist,Advanced,2026-03-13
4315,USA,Teacher,Beginner,2025-12-03
4316,India,Designer,Beginner,2025-05-31
4317,Brazil,Software Developer,Intermediate,2025-07-19
4318,Japan,Marketing Specialist,Beginner,2026-03-03
4319,Pakistan,Researcher,Expert,2025-12-01
4320,Brazil,Student,Expert,2026-02-12
4321,USA,Software Developer,Advanced,2026-03-09
4322,,Software Developer,Beginner,2025-04-17
4323,Pakistan,Researcher,Intermediate,2026-01-19
4324,India,Designer,Expert,2025-09-05
4325,Saudi Arabia,Student,Expert,2025-04-13
4326,Australia,Software Developer,Beginner,2025-09-09
4327,USA,Researcher,Beginner,2025-08-01
4328,Canada,Software Developer,Expert,2025-09-10
4329,Pakistan,Entrepreneur,Expert,2025-04-18
4330,USA,Student,Beginner,2025-01-10
4331,Brazil,Designer,Beginner,2025-05-14
4332,USA,Student,Expert,2025-03-23
4333,Australia,Business Analyst,Intermediate,2025-09-15
4334,USA,Customer Support Specialist,Beginner,2025-02-02
4335,Spain,Student,Beginner,2025-02-28
4336,France,Customer Support Specialist,Expert,2025-03-03
4337,USA,Data Analyst,Intermediate,2025-09-07
4338,Germany,Researcher,Beginner,2025-06-24
4339,Italy,Content Creator,Advanced,2026-01-29
4340,Canada,Student,Expert,2025-10-13
4341,,Business Analyst,Expert,2025-03-19
4342,France,Marketing Specialist,Beginner,2025-09-21
4343,USA,Data Analyst,Beginner,2025-02-23
4344,India,Data Scientist,Intermediate,2025-08-13
4345,Pakistan,Software Developer,Beginner,2026-03-07
4346,France,Designer,Intermediate,2025-02-24
4347,Germany,Business Analyst,Intermediate,2025-11-09
4348,France,Customer Support Specialist,Advanced,2025-02-22
4349,Pakistan,Content Creator,Beginner,2025-01-22
4350,Canada,Customer Support Specialist,Intermediate,2025-03-27
4351,Netherlands,Student,Expert,2025-04-16
4352,Canada,Software Developer,Intermediate,2025-03-22
4353,India,Software Developer,Advanced,2025-12-29
4354,,Teacher,Beginner,2025-09-17
4355,India,Customer Support Specialist,Intermediate,2025-02-20
4356,Germany,Marketing Specialist,Intermediate,2025-07-06
4357,Netherlands,Content Creator,Intermediate,2025-03-12
4358,Singapore,Data Analyst,Intermediate,2025-04-14
4359,Italy,Content Creator,Advanced,2025-08-01
4360,France,Business Analyst,Expert,2025-01-04
4361,India,Data Analyst,Intermediate,2026-02-19
4362,Australia,Data Analyst,Beginner,2025-05-27
4363,Pakistan,Customer Support Specialist,Advanced,2025-02-13
4364,Pakistan,Data Analyst,Intermediate,2026-01-02
4365,USA,Software Developer,Expert,2025-07-04
4366,South Korea,Data Analyst,Beginner,2025-05-06
4367,India,Student,Beginner,2026-01-21
4368,India,Data Analyst,Advanced,2026-02-08
4369,Australia,Content Creator,Intermediate,2026-02-15
4370,Brazil,Customer Support Specialist,Beginner,2025-07-29
4371,India,Designer,Beginner,2026-03-13
4372,United Kingdom,Marketing Specialist,Intermediate,2025-12-16
4373,Pakistan,Marketing Specialist,Expert,2025-01-16
4374,India,Content Creator,Beginner,2026-01-30
4375,USA,Marketing Specialist,Beginner,2026-02-17
4376,USA,Data Analyst,Intermediate,2025-02-05
4377,Australia,Data Analyst,Advanced,2025-06-11
4378,India,Marketing Specialist,Intermediate,2026-01-31
4379,France,Customer Support Specialist,Expert,2025-02-01
4380,USA,Entrepreneur,Beginner,2025-01-19
4381,Italy,Data Scientist,Intermediate,2025-11-25
4382,USA,Software Developer,Advanced,2025-10-22
4383,Spain,Marketing Specialist,Advanced,2025-11-20
4384,UAE,Data Scientist,Beginner,2026-02-14
4385,USA,Student,Beginner,2025-09-24
4386,USA,Data Analyst,Beginner,2025-08-03
4387,Netherlands,Data Analyst,Intermediate,2025-12-15
4388,Germany,Marketing Specialist,Beginner,2025-06-05
4389,India,Software Developer,Intermediate,2025-06-10
4390,India,Marketing Specialist,Advanced,2025-01-05
4391,Canada,Student,Intermediate,2025-09-28
4392,Japan,Data Analyst,Advanced,2025-03-17
4393,UAE,Student,Beginner,2025-08-17
4394,United Kingdom,Software Developer,Beginner,2025-10-06
4395,USA,Data Analyst,Intermediate,2025-11-13
4396,Japan,Data Analyst,Expert,2025-12-24
4397,Italy,Customer Support Specialist,Advanced,2026-02-20
4398,Pakistan,Software Developer,Intermediate,2025-07-27
4399,Canada,Business Analyst,Expert,2025-06-04
4400,United Kingdom,Student,Beginner,2025-10-03
4401,USA,Designer,Intermediate,2026-01-07
4402,Japan,Designer,Expert,2025-03-06
4403,Germany,Business Analyst,Beginner,2025-10-04
4404,Singapore,Content Creator,Beginner,2025-02-17
4405,India,Entrepreneur,Beginner,2025-06-09
4406,United Kingdom,Student,Advanced,2026-01-23
4407,Japan,Student,Intermediate,2025-01-12
4408,South Korea,Teacher,Advanced,2026-02-12
4409,United Kingdom,Data Analyst,Intermediate,2025-05-13
4410,Australia,Software Developer,Beginner,2026-02-01
4411,USA,Student,Advanced,2025-08-05
4412,USA,Content Creator,Expert,2025-02-26
4413,India,Researcher,Expert,2026-03-07
4414,Italy,Data Analyst,Beginner,2025-11-18
4415,USA,Researcher,Advanced,2025-03-05
4416,France,Student,Beginner,2025-11-30
4417,Germany,Designer,Advanced,2025-08-18
4418,United Kingdom,Student,Beginner,2026-01-13
4419,India,Data Scientist,Beginner,2025-06-23
4420,Pakistan,Software Developer,Beginner,2026-02-17
4421,UAE,Student,Advanced,2025-10-25
4422,Australia,Marketing Specialist,Expert,2025-11-18
4423,USA,Researcher,Expert,2026-03-09
4424,Singapore,Data Analyst,Intermediate,2025-06-29
4425,USA,Marketing Specialist,Advanced,2025-12-08
4426,India,Designer,Advanced,2026-01-02
4427,Pakistan,Business Analyst,Advanced,2025-03-13
4428,USA,Content Creator,Beginner,2025-09-24
4429,Canada,Customer Support Specialist,Advanced,2025-02-23
4430,Pakistan,Data Scientist,Beginner,2025-10-26
4431,Canada,Software Developer,Intermediate,2026-02-03
4432,USA,Student,Beginner,2025-02-20
4433,Malaysia,Researcher,Intermediate,2025-08-06
4434,USA,Designer,Beginner,2025-02-11
4435,Canada,Business Analyst,Intermediate,2025-08-06
4436,Germany,Marketing Specialist,Expert,2025-09-01
4437,Spain,Designer,Intermediate,2025-02-09
4438,United Kingdom,Data Analyst,Intermediate,2025-09-27
4439,United Kingdom,Software Developer,Beginner,2025-10-14
4440,United Kingdom,Entrepreneur,Intermediate,2025-07-22
4441,France,Student,Intermediate,2025-10-27
4442,United Kingdom,Content Creator,Beginner,2025-08-05
4443,United Kingdom,Data Scientist,Intermediate,2025-12-19
4444,Italy,Data Analyst,Intermediate,2025-09-08
4445,United Kingdom,Business Analyst,Intermediate,2025-08-02
4446,UAE,Business Analyst,Intermediate,2025-03-15
4447,Pakistan,Student,Advanced,2025-09-06
4448,USA,Data Scientist,Advanced,2025-03-08
4449,Canada,Student,Intermediate,2025-09-20
4450,India,Student,Intermediate,2025-03-02
4451,Brazil,Data Scientist,Advanced,2025-08-22
4452,France,Software Developer,Advanced,2026-01-18
4453,USA,Customer Support Specialist,Advanced,2025-10-14
4454,India,Data Scientist,Intermediate,2025-03-02
4455,Pakistan,Student,Intermediate,2025-07-29
4456,Germany,Data Analyst,Advanced,2025-07-09
4457,Saudi Arabia,Designer,Advanced,2025-01-21
4458,India,Software Developer,Intermediate,2025-03-02
4459,United Kingdom,Marketing Specialist,Advanced,2025-07-11
4460,Italy,Content Creator,Advanced,2025-09-06
4461,USA,Data Analyst,Advanced,2025-03-15
4462,United Kingdom,Student,Intermediate,2025-10-29
4463,Germany,Data Analyst,Intermediate,2025-06-06
4464,USA,Software Developer,Intermediate,2025-04-21
4465,India,Entrepreneur,Beginner,2026-01-14
4466,USA,Marketing Specialist,Intermediate,2025-03-04
4467,USA,Software Developer,Expert,2025-02-04
4468,France,Student,Intermediate,2025-08-02
4469,India,Student,Intermediate,2025-06-08
4470,Brazil,Data Analyst,Advanced,2025-06-22
4471,USA,Data Analyst,Beginner,2025-09-01
4472,USA,Entrepreneur,Intermediate,2026-03-03
4473,USA,Customer Support Specialist,Advanced,2026-01-26
4474,UAE,Customer Support Specialist,Beginner,2025-11-22
4475,Japan,Content Creator,Advanced,2025-08-19
4476,Saudi Arabia,Student,Advanced,2025-03-18
4477,India,Student,Beginner,2025-06-16
4478,Spain,Data Scientist,Intermediate,2025-11-16
4479,Pakistan,Customer Support Specialist,Intermediate,2025-07-29
4480,UAE,Business Analyst,Intermediate,2025-07-22
4481,Pakistan,Teacher,Expert,2025-01-24
4482,UAE,Data Analyst,Advanced,2025-08-15
4483,Pakistan,Marketing Specialist,Advanced,2025-11-27
4484,India,Teacher,Intermediate,2025-03-26
4485,Brazil,Data Analyst,Intermediate,2025-10-20
4486,Japan,Software Developer,Beginner,2026-01-31
4487,South Korea,Data Scientist,Expert,2025-10-15
4488,India,Student,Advanced,2025-11-26
4489,France,Marketing Specialist,Intermediate,2025-04-09
4490,Japan,Data Analyst,Intermediate,2025-10-05
4491,USA,Marketing Specialist,Beginner,2025-01-28
4492,Pakistan,Designer,Beginner,2025-09-25
4493,USA,Content Creator,Intermediate,2025-09-01
4494,Singapore,Researcher,Beginner,2025-01-10
4495,Germany,Software Developer,Advanced,2025-09-30
4496,South Korea,Designer,Advanced,2025-01-10
4497,India,Student,Advanced,2025-04-16
4498,USA,Data Scientist,Intermediate,2025-12-28
4499,Australia,Student,Expert,2025-10-24
4500,USA,Student,Advanced,2026-02-18
4501,India,Content Creator,Beginner,2025-06-14
4502,USA,Software Developer,Expert,2025-01-24
4503,Canada,Teacher,Intermediate,2025-01-12
4504,Germany,Designer,Expert,2025-04-03
4505,UAE,Researcher,Beginner,2025-09-28
4506,Canada,Student,Expert,2025-05-12
4507,India,Data Scientist,Intermediate,2025-02-20
4508,India,Software Developer,Advanced,2025-05-27
4509,Canada,Business Analyst,Advanced,2025-05-11
4510,India,Marketing Specialist,Beginner,2025-03-20
4511,Netherlands,Student,Intermediate,2025-07-28
4512,India,Student,Beginner,2025-01-31
4513,Pakistan,Teacher,Advanced,2025-06-16
4514,India,Student,Advanced,2026-01-01
4515,USA,Entrepreneur,Beginner,2025-07-19
4516,France,Marketing Specialist,Intermediate,2025-03-14
4517,Singapore,Software Developer,Intermediate,2025-06-15
4518,Canada,Business Analyst,Beginner,2026-02-28
4519,Saudi Arabia,Student,Beginner,2025-01-27
4520,UAE,Software Developer,Intermediate,2026-01-21
4521,USA,Student,Intermediate,2025-05-02
4522,Canada,Student,Intermediate,2026-01-21
4523,India,Student,Expert,2025-02-28
4524,Singapore,Data Analyst,Beginner,2025-06-12
4525,Spain,Designer,Intermediate,2025-07-28
4526,Saudi Arabia,Student,Intermediate,2025-01-15
4527,Italy,Content Creator,Beginner,2025-04-30
4528,USA,Data Analyst,Advanced,2025-01-10
4529,India,Software Developer,Expert,2025-10-28
4530,USA,Software Developer,Beginner,2025-05-07
4531,India,Student,Expert,2025-11-30
4532,Singapore,Student,Intermediate,2025-06-05
4533,Canada,Data Scientist,Beginner,2025-08-17
4534,Spain,Data Analyst,Beginner,2025-11-22
4535,United Kingdom,Designer,Beginner,2026-02-05
4536,USA,Student,Advanced,2025-07-11
4537,India,Student,Intermediate,2025-03-28
4538,Brazil,Student,Beginner,2025-10-03
4539,United Kingdom,Teacher,Beginner,2025-10-12
4540,Pakistan,Software Developer,Beginner,2025-01-01
4541,United Kingdom,Data Scientist,Advanced,2026-03-01
4542,Germany,Student,Intermediate,2025-12-01
4543,United Kingdom,Software Developer,Advanced,2025-01-01
4544,South Korea,Data Analyst,Beginner,2025-09-04
4545,USA,Content Creator,Advanced,2025-05-09
4546,Japan,Teacher,Intermediate,2025-07-14
4547,Germany,Content Creator,Intermediate,2026-03-08
4548,United Kingdom,Content Creator,Intermediate,2025-10-27
4549,France,Marketing Specialist,Advanced,2025-05-25
4550,France,Designer,Advanced,2026-01-14
4551,United Kingdom,Data Scientist,Beginner,2025-02-05
4552,Canada,Marketing Specialist,Expert,2025-07-22
4553,Pakistan,Student,Beginner,2026-03-02
4554,USA,Teacher,Beginner,2025-10-12
4555,Germany,Content Creator,Intermediate,2025-08-10
4556,Singapore,Student,Beginner,2025-09-16
4557,Brazil,Business Analyst,Beginner,2025-06-12
4558,USA,Software Developer,Beginner,2025-06-25
4559,Malaysia,Marketing Specialist,Intermediate,2026-01-21
4560,Brazil,Student,Intermediate,2025-05-20
4561,Spain,Business Analyst,Advanced,2025-06-14
4562,Canada,Teacher,Beginner,2025-08-24
4563,Canada,Customer Support Specialist,Beginner,2025-06-18
4564,Saudi Arabia,Designer,Beginner,2025-12-21
4565,UAE,Data Analyst,Intermediate,2025-01-02
4566,USA,Customer Support Specialist,Beginner,2025-01-03
4567,India,Software Developer,Expert,2025-12-11
4568,Australia,Teacher,Intermediate,2025-10-12
4569,United Kingdom,Software Developer,Intermediate,2025-12-27
4570,India,Customer Support Specialist,Advanced,2025-07-21
4571,Pakistan,Data Analyst,Advanced,2026-02-08
4572,USA,Data Analyst,Beginner,2025-11-30
4573,Canada,Teacher,Intermediate,2025-01-16
4574,USA,Student,Advanced,2026-02-22
4575,India,Data Analyst,Expert,2025-12-11
4576,Italy,Customer Support Specialist,Advanced,2026-02-21
4577,India,Data Analyst,Intermediate,2025-11-04
4578,India,Customer Support Specialist,Advanced,2025-04-01
4579,Australia,Data Analyst,Expert,2026-02-20
4580,Japan,Data Analyst,Advanced,2025-01-05
4581,India,Software Developer,Advanced,2025-07-09
4582,France,Software Developer,Intermediate,2025-08-16
4583,South Korea,Content Creator,Advanced,2026-01-16
4584,India,Software Developer,Beginner,2025-05-24
4585,India,Data Analyst,Beginner,2025-12-30
4586,Canada,Student,Advanced,2025-02-16
4587,India,Student,Beginner,2025-11-17
4588,United Kingdom,Software Developer,Expert,2026-01-03
4589,Saudi Arabia,Designer,Beginner,2025-09-10
4590,Germany,Teacher,Beginner,2025-01-19
4591,Canada,Business Analyst,Advanced,2025-12-27
4592,Saudi Arabia,Business Analyst,Expert,2025-04-18
4593,Pakistan,Marketing Specialist,Advanced,2026-02-25
4594,Australia,Customer Support Specialist,Beginner,2025-02-26
4595,Pakistan,Data Scientist,Beginner,2025-10-19
4596,India,Researcher,Beginner,2025-03-29
4597,UAE,Researcher,Beginner,2025-12-04
4598,India,Content Creator,Advanced,2025-12-11
4599,Singapore,Business Analyst,Expert,2025-10-17
4600,Germany,Entrepreneur,Advanced,2025-10-29
4601,Brazil,Software Developer,Expert,2025-02-03
4602,United Kingdom,Teacher,Beginner,2025-10-19
4603,Pakistan,Data Scientist,Beginner,2025-09-25
4604,USA,Teacher,Beginner,2025-05-21
4605,India,Data Analyst,Intermediate,2025-12-14
4606,India,Data Scientist,Intermediate,2025-12-21
4607,France,Software Developer,Beginner,2025-11-11
4608,India,Customer Support Specialist,Intermediate,2025-10-14
4609,Germany,Data Scientist,Intermediate,2025-01-02
4610,USA,Software Developer,Intermediate,2025-11-25
4611,Pakistan,Software Developer,Advanced,2025-11-29
4612,South Korea,Student,Intermediate,2025-06-15
4613,Italy,Business Analyst,Intermediate,2025-07-28
4614,Australia,Software Developer,Intermediate,2025-12-15
4615,India,Data Analyst,Intermediate,2025-09-11
4616,USA,Researcher,Intermediate,2026-01-24
4617,Canada,Data Analyst,Beginner,2026-01-05
4618,Germany,Customer Support Specialist,Beginner,2025-05-23
4619,India,Business Analyst,Beginner,2025-09-30
4620,Singapore,Designer,Intermediate,2025-01-03
4621,India,Data Scientist,Intermediate,2025-06-21
4622,Brazil,Researcher,Advanced,2025-10-20
4623,Saudi Arabia,Data Scientist,Intermediate,2026-01-13
4624,United Kingdom,Teacher,Intermediate,2025-12-20
4625,France,Entrepreneur,Intermediate,2025-02-08
4626,USA,Designer,Intermediate,2025-04-11
4627,France,Customer Support Specialist,Intermediate,2025-06-09
4628,United Kingdom,Content Creator,Beginner,2025-11-17
4629,India,Entrepreneur,Advanced,2025-09-03
4630,USA,Data Analyst,Advanced,2025-01-13
4631,UAE,Business Analyst,Beginner,2025-11-17
4632,Spain,Marketing Specialist,Advanced,2026-03-07
4633,Germany,Software Developer,Expert,2025-02-25
4634,USA,Data Scientist,Advanced,2025-06-24
4635,Germany,Business Analyst,Intermediate,2026-02-25
4636,Pakistan,Entrepreneur,Beginner,2026-02-11
4637,Singapore,Data Analyst,Advanced,2025-02-07
4638,USA,Marketing Specialist,Advanced,2025-11-14
4639,United Kingdom,Teacher,Advanced,2025-02-18
4640,Australia,Entrepreneur,Intermediate,2025-10-24
4641,USA,Software Developer,Beginner,2025-02-01
4642,USA,Marketing Specialist,Beginner,2025-07-13
4643,USA,Software Developer,Advanced,2026-03-11
4644,Germany,Student,Advanced,2026-02-05
4645,USA,Customer Support Specialist,Intermediate,2026-02-15
4646,India,Content Creator,Advanced,2025-06-04
4647,Pakistan,Business Analyst,Beginner,2025-08-10
4648,India,Software Developer,Beginner,2025-12-13
4649,India,Entrepreneur,Beginner,2025-01-27
4650,Pakistan,Designer,Advanced,2025-07-15
4651,South Korea,Teacher,Expert,2025-11-13
4652,Saudi Arabia,Customer Support Specialist,Advanced,2025-04-30
4653,USA,Student,Intermediate,2026-02-08
4654,Pakistan,Data Scientist,Intermediate,2025-01-06
4655,Spain,Software Developer,Advanced,2025-08-26
4656,Australia,Customer Support Specialist,Expert,2025-11-14
4657,UAE,Designer,Beginner,2025-06-23
4658,Canada,Teacher,Advanced,2025-12-12
4659,Saudi Arabia,Data Analyst,Intermediate,2025-08-21
4660,Pakistan,Software Developer,Beginner,2025-10-28
4661,USA,Business Analyst,Beginner,2025-02-22
4662,India,Customer Support Specialist,Intermediate,2026-01-01
4663,USA,Data Scientist,Beginner,2026-02-09
4664,USA,Software Developer,Intermediate,2025-10-21
4665,India,Student,Advanced,2025-09-18
4666,Pakistan,Entrepreneur,Intermediate,2025-08-04
4667,Pakistan,Teacher,Beginner,2025-11-14
4668,USA,Content Creator,Intermediate,2025-05-05
4669,Saudi Arabia,Entrepreneur,Intermediate,2025-01-23
4670,Germany,Designer,Expert,2025-06-09
4671,Japan,Entrepreneur,Beginner,2025-09-20
4672,UAE,Data Scientist,Beginner,2026-01-22
4673,Spain,Software Developer,Expert,2025-10-26
4674,,Business Analyst,Beginner,2026-02-02
4675,Pakistan,Data Analyst,Intermediate,2025-08-29
4676,Pakistan,Content Creator,Beginner,2025-06-25
4677,USA,Software Developer,Intermediate,2025-01-05
4678,Saudi Arabia,Entrepreneur,Beginner,2025-12-03
4679,Canada,Teacher,Beginner,2025-01-30
4680,Pakistan,Designer,Beginner,2026-02-24
4681,USA,Data Analyst,Intermediate,2025-01-28
4682,USA,Data Analyst,Intermediate,2025-04-11
4683,USA,Data Analyst,Expert,2025-11-24
4684,USA,Content Creator,Intermediate,2026-02-07
4685,France,Marketing Specialist,Beginner,2025-04-07
4686,Japan,Designer,Advanced,2025-12-22
4687,Pakistan,Customer Support Specialist,Advanced,2025-08-28
4688,Italy,Designer,Intermediate,2025-06-19
4689,UAE,Entrepreneur,Expert,2025-10-17
4690,India,Teacher,Beginner,2025-11-12
4691,Canada,Data Analyst,Intermediate,2025-06-18
4692,Spain,Data Analyst,Intermediate,2025-08-21
4693,Germany,Software Developer,Intermediate,2025-01-22
4694,Canada,Data Analyst,Advanced,2025-01-02
4695,Malaysia,Data Analyst,Beginner,2025-12-21
4696,United Kingdom,Teacher,Beginner,2025-11-16
4697,USA,Marketing Specialist,Expert,2025-09-04
4698,Pakistan,Student,Expert,2026-02-22
4699,Australia,Researcher,Intermediate,2026-01-14
4700,Malaysia,Content Creator,Advanced,2025-07-24
4701,,Researcher,Beginner,2025-01-04
4702,India,Teacher,Beginner,2025-02-07
4703,Canada,Data Scientist,Advanced,2025-10-12
4704,USA,Business Analyst,Intermediate,2025-05-29
4705,India,Marketing Specialist,Beginner,2025-11-20
4706,India,Student,Beginner,2026-01-27
4707,South Korea,Software Developer,Advanced,2025-01-16
4708,Pakistan,Content Creator,Intermediate,2025-05-26
4709,France,Researcher,Advanced,2025-05-15
4710,USA,Content Creator,Beginner,2025-06-23
4711,USA,Student,Intermediate,2025-05-06
4712,United Kingdom,Researcher,Intermediate,2025-01-12
4713,India,Software Developer,Advanced,2025-05-15
4714,Canada,Student,Advanced,2025-01-11
4715,Canada,Student,Intermediate,2025-03-12
4716,Germany,Content Creator,Beginner,2026-02-08
4717,USA,Data Analyst,Intermediate,2025-06-23
4718,Singapore,Student,Beginner,2025-06-06
4719,UAE,Business Analyst,Advanced,2025-07-09
4720,Germany,Business Analyst,Beginner,2025-12-05
4721,USA,Software Developer,Advanced,2025-09-27
4722,USA,Designer,Intermediate,2025-11-16
4723,India,Business Analyst,Beginner,2025-12-31
4724,Pakistan,Teacher,Beginner,2025-03-15
4725,France,Business Analyst,Expert,2025-03-08
4726,Singapore,Student,Intermediate,2025-04-09
4727,USA,Data Scientist,Beginner,2025-12-22
4728,India,Business Analyst,Intermediate,2025-11-03
4729,Canada,Student,Intermediate,2025-11-22
4730,Italy,Data Scientist,Intermediate,2025-01-24
4731,Pakistan,Software Developer,Intermediate,2025-10-28
4732,Saudi Arabia,Software Developer,Beginner,2025-10-02
4733,USA,Teacher,Advanced,2025-03-18
4734,Canada,Student,Advanced,2025-01-28
4735,UAE,Business Analyst,Advanced,2025-05-24
4736,France,Student,Advanced,2026-03-12
4737,,Software Developer,Beginner,2025-10-27
4738,Italy,Data Scientist,Advanced,2025-04-18
4739,Pakistan,Software Developer,Beginner,2026-02-06
4740,USA,Data Scientist,Intermediate,2025-12-06
4741,Australia,Customer Support Specialist,Intermediate,2025-03-27
4742,Canada,Designer,Intermediate,2026-01-20
4743,Canada,Software Developer,Beginner,2026-01-20
4744,USA,Software Developer,Advanced,2025-09-13
4745,India,Entrepreneur,Expert,2025-04-02
4746,Malaysia,Customer Support Specialist,Beginner,2025-07-11
4747,United Kingdom,Data Analyst,Advanced,2025-09-05
4748,Brazil,Business Analyst,Intermediate,2025-09-11
4749,UAE,Software Developer,Beginner,2025-10-25
4750,UAE,Student,Expert,2026-02-09
4751,USA,Business Analyst,Intermediate,2025-01-19
4752,Japan,Business Analyst,Expert,2025-04-14
4753,India,Customer Support Specialist,Beginner,2025-05-01
4754,USA,Student,Advanced,2025-06-06
4755,United Kingdom,Business Analyst,Advanced,2025-07-13
4756,India,Customer Support Specialist,Beginner,2026-03-08
4757,Brazil,Data Scientist,Intermediate,2025-10-09
4758,Pakistan,Data Analyst,Intermediate,2026-01-20
4759,India,Data Analyst,Beginner,2025-08-16
4760,United Kingdom,Teacher,Intermediate,2025-04-28
4761,Brazil,Content Creator,Advanced,2025-08-27
4762,France,Student,Advanced,2025-06-22
4763,USA,Business Analyst,Advanced,2025-08-28
4764,India,Teacher,Beginner,2025-07-08
4765,India,Software Developer,Advanced,2025-06-12
4766,UAE,Business Analyst,Beginner,2025-01-13
4767,United Kingdom,Researcher,Beginner,2025-04-30
4768,France,Software Developer,Beginner,2025-02-08
4769,United Kingdom,Content Creator,Beginner,2025-02-12
4770,India,Data Analyst,Beginner,2025-09-14
4771,India,Student,Advanced,2025-11-26
4772,United Kingdom,Teacher,Advanced,2025-05-22
4773,USA,Software Developer,Advanced,2025-02-20
4774,USA,Data Analyst,Beginner,2025-07-04
4775,Germany,Marketing Specialist,Expert,2025-04-13
4776,Brazil,Student,Intermediate,2025-12-12
4777,India,Data Analyst,Beginner,2025-06-04
4778,USA,Software Developer,Beginner,2026-01-29
4779,India,Customer Support Specialist,Intermediate,2025-05-21
4780,South Korea,Student,Intermediate,2025-11-06
4781,India,Data Analyst,Beginner,2026-01-21
4782,Spain,Customer Support Specialist,Beginner,2025-10-06
4783,USA,Student,Beginner,2025-01-05
4784,,Software Developer,Intermediate,2025-05-25
4785,India,Student,Beginner,2026-02-05
4786,Pakistan,Customer Support Specialist,Intermediate,2025-07-27
4787,Singapore,Business Analyst,Expert,2026-01-23
4788,Saudi Arabia,Content Creator,Advanced,2025-08-30
4789,USA,Student,Expert,2026-01-25
4790,UAE,Customer Support Specialist,Advanced,2025-07-23
4791,Singapore,Researcher,Advanced,2026-01-06
4792,Canada,Entrepreneur,Advanced,2025-08-31
4793,Japan,Content Creator,Intermediate,2025-10-28
4794,USA,Customer Support Specialist,Intermediate,2026-01-23
4795,India,Data Analyst,Advanced,2026-02-21
4796,,Business Analyst,Intermediate,2026-02-10
4797,Pakistan,Data Scientist,Beginner,2026-03-10
4798,Japan,Software Developer,Intermediate,2026-01-30
4799,United Kingdom,Designer,Expert,2025-08-02
4800,USA,Teacher,Beginner,2025-08-19
4801,USA,Student,Beginner,2025-01-16
4802,Saudi Arabia,Designer,Beginner,2025-10-23
4803,USA,Marketing Specialist,Advanced,2025-06-06
4804,United Kingdom,Marketing Specialist,Advanced,2025-01-05
4805,Germany,Data Analyst,Intermediate,2025-12-04
4806,Germany,Researcher,Intermediate,2025-06-23
4807,Italy,Data Analyst,Expert,2025-08-06
4808,Canada,Content Creator,Beginner,2025-07-26
4809,Pakistan,Teacher,Advanced,2025-12-20
4810,USA,Marketing Specialist,Beginner,2025-06-16
4811,South Korea,Entrepreneur,Beginner,2025-10-18
4812,Singapore,Entrepreneur,Intermediate,2025-03-13
4813,Australia,Student,Advanced,2025-06-19
4814,Pakistan,Student,Intermediate,2026-02-14
4815,USA,Business Analyst,Intermediate,2025-11-08
4816,Pakistan,Entrepreneur,Intermediate,2025-07-20
4817,Canada,Customer Support Specialist,Advanced,2025-04-15
4818,USA,Designer,Expert,2025-02-02
4819,Pakistan,Student,Beginner,2025-04-07
4820,USA,Teacher,Advanced,2025-06-18
4821,Italy,Teacher,Beginner,2025-08-20
4822,USA,Customer Support Specialist,Intermediate,2025-06-05
4823,India,Entrepreneur,Intermediate,2025-02-23
4824,India,Entrepreneur,Expert,2025-04-01
4825,USA,Business Analyst,Intermediate,2025-12-19
4826,Canada,Entrepreneur,Expert,2025-01-14
4827,India,Data Analyst,Beginner,2025-02-05
4828,Canada,Software Developer,Intermediate,2025-07-17
4829,USA,Student,Beginner,2025-04-30
4830,Japan,Data Analyst,Intermediate,2025-09-26
4831,Singapore,Teacher,Beginner,2025-01-30
4832,USA,Researcher,Intermediate,2025-01-06
4833,UAE,Student,Intermediate,2025-07-30
4834,United Kingdom,Teacher,Expert,2025-02-26
4835,USA,Designer,Beginner,2025-08-03
4836,United Kingdom,Entrepreneur,Intermediate,2025-02-05
4837,Spain,Content Creator,Expert,2025-04-16
4838,UAE,Software Developer,Beginner,2025-04-16
4839,Pakistan,Data Analyst,Intermediate,2026-02-23
4840,United Kingdom,Customer Support Specialist,Intermediate,2025-09-01
4841,Saudi Arabia,Customer Support Specialist,Advanced,2025-10-22
4842,India,Designer,Intermediate,2025-10-28
4843,Pakistan,Student,Advanced,2026-01-02
4844,United Kingdom,Designer,Expert,2025-05-22
4845,USA,Designer,Advanced,2025-03-15
4846,USA,Marketing Specialist,Beginner,2026-02-27
4847,Singapore,Student,Intermediate,2026-02-18
4848,Germany,Data Analyst,Beginner,2025-06-18
4849,Pakistan,Student,Intermediate,2025-09-09
4850,Germany,Marketing Specialist,Advanced,2025-10-22
4851,India,Software Developer,Advanced,2025-02-16
4852,Singapore,Data Scientist,Intermediate,2025-08-22
4853,United Kingdom,Designer,Advanced,2026-03-08
4854,USA,Researcher,Beginner,2025-06-02
4855,United Kingdom,Business Analyst,Intermediate,2026-02-26
4856,USA,Customer Support Specialist,Advanced,2025-03-31
4857,UAE,Student,Beginner,2025-04-02
4858,Spain,Designer,Advanced,2026-01-11
4859,Pakistan,Student,Expert,2025-07-16
4860,Canada,Data Analyst,Beginner,2025-04-04
4861,United Kingdom,Software Developer,Intermediate,2025-02-18
4862,Pakistan,Teacher,Intermediate,2025-01-23
4863,South Korea,Data Analyst,Intermediate,2025-03-22
4864,USA,Researcher,Expert,2025-11-18
4865,Saudi Arabia,Marketing Specialist,Intermediate,2025-12-08
4866,Japan,Customer Support Specialist,Expert,2025-12-24
4867,Pakistan,Customer Support Specialist,Beginner,2025-04-22
4868,India,Software Developer,Beginner,2025-07-30
4869,UAE,Business Analyst,Advanced,2025-10-11
4870,Germany,Designer,Advanced,2025-07-08
4871,Pakistan,Business Analyst,Advanced,2025-02-23
4872,Australia,Designer,Advanced,2026-02-04
4873,India,Student,Advanced,2025-08-19
4874,United Kingdom,Entrepreneur,Intermediate,2025-04-17
4875,Pakistan,Entrepreneur,Intermediate,2025-08-25
4876,Canada,Student,Beginner,2025-11-24
4877,France,Software Developer,Advanced,2026-01-19
4878,UAE,Data Analyst,Advanced,2025-06-25
4879,Germany,Data Analyst,Beginner,2025-04-10
4880,Pakistan,Researcher,Intermediate,2025-01-06
4881,Canada,Teacher,Advanced,2025-12-30
4882,Germany,Teacher,Intermediate,2025-06-17
4883,Brazil,Marketing Specialist,Advanced,2025-08-26
4884,Canada,Data Analyst,Intermediate,2025-02-04
4885,Pakistan,Researcher,Intermediate,2025-12-03
4886,Japan,Content Creator,Advanced,2025-08-13
4887,India,Customer Support Specialist,Advanced,2026-02-25
4888,Saudi Arabia,Student,Intermediate,2025-03-24
4889,USA,Designer,Beginner,2025-01-10
4890,Canada,Content Creator,Intermediate,2025-04-01
4891,United Kingdom,Business Analyst,Beginner,2025-10-01
4892,Saudi Arabia,Data Analyst,Beginner,2025-03-28
4893,India,Teacher,Intermediate,2026-01-26
4894,Singapore,Designer,Beginner,2025-05-20
4895,Australia,Software Developer,Advanced,2025-07-03
4896,,Student,Advanced,2026-01-01
4897,Italy,Student,Advanced,2025-12-12
4898,India,Teacher,Advanced,2025-08-15
4899,India,Data Scientist,Beginner,2026-03-05
4900,Pakistan,Data Analyst,Intermediate,2025-09-25
4901,South Korea,Software Developer,Intermediate,2026-01-02
4902,Canada,Entrepreneur,Intermediate,2025-02-22
4903,Canada,Designer,Beginner,2025-06-07
4904,USA,Student,Beginner,2025-11-03
4905,Canada,Data Scientist,Intermediate,2026-01-31
4906,USA,Customer Support Specialist,Advanced,2025-04-14
4907,India,Student,Intermediate,2025-07-11
4908,USA,Student,Beginner,2025-04-13
4909,Netherlands,Business Analyst,Intermediate,2025-08-04
4910,Canada,Customer Support Specialist,Expert,2025-01-08
4911,Italy,Software Developer,Beginner,2025-04-09
4912,France,Marketing Specialist,Beginner,2025-02-02
4913,USA,Entrepreneur,Advanced,2025-02-19
4914,Pakistan,Entrepreneur,Intermediate,2026-03-02
4915,Saudi Arabia,Student,Beginner,2026-01-06
4916,United Kingdom,Student,Intermediate,2025-08-01
4917,USA,Customer Support Specialist,Beginner,2026-02-22
4918,India,Designer,Intermediate,2025-10-15
4919,United Kingdom,Teacher,Intermediate,2025-11-16
4920,Germany,Researcher,Beginner,2025-10-05
4921,Canada,Entrepreneur,Beginner,2025-08-08
4922,Pakistan,Entrepreneur,Intermediate,2025-04-20
4923,United Kingdom,Customer Support Specialist,Beginner,2025-06-15
4924,USA,Business Analyst,Advanced,2025-07-25
4925,United Kingdom,Designer,Advanced,2025-01-07
4926,Australia,Data Scientist,Beginner,2025-08-23
4927,United Kingdom,Business Analyst,Advanced,2025-12-03
4928,Italy,Business Analyst,Intermediate,2025-11-29
4929,United Kingdom,Teacher,Advanced,2025-01-23
4930,Canada,Software Developer,Expert,2025-04-22
4931,United Kingdom,Student,Intermediate,2026-01-28
4932,France,Data Analyst,Advanced,2025-02-22
4933,India,Data Analyst,Intermediate,2026-02-10
4934,Australia,Customer Support Specialist,Advanced,2026-03-12
4935,Spain,Data Analyst,Beginner,2025-05-09
4936,Canada,Data Scientist,Advanced,2025-11-04
4937,France,Customer Support Specialist,Beginner,2025-11-20
4938,United Kingdom,Designer,Beginner,2025-12-14
4939,Germany,Student,Intermediate,2026-01-30
4940,Pakistan,Software Developer,Intermediate,2025-06-20
4941,Pakistan,Software Developer,Intermediate,2026-01-25
4942,India,Student,Beginner,2025-06-12
4943,United Kingdom,Researcher,Intermediate,2025-12-08
4944,Saudi Arabia,Student,Intermediate,2025-06-21
4945,Saudi Arabia,Student,Advanced,2025-10-27
4946,United Kingdom,Student,Advanced,2025-09-19
4947,USA,Student,Beginner,2025-04-30
4948,Pakistan,Data Analyst,Intermediate,2025-12-27
4949,Saudi Arabia,Teacher,Intermediate,2025-04-30
4950,South Korea,Marketing Specialist,Intermediate,2026-01-24
4951,Japan,Researcher,Advanced,2025-06-08
4952,India,Student,Advanced,2025-08-08
4953,United Kingdom,Content Creator,Intermediate,2025-11-14
4954,Japan,Data Scientist,Intermediate,2025-03-12
4955,USA,Researcher,Advanced,2025-06-01
4956,USA,Content Creator,Intermediate,2025-07-12
4957,USA,Student,Beginner,2025-01-20
4958,Pakistan,Student,Advanced,2026-01-07
4959,UAE,Marketing Specialist,Beginner,2025-08-16
4960,Spain,Content Creator,Beginner,2025-06-18
4961,Saudi Arabia,Data Analyst,Intermediate,2025-06-12
4962,United Kingdom,Student,Advanced,2026-01-25
4963,United Kingdom,Software Developer,Expert,2026-02-10
4964,Netherlands,Content Creator,Intermediate,2025-11-28
4965,USA,Teacher,Beginner,2026-01-20
4966,USA,Designer,Beginner,2026-03-10
4967,USA,Student,Beginner,2025-06-25
4968,USA,Software Developer,Beginner,2025-10-04
4969,Australia,Teacher,Intermediate,2025-12-07
4970,United Kingdom,Software Developer,Beginner,2026-02-15
4971,India,Marketing Specialist,Advanced,2026-01-04
4972,Germany,Student,Beginner,2025-07-15
4973,Saudi Arabia,Student,Advanced,2025-04-04
4974,Canada,Researcher,Expert,2025-01-04
4975,Netherlands,Designer,Intermediate,2025-09-09
4976,India,Customer Support Specialist,Intermediate,2025-04-09
4977,USA,Student,Beginner,2025-03-14
4978,United Kingdom,Marketing Specialist,Intermediate,2025-03-06
4979,USA,Customer Support Specialist,Advanced,2025-10-31
4980,Japan,Student,Advanced,2026-02-12
4981,United Kingdom,Data Analyst,Beginner,2025-05-01
4982,Pakistan,Software Developer,Expert,2025-08-07
4983,USA,Student,Intermediate,2025-06-09
4984,India,Marketing Specialist,Beginner,2025-04-12
4985,Saudi Arabia,Student,Intermediate,2025-04-01
4986,Australia,Entrepreneur,Advanced,2025-06-05
4987,Germany,Student,Intermediate,2025-08-18
4988,UAE,Business Analyst,Beginner,2025-04-14
4989,Pakistan,Teacher,Intermediate,2026-02-05
4990,Pakistan,Student,Intermediate,2025-07-04
4991,South Korea,Designer,Beginner,2025-03-27
4992,USA,Software Developer,Intermediate,2025-08-05
4993,Canada,Data Analyst,Advanced,2026-01-12
4994,UAE,Data Scientist,Intermediate,2025-03-21
4995,South Korea,Student,Advanced,2026-02-11
4996,United Kingdom,Teacher,Advanced,2026-01-26
4997,France,Business Analyst,Expert,2025-02-12
4998,Canada,Data Analyst,Intermediate,2025-06-03
4999,UAE,Content Creator,Beginner,2025-03-20
5000,USA,Content Creator,Beginner,2025-03-31
5001,United Kingdom,Teacher,Intermediate,2025-08-26
5002,USA,Data Analyst,Beginner,2025-05-26
5003,India,Marketing Specialist,Intermediate,2025-11-07
5004,India,Software Developer,Beginner,2025-06-20
5005,South Korea,Student,Advanced,2025-08-29
5006,Japan,Designer,Advanced,2025-04-08
5007,India,Content Creator,Beginner,2025-09-14
5008,Japan,Software Developer,Advanced,2025-07-11
5009,USA,Entrepreneur,Intermediate,2025-08-01
5010,France,Designer,Intermediate,2026-01-16
5011,France,Customer Support Specialist,Beginner,2025-09-08
5012,Netherlands,Marketing Specialist,Advanced,2025-10-29
5013,Pakistan,Designer,Advanced,2025-01-20
5014,Pakistan,Designer,Beginner,2025-03-05
5015,USA,Content Creator,Advanced,2025-10-17
5016,Germany,Data Analyst,Intermediate,2026-01-26
5017,Pakistan,Designer,Advanced,2025-05-11
5018,UAE,Software Developer,Advanced,2026-01-20
5019,United Kingdom,Teacher,Beginner,2025-09-18
5020,France,Data Analyst,Intermediate,2025-11-22
5021,USA,Data Analyst,Beginner,2025-12-23
5022,India,Software Developer,Advanced,2025-07-17
5023,USA,Marketing Specialist,Beginner,2026-01-12
5024,Spain,Customer Support Specialist,Beginner,2025-09-02
5025,Germany,Software Developer,Expert,2026-02-21
5026,Canada,Software Developer,Intermediate,2025-12-28
5027,USA,Student,Advanced,2025-12-24
5028,United Kingdom,Student,Beginner,2025-03-17
5029,India,Software Developer,Advanced,2025-08-22
5030,USA,Marketing Specialist,Intermediate,2025-03-17
5031,India,Content Creator,Intermediate,2025-11-05
5032,Pakistan,Marketing Specialist,Intermediate,2025-12-06
5033,India,Marketing Specialist,Advanced,2025-01-07
5034,USA,Student,Beginner,2025-02-17
5035,India,Marketing Specialist,Advanced,2025-07-16
5036,Brazil,Software Developer,Intermediate,2025-10-28
5037,Germany,Data Analyst,Advanced,2025-02-11
5038,UAE,Entrepreneur,Beginner,2025-04-07
5039,India,Business Analyst,Advanced,2025-03-26
5040,Brazil,Software Developer,Intermediate,2025-05-10
5041,Canada,Software Developer,Intermediate,2025-09-14
5042,Germany,Data Analyst,Beginner,2025-12-04
5043,France,Student,Advanced,2025-10-28
5044,Pakistan,Data Scientist,Expert,2025-07-30
5045,Netherlands,Software Developer,Advanced,2026-01-08
5046,USA,Software Developer,Beginner,2025-02-25
5047,India,Business Analyst,Advanced,2026-02-02
5048,South Korea,Researcher,Intermediate,2026-02-21
5049,Australia,Customer Support Specialist,Advanced,2026-01-19
5050,UAE,Customer Support Specialist,Beginner,2026-01-19
5051,Australia,Business Analyst,Expert,2025-06-07
5052,India,Designer,Advanced,2025-03-28
5053,India,Marketing Specialist,Beginner,2025-01-01
5054,Pakistan,Student,Intermediate,2026-02-01
5055,United Kingdom,Designer,Beginner,2025-09-26
5056,USA,Software Developer,Beginner,2025-05-28
5057,Germany,Teacher,Beginner,2025-03-29
5058,USA,Teacher,Intermediate,2025-04-06
5059,Italy,Researcher,Intermediate,2025-04-12
5060,India,Designer,Beginner,2025-09-15
5061,USA,Data Analyst,Advanced,2025-08-19
5062,Canada,Software Developer,Advanced,2025-04-19
5063,Pakistan,Designer,Beginner,2025-01-31
5064,Canada,Customer Support Specialist,Beginner,2026-02-19
5065,India,Data Scientist,Beginner,2025-05-13
5066,Pakistan,Business Analyst,Expert,2025-07-29
5067,India,Marketing Specialist,Intermediate,2025-11-16
5068,Canada,Student,Beginner,2025-11-22
5069,United Kingdom,Student,Advanced,2025-05-31
5070,UAE,Software Developer,Beginner,2025-03-05
5071,Brazil,Designer,Advanced,2025-06-25
5072,USA,Designer,Intermediate,2025-05-01
5073,Singapore,Software Developer,Beginner,2025-12-11
5074,Pakistan,Business Analyst,Expert,2025-01-05
5075,South Korea,Customer Support Specialist,Beginner,2026-01-20
5076,USA,Data Analyst,Intermediate,2025-12-07
5077,Japan,Entrepreneur,Beginner,2025-01-22
5078,Germany,Entrepreneur,Intermediate,2025-09-25
5079,USA,Student,Intermediate,2025-07-12
5080,Canada,Student,Beginner,2026-01-25
5081,South Korea,Marketing Specialist,Intermediate,2025-09-06
5082,Italy,Data Analyst,Beginner,2025-06-22
5083,Saudi Arabia,Data Scientist,Advanced,2025-06-22
5084,India,Software Developer,Intermediate,2025-06-25
5085,India,Teacher,Intermediate,2026-02-23
5086,Netherlands,Teacher,Beginner,2025-07-04
5087,Saudi Arabia,Content Creator,Advanced,2025-07-13
5088,Japan,Marketing Specialist,Intermediate,2025-07-02
5089,Germany,Data Scientist,Beginner,2026-02-17
5090,Germany,Data Analyst,Beginner,2025-08-22
5091,USA,Marketing Specialist,Intermediate,2025-07-25
5092,UAE,Student,Intermediate,2025-03-13
5093,Pakistan,Content Creator,Intermediate,2025-03-04
5094,Italy,Customer Support Specialist,Advanced,2025-05-24
5095,Netherlands,Student,Intermediate,2026-01-20
5096,UAE,Researcher,Advanced,2025-07-08
5097,Australia,Customer Support Specialist,Intermediate,2025-12-18
5098,Japan,Researcher,Advanced,2025-09-01
5099,India,Teacher,Expert,2025-12-05
5100,India,Content Creator,Intermediate,2025-11-23
5101,South Korea,Designer,Beginner,2026-02-21
5102,Pakistan,Content Creator,Beginner,2025-11-21
5103,Germany,Customer Support Specialist,Advanced,2025-01-24
5104,USA,Customer Support Specialist,Advanced,2026-01-12
5105,USA,Software Developer,Beginner,2025-08-16
5106,Japan,Software Developer,Beginner,2025-09-06
5107,UAE,Marketing Specialist,Advanced,2025-11-10
5108,UAE,Software Developer,Advanced,2025-06-28
5109,India,Marketing Specialist,Intermediate,2025-09-01
5110,USA,Customer Support Specialist,Intermediate,2025-12-25
5111,USA,Customer Support Specialist,Intermediate,2026-01-11
5112,Australia,Designer,Advanced,2025-11-07
5113,USA,Data Scientist,Intermediate,2025-03-15
5114,USA,Researcher,Intermediate,2025-10-20
5115,India,Software Developer,Advanced,2026-01-02
5116,Japan,Student,Intermediate,2025-03-07
5117,India,Content Creator,Beginner,2025-02-14
5118,United Kingdom,Content Creator,Expert,2025-12-11
5119,Pakistan,Teacher,Intermediate,2025-08-28
5120,Netherlands,Student,Intermediate,2025-08-17
5121,Brazil,Software Developer,Beginner,2025-09-04
5122,USA,Business Analyst,Beginner,2025-05-04
5123,Singapore,Student,Beginner,2025-03-29
5124,Pakistan,Data Analyst,Intermediate,2025-12-04
5125,France,Designer,Beginner,2025-02-24
5126,France,Business Analyst,Advanced,2026-01-02
5127,Japan,Data Analyst,Advanced,2025-06-17
5128,India,Software Developer,Advanced,2026-01-28
5129,Spain,Content Creator,Beginner,2026-01-04
5130,India,Student,Advanced,2025-09-01
5131,USA,Business Analyst,Beginner,2025-12-10
5132,Saudi Arabia,Entrepreneur,Intermediate,2025-03-11
5133,Pakistan,Teacher,Intermediate,2025-11-21
5134,France,Content Creator,Beginner,2025-02-16
5135,Japan,Data Analyst,Expert,2025-06-20
5136,India,Researcher,Beginner,2025-10-22
5137,India,Student,Advanced,2025-11-04
5138,Canada,Entrepreneur,Intermediate,2025-06-25
5139,Australia,Teacher,Beginner,2026-01-03
5140,Pakistan,Designer,Intermediate,2026-01-07
5141,,Content Creator,Beginner,2025-11-25
5142,Australia,Customer Support Specialist,Intermediate,2025-08-12
5143,Germany,Software Developer,Advanced,2025-04-25
5144,India,Marketing Specialist,Expert,2025-05-29
5145,Germany,Researcher,Intermediate,2025-02-15
5146,USA,Teacher,Beginner,2025-10-31
5147,Australia,Software Developer,Advanced,2026-01-17
5148,USA,Designer,Intermediate,2025-10-21
5149,United Kingdom,Student,Intermediate,2026-03-13
5150,India,Student,Intermediate,2025-07-14
5151,Canada,Data Analyst,Expert,2025-01-01
5152,United Kingdom,Data Analyst,Intermediate,2025-10-30
5153,Singapore,Software Developer,Advanced,2026-03-10
5154,Canada,Data Analyst,Advanced,2025-08-05
5155,Pakistan,Data Scientist,Advanced,2025-07-06
5156,Germany,Entrepreneur,Intermediate,2026-02-12
5157,UAE,Business Analyst,Beginner,2025-12-06
5158,UAE,Marketing Specialist,Beginner,2025-04-24
5159,United Kingdom,Software Developer,Advanced,2025-01-05
5160,Canada,Customer Support Specialist,Beginner,2025-08-24
5161,Germany,Data Analyst,Intermediate,2026-02-22
5162,Australia,Researcher,Advanced,2026-03-05
5163,Singapore,Software Developer,Intermediate,2025-12-15
5164,France,Designer,Beginner,2025-11-04
5165,Canada,Student,Intermediate,2026-01-18
5166,Saudi Arabia,Student,Beginner,2026-02-15
5167,USA,Business Analyst,Expert,2025-01-18
5168,France,Student,Expert,2025-06-08
5169,France,Business Analyst,Advanced,2025-12-19
5170,Pakistan,Designer,Beginner,2026-03-11
5171,India,Teacher,Advanced,2025-09-02
5172,Australia,Student,Beginner,2025-04-21
5173,USA,Student,Intermediate,2025-12-27
5174,Germany,Software Developer,Expert,2025-01-31
5175,Pakistan,Business Analyst,Intermediate,2025-06-20
5176,USA,Teacher,Advanced,2026-01-02
5177,Canada,Designer,Beginner,2026-01-11
5178,France,Entrepreneur,Beginner,2025-04-26
5179,India,Entrepreneur,Beginner,2025-01-27
5180,France,Designer,Intermediate,2026-02-02
5181,Pakistan,Data Scientist,Beginner,2025-09-07
5182,UAE,Teacher,Advanced,2025-06-03
5183,France,Data Scientist,Beginner,2025-12-04
5184,Saudi Arabia,Designer,Intermediate,2025-03-23
5185,USA,Software Developer,Intermediate,2025-10-08
5186,Saudi Arabia,Entrepreneur,Advanced,2025-08-05
5187,Netherlands,Entrepreneur,Intermediate,2025-06-28
5188,India,Teacher,Beginner,2025-07-20
5189,India,Data Analyst,Intermediate,2026-01-08
5190,India,Data Analyst,Intermediate,2025-12-23
5191,Singapore,Marketing Specialist,Advanced,2025-12-25
5192,India,Data Analyst,Intermediate,2025-07-21
5193,United Kingdom,Content Creator,Advanced,2025-06-15
5194,UAE,Customer Support Specialist,Intermediate,2025-10-25
5195,India,Marketing Specialist,Beginner,2025-01-28
5196,India,Data Analyst,Intermediate,2025-12-30
5197,USA,Software Developer,Advanced,2025-12-02
5198,Germany,Researcher,Advanced,2025-03-12
5199,USA,Data Scientist,Beginner,2025-09-05
5200,Japan,Teacher,Beginner,2025-03-16
5201,Pakistan,Customer Support Specialist,Intermediate,2026-02-16
5202,Saudi Arabia,Data Scientist,Beginner,2026-01-12
5203,Saudi Arabia,Content Creator,Advanced,2025-07-05
5204,Canada,Marketing Specialist,Advanced,2025-10-22
5205,India,Student,Advanced,2026-02-07
5206,India,Marketing Specialist,Advanced,2025-03-17
5207,South Korea,Student,Intermediate,2025-08-07
5208,Japan,Teacher,Advanced,2025-03-28
5209,United Kingdom,Student,Intermediate,2025-02-19
5210,Singapore,Entrepreneur,Beginner,2025-08-31
5211,Pakistan,Student,Expert,2025-01-27
5212,France,Student,Beginner,2025-09-21
5213,Canada,Software Developer,Advanced,2025-10-31
5214,UAE,Student,Intermediate,2025-03-18
5215,Brazil,Data Scientist,Beginner,2025-07-26
5216,Spain,Teacher,Advanced,2025-03-02
5217,India,Data Analyst,Beginner,2025-09-08
5218,India,Teacher,Beginner,2025-11-02
5219,Australia,Data Scientist,Intermediate,2025-12-01
5220,South Korea,Data Scientist,Intermediate,2026-02-02
5221,India,Software Developer,Intermediate,2026-02-12
5222,Pakistan,Researcher,Advanced,2025-02-15
5223,Canada,Software Developer,Intermediate,2026-02-23
5224,USA,Marketing Specialist,Advanced,2025-05-21
5225,India,Business Analyst,Expert,2025-08-16
5226,Saudi Arabia,Data Scientist,Intermediate,2025-03-03
5227,Netherlands,Student,Advanced,2025-03-04
5228,USA,Software Developer,Advanced,2025-12-09
5229,UAE,Teacher,Expert,2025-04-26
5230,USA,Data Analyst,Expert,2025-10-21
5231,USA,Content Creator,Intermediate,2025-09-03
5232,USA,Data Scientist,Intermediate,2026-01-17
5233,Singapore,Researcher,Intermediate,2025-10-31
5234,United Kingdom,Data Scientist,Beginner,2025-09-05
5235,Pakistan,Software Developer,Beginner,2025-12-26
5236,United Kingdom,Student,Beginner,2025-10-20
5237,Germany,Marketing Specialist,Beginner,2025-06-16
5238,Spain,Software Developer,Advanced,2026-02-12
5239,USA,Entrepreneur,Beginner,2025-07-27
5240,UAE,Student,Advanced,2025-01-11
5241,Pakistan,Software Developer,Advanced,2026-02-23
5242,USA,Entrepreneur,Beginner,2026-02-20
5243,United Kingdom,Researcher,Intermediate,2025-02-02
5244,India,Teacher,Advanced,2025-10-27
5245,Netherlands,Student,Intermediate,2026-02-24
5246,Pakistan,Data Scientist,Advanced,2025-03-05
5247,Pakistan,Student,Intermediate,2025-04-17
5248,Australia,Entrepreneur,Advanced,2025-03-02
5249,United Kingdom,Teacher,Intermediate,2025-11-03
5250,USA,Software Developer,Beginner,2025-01-03
5251,United Kingdom,Business Analyst,Intermediate,2026-02-14
5252,Pakistan,Entrepreneur,Advanced,2025-01-21
5253,France,Data Scientist,Beginner,2025-04-16
5254,USA,Software Developer,Beginner,2025-02-14
5255,Canada,Software Developer,Beginner,2026-03-12
5256,India,Content Creator,Intermediate,2025-02-13
5257,Canada,Data Scientist,Intermediate,2025-09-17
5258,USA,Data Analyst,Advanced,2025-10-06
5259,Malaysia,Content Creator,Expert,2025-12-03
5260,France,Software Developer,Expert,2025-06-03
5261,USA,Content Creator,Beginner,2025-09-23
5262,Pakistan,Content Creator,Intermediate,2025-05-31
5263,India,Student,Intermediate,2025-08-16
5264,Italy,Teacher,Intermediate,2025-09-09
5265,India,Business Analyst,Beginner,2025-09-25
5266,India,Student,Advanced,2025-06-30
5267,USA,Software Developer,Intermediate,2025-09-19
5268,India,Marketing Specialist,Intermediate,2025-02-20
5269,United Kingdom,Software Developer,Beginner,2025-01-23
5270,Japan,Entrepreneur,Beginner,2025-04-07
5271,USA,Software Developer,Intermediate,2026-03-03
5272,Australia,Student,Advanced,2025-03-10
5273,Australia,Customer Support Specialist,Beginner,2025-04-21
5274,India,Software Developer,Advanced,2025-05-23
5275,Saudi Arabia,Marketing Specialist,Beginner,2025-11-15
5276,India,Data Scientist,Intermediate,2025-10-09
5277,India,Software Developer,Advanced,2025-07-15
5278,India,Student,Beginner,2025-03-25
5279,Saudi Arabia,Marketing Specialist,Expert,2025-02-12
5280,United Kingdom,Customer Support Specialist,Advanced,2025-12-13
5281,Canada,Customer Support Specialist,Intermediate,2025-12-22
5282,Pakistan,Software Developer,Intermediate,2025-04-15
5283,Australia,Teacher,Beginner,2026-01-11
5284,United Kingdom,Data Analyst,Advanced,2025-11-21
5285,USA,Entrepreneur,Beginner,2025-04-09
5286,India,Business Analyst,Intermediate,2025-10-16
5287,USA,Designer,Beginner,2026-02-25
5288,South Korea,Marketing Specialist,Beginner,2025-03-25
5289,Canada,Software Developer,Advanced,2025-03-20
5290,Netherlands,Business Analyst,Intermediate,2026-02-08
5291,India,Software Developer,Advanced,2025-01-14
5292,Canada,Student,Expert,2025-05-07
5293,USA,Software Developer,Beginner,2025-03-05
5294,India,Software Developer,Intermediate,2025-12-17
5295,India,Data Analyst,Advanced,2025-02-03
5296,India,Content Creator,Intermediate,2025-02-15
5297,Canada,Customer Support Specialist,Beginner,2025-06-20
5298,United Kingdom,Business Analyst,Intermediate,2025-03-16
5299,India,Student,Advanced,2025-04-26
5300,Brazil,Software Developer,Beginner,2025-02-20
5301,India,Data Analyst,Beginner,2025-04-24
5302,India,Data Analyst,Beginner,2025-02-23
5303,Spain,Data Analyst,Beginner,2025-03-05
5304,India,Customer Support Specialist,Advanced,2026-01-08
5305,Saudi Arabia,Software Developer,Advanced,2025-10-29
5306,Pakistan,Data Scientist,Intermediate,2025-09-08
5307,Japan,Teacher,Advanced,2025-06-28
5308,Netherlands,Data Analyst,Intermediate,2025-05-25
5309,USA,Business Analyst,Beginner,2025-11-08
5310,Singapore,Student,Intermediate,2025-01-25
5311,USA,Student,Advanced,2026-01-20
5312,USA,Student,Beginner,2025-06-26
5313,Pakistan,Data Analyst,Beginner,2025-12-14
5314,Singapore,Student,Beginner,2025-09-30
5315,Germany,Data Analyst,Beginner,2026-03-12
5316,Canada,Data Analyst,Advanced,2025-10-31
5317,United Kingdom,Teacher,Expert,2025-01-05
5318,USA,Student,Intermediate,2026-01-01
5319,USA,Business Analyst,Advanced,2025-03-06
5320,United Kingdom,Designer,Beginner,2025-10-18
5321,Canada,Teacher,Intermediate,2025-01-28
5322,India,Content Creator,Intermediate,2025-11-24
5323,Canada,Designer,Intermediate,2025-12-29
5324,Australia,Entrepreneur,Beginner,2025-12-14
5325,Spain,Designer,Advanced,2025-12-28
5326,Singapore,Student,Advanced,2025-08-13
5327,USA,Data Analyst,Advanced,2026-02-13
5328,Singapore,Entrepreneur,Intermediate,2025-05-27
5329,Canada,Student,Expert,2025-08-08
5330,India,Teacher,Intermediate,2026-01-03
5331,Germany,Student,Expert,2026-02-21
5332,Canada,Customer Support Specialist,Beginner,2025-11-22
5333,Canada,Researcher,Advanced,2025-06-06
5334,Brazil,Software Developer,Beginner,2025-06-10
5335,United Kingdom,Software Developer,Expert,2025-11-21
5336,India,Designer,Beginner,2026-01-09
5337,Canada,Student,Beginner,2025-02-17
5338,Pakistan,Student,Expert,2025-01-30
5339,India,Marketing Specialist,Expert,2025-05-27
5340,Saudi Arabia,Customer Support Specialist,Expert,2025-09-10
5341,United Kingdom,Researcher,Beginner,2025-01-06
5342,United Kingdom,Teacher,Intermediate,2025-08-06
5343,Australia,Teacher,Beginner,2026-01-10
5344,Singapore,Student,Beginner,2025-09-12
5345,Singapore,Student,Advanced,2025-12-13
5346,Canada,Student,Advanced,2025-12-24
5347,Germany,Student,Beginner,2025-01-08
5348,Brazil,Software Developer,Advanced,2026-03-02
5349,Pakistan,Content Creator,Expert,2026-01-01
5350,USA,Marketing Specialist,Advanced,2025-10-01
5351,UAE,Designer,Intermediate,2025-05-06
5352,UAE,Business Analyst,Advanced,2025-12-05
5353,Pakistan,Customer Support Specialist,Intermediate,2026-02-26
5354,USA,Student,Beginner,2025-09-28
5355,USA,Data Scientist,Beginner,2025-01-22
5356,France,Software Developer,Beginner,2025-03-28
5357,USA,Software Developer,Beginner,2026-01-27
5358,Canada,Customer Support Specialist,Advanced,2025-04-26
5359,Singapore,Data Analyst,Beginner,2025-07-07
5360,USA,Teacher,Beginner,2025-09-21
5361,Canada,Data Scientist,Beginner,2025-01-27
5362,South Korea,Teacher,Advanced,2025-07-14
5363,Canada,Business Analyst,Intermediate,2025-02-27
5364,Spain,Data Scientist,Intermediate,2025-12-14
5365,Australia,Student,Advanced,2025-10-04
5366,Malaysia,Designer,Intermediate,2025-03-02
5367,United Kingdom,Business Analyst,Intermediate,2025-09-05
5368,USA,Marketing Specialist,Beginner,2025-04-20
5369,UAE,Student,Intermediate,2025-11-20
5370,Saudi Arabia,Software Developer,Beginner,2025-04-22
5371,Pakistan,Data Analyst,Intermediate,2025-11-26
5372,South Korea,Business Analyst,Advanced,2025-01-19
5373,Spain,Student,Beginner,2025-11-13
5374,India,Business Analyst,Advanced,2025-01-30
5375,India,Student,Intermediate,2025-11-12
5376,Canada,Entrepreneur,Intermediate,2025-06-02
5377,Brazil,Student,Advanced,2025-01-03
5378,Spain,Entrepreneur,Beginner,2026-01-05
5379,India,Designer,Intermediate,2025-07-01
5380,France,Customer Support Specialist,Beginner,2025-08-09
5381,United Kingdom,Data Analyst,Advanced,2025-02-13
5382,Italy,Designer,Beginner,2025-03-20
5383,Saudi Arabia,Researcher,Intermediate,2025-09-07
5384,Brazil,Customer Support Specialist,Intermediate,2026-01-29
5385,Canada,Data Scientist,Intermediate,2025-04-26
5386,United Kingdom,Data Scientist,Beginner,2025-07-11
5387,,Data Analyst,Intermediate,2025-08-08
5388,Germany,Marketing Specialist,Intermediate,2025-10-02
5389,Pakistan,Business Analyst,Intermediate,2025-02-25
5390,South Korea,Student,Intermediate,2025-12-03
5391,USA,Content Creator,Advanced,2025-03-24
5392,Spain,Customer Support Specialist,Beginner,2026-01-18
5393,Canada,Student,Intermediate,2025-07-03
5394,USA,Business Analyst,Expert,2025-12-30
5395,United Kingdom,Data Scientist,Beginner,2025-04-08
5396,France,Student,Expert,2025-03-10
5397,France,Content Creator,Intermediate,2026-01-16
5398,USA,Customer Support Specialist,Intermediate,2025-01-17
5399,South Korea,Designer,Advanced,2025-04-12
5400,USA,Content Creator,Advanced,2025-12-07
5401,UAE,Teacher,Beginner,2025-03-02
5402,Malaysia,Customer Support Specialist,Beginner,2025-10-09
5403,Spain,Data Scientist,Advanced,2025-12-16
5404,Pakistan,Customer Support Specialist,Beginner,2025-06-16
5405,United Kingdom,Student,Intermediate,2026-02-04
5406,France,Software Developer,Advanced,2025-09-14
5407,South Korea,Teacher,Advanced,2026-01-15
5408,Pakistan,Student,Intermediate,2025-07-19
5409,USA,Customer Support Specialist,Beginner,2025-02-25
5410,Brazil,Software Developer,Advanced,2025-03-06
5411,USA,Software Developer,Advanced,2025-09-14
5412,India,Researcher,Intermediate,2025-12-17
5413,USA,Customer Support Specialist,Intermediate,2025-12-14
5414,Australia,Designer,Intermediate,2025-08-08
5415,India,Data Analyst,Intermediate,2026-01-13
5416,United Kingdom,Student,Advanced,2025-09-03
5417,Australia,Software Developer,Intermediate,2025-09-06
5418,Pakistan,Software Developer,Beginner,2025-08-08
5419,USA,Customer Support Specialist,Advanced,2025-03-20
5420,USA,Software Developer,Advanced,2025-04-06
5421,United Kingdom,Teacher,Expert,2026-01-28
5422,Germany,Data Analyst,Advanced,2025-05-15
5423,Italy,Marketing Specialist,Advanced,2025-05-07
5424,Pakistan,Student,Advanced,2025-08-08
5425,Netherlands,Content Creator,Advanced,2025-12-28
5426,USA,Data Analyst,Intermediate,2025-02-22
5427,USA,Content Creator,Beginner,2025-09-15
5428,Saudi Arabia,Teacher,Intermediate,2025-04-07
5429,India,Content Creator,Expert,2025-10-30
5430,Germany,Software Developer,Beginner,2025-03-18
5431,India,Data Analyst,Advanced,2025-03-09
5432,Japan,Data Scientist,Intermediate,2025-05-21
5433,India,Entrepreneur,Intermediate,2025-03-16
5434,France,Student,Intermediate,2025-11-12
5435,Pakistan,Student,Intermediate,2025-01-27
5436,Germany,Data Scientist,Beginner,2025-09-26
5437,Pakistan,Student,Intermediate,2025-11-21
5438,Netherlands,Software Developer,Beginner,2025-04-24
5439,India,Designer,Intermediate,2025-09-03
5440,Australia,Data Scientist,Intermediate,2025-08-07
5441,Brazil,Entrepreneur,Expert,2025-06-05
5442,UAE,Entrepreneur,Beginner,2025-07-06
5443,India,Software Developer,Advanced,2025-06-29
5444,Spain,Data Analyst,Intermediate,2025-05-07
5445,UAE,Entrepreneur,Intermediate,2025-01-25
5446,Malaysia,Student,Intermediate,2025-01-01
5447,Canada,Student,Beginner,2026-01-17
5448,Australia,Teacher,Advanced,2025-05-27
5449,Pakistan,Designer,Intermediate,2025-11-07
5450,USA,Marketing Specialist,Beginner,2025-04-05
5451,USA,Teacher,Beginner,2025-09-09
5452,Italy,Designer,Expert,2025-06-05
5453,USA,Marketing Specialist,Intermediate,2025-12-09
5454,Japan,Student,Beginner,2025-10-10
5455,Singapore,Student,Beginner,2025-03-08
5456,Pakistan,Content Creator,Beginner,2026-01-15
5457,United Kingdom,Software Developer,Intermediate,2026-01-16
5458,UAE,Student,Intermediate,2025-09-28
5459,USA,Data Analyst,Beginner,2025-05-02
5460,United Kingdom,Designer,Expert,2025-04-18
5461,USA,Marketing Specialist,Intermediate,2025-02-14
5462,Canada,Business Analyst,Beginner,2025-03-08
5463,USA,Content Creator,Intermediate,2025-11-05
5464,USA,Data Scientist,Intermediate,2025-10-28
5465,Germany,Data Analyst,Intermediate,2025-12-02
5466,United Kingdom,Student,Expert,2025-04-09
5467,USA,Customer Support Specialist,Intermediate,2025-02-20
5468,Saudi Arabia,Student,Intermediate,2025-10-07
5469,Singapore,Entrepreneur,Beginner,2025-06-04
5470,India,Designer,Expert,2026-01-25
5471,India,Content Creator,Advanced,2026-01-05
5472,UAE,Marketing Specialist,Intermediate,2025-03-07
5473,Italy,Marketing Specialist,Advanced,2025-10-09
5474,Pakistan,Content Creator,Beginner,2026-01-24
5475,India,Researcher,Intermediate,2025-10-14
5476,France,Data Scientist,Intermediate,2025-07-07
5477,United Kingdom,Marketing Specialist,Beginner,2026-01-03
5478,Australia,Teacher,Beginner,2025-08-12
5479,India,Content Creator,Advanced,2025-08-03
5480,Australia,Content Creator,Intermediate,2025-09-15
5481,Pakistan,Data Scientist,Beginner,2025-03-27
5482,Australia,Software Developer,Expert,2025-12-23
5483,Japan,Business Analyst,Expert,2025-05-29
5484,Pakistan,Business Analyst,Beginner,2025-10-17
5485,USA,Teacher,Beginner,2025-12-22
5486,South Korea,Content Creator,Advanced,2026-02-22
5487,India,Content Creator,Beginner,2025-12-17
5488,Japan,Data Analyst,Advanced,2025-09-20
5489,India,Software Developer,Intermediate,2025-03-26
5490,USA,Researcher,Beginner,2025-09-18
5491,Pakistan,Marketing Specialist,Beginner,2026-02-04
5492,Pakistan,Business Analyst,Beginner,2025-11-07
5493,USA,Student,Intermediate,2025-04-05
5494,Canada,Student,Advanced,2025-10-20
5495,USA,Student,Intermediate,2025-12-23
5496,France,Customer Support Specialist,Intermediate,2026-02-09
5497,South Korea,Data Scientist,Beginner,2025-09-15
5498,USA,Student,Intermediate,2025-09-26
5499,USA,Student,Intermediate,2026-03-13
5500,USA,Data Scientist,Advanced,2025-12-29
5501,India,Researcher,Intermediate,2025-03-02
5502,Pakistan,Data Analyst,Intermediate,2025-01-24
5503,Germany,Student,Beginner,2025-05-30
5504,USA,Business Analyst,Intermediate,2025-03-17
5505,Germany,Designer,Advanced,2025-05-23
5506,Canada,Designer,Expert,2025-05-19
5507,Australia,Software Developer,Beginner,2025-01-27
5508,Saudi Arabia,Business Analyst,Intermediate,2025-05-08
5509,Canada,Content Creator,Intermediate,2025-04-18
5510,France,Software Developer,Expert,2025-01-01
5511,UAE,Content Creator,Intermediate,2025-11-20
5512,USA,Student,Advanced,2025-07-08
5513,Germany,Student,Intermediate,2025-12-28
5514,Saudi Arabia,Software Developer,Intermediate,2025-05-16
5515,UAE,Marketing Specialist,Advanced,2025-07-29
5516,Canada,Customer Support Specialist,Beginner,2025-05-31
5517,United Kingdom,Software Developer,Beginner,2025-01-30
5518,Pakistan,Data Analyst,Expert,2025-01-06
5519,Spain,Student,Intermediate,2025-04-23
5520,Canada,Business Analyst,Intermediate,2025-05-24
5521,USA,Teacher,Advanced,2025-01-09
5522,United Kingdom,Entrepreneur,Expert,2026-02-03
5523,Canada,Marketing Specialist,Expert,2025-10-26
5524,India,Student,Beginner,2026-01-17
5525,Brazil,Teacher,Beginner,2025-12-01
5526,South Korea,Researcher,Advanced,2025-11-17
5527,USA,Designer,Advanced,2025-10-10
5528,Canada,Content Creator,Advanced,2025-08-15
5529,Pakistan,Business Analyst,Beginner,2025-05-18
5530,India,Software Developer,Intermediate,2025-11-19
5531,Pakistan,Teacher,Advanced,2026-01-21
5532,United Kingdom,Content Creator,Beginner,2025-08-17
5533,India,Content Creator,Intermediate,2026-01-07
5534,UAE,Student,Advanced,2025-03-17
5535,France,Customer Support Specialist,Beginner,2025-02-17
5536,Canada,Marketing Specialist,Expert,2025-08-24
5537,India,Designer,Intermediate,2025-04-01
5538,Canada,Data Analyst,Beginner,2025-09-09
5539,Canada,Student,Beginner,2025-04-03
5540,India,Software Developer,Expert,2025-01-11
5541,Germany,Business Analyst,Intermediate,2025-04-01
5542,Brazil,Designer,Intermediate,2025-12-18
5543,United Kingdom,Researcher,Intermediate,2025-02-05
5544,India,Data Analyst,Intermediate,2025-08-07
5545,United Kingdom,Software Developer,Intermediate,2025-11-27
5546,Canada,Business Analyst,Beginner,2025-02-21
5547,Pakistan,Business Analyst,Intermediate,2025-03-12
5548,India,Business Analyst,Intermediate,2026-02-18
5549,United Kingdom,Customer Support Specialist,Expert,2025-02-21
5550,Pakistan,Data Analyst,Intermediate,2025-01-11
5551,USA,Software Developer,Intermediate,2025-01-07
5552,Spain,Business Analyst,Intermediate,2025-11-26
5553,Canada,Software Developer,Beginner,2025-03-09
5554,USA,Teacher,Beginner,2025-02-12
5555,Singapore,Content Creator,Beginner,2025-11-18
5556,USA,Content Creator,Expert,2026-02-10
5557,Australia,Student,Intermediate,2026-02-10
5558,,Customer Support Specialist,Advanced,2026-01-12
5559,Germany,Student,Intermediate,2026-03-13
5560,Pakistan,Software Developer,Intermediate,2025-04-14
5561,Spain,Content Creator,Beginner,2026-01-24
5562,Brazil,Data Scientist,Beginner,2025-08-16
5563,India,Marketing Specialist,Intermediate,2025-06-07
5564,United Kingdom,Researcher,Intermediate,2025-03-21
5565,Saudi Arabia,Data Analyst,Advanced,2025-10-06
5566,France,Content Creator,Intermediate,2025-11-18
5567,France,Software Developer,Advanced,2025-01-11
5568,USA,Data Analyst,Intermediate,2025-02-22
5569,Australia,Software Developer,Expert,2025-02-22
5570,Malaysia,Marketing Specialist,Intermediate,2026-03-05
5571,UAE,Student,Intermediate,2025-01-01
5572,Netherlands,Customer Support Specialist,Expert,2025-01-13
5573,India,Data Analyst,Beginner,2025-07-17
5574,United Kingdom,Student,Intermediate,2025-12-02
5575,Germany,Teacher,Advanced,2025-12-17
5576,Saudi Arabia,Software Developer,Beginner,2026-01-02
5577,Saudi Arabia,Designer,Intermediate,2025-02-27
5578,USA,Data Scientist,Intermediate,2025-02-26
5579,Singapore,Entrepreneur,Intermediate,2025-05-25
5580,Canada,Business Analyst,Intermediate,2025-11-12
5581,Canada,Entrepreneur,Advanced,2025-07-04
5582,Brazil,Data Analyst,Intermediate,2025-02-13
5583,Japan,Software Developer,Advanced,2025-11-06
5584,India,Teacher,Intermediate,2025-08-08
5585,India,Designer,Advanced,2025-11-04
5586,Germany,Student,Advanced,2025-08-06
5587,Canada,Designer,Beginner,2025-12-08
5588,Netherlands,Data Analyst,Intermediate,2025-11-16
5589,Saudi Arabia,Data Analyst,Intermediate,2025-06-28
5590,India,Teacher,Intermediate,2025-05-19
5591,Singapore,Entrepreneur,Intermediate,2025-12-05
5592,Australia,Marketing Specialist,Intermediate,2025-05-16
5593,France,Entrepreneur,Intermediate,2025-12-31
5594,India,Student,Intermediate,2026-02-08
5595,USA,Designer,Intermediate,2025-03-18
5596,Germany,Student,Intermediate,2025-03-17
5597,Singapore,Customer Support Specialist,Intermediate,2025-07-19
5598,USA,Customer Support Specialist,Advanced,2026-02-12
5599,Pakistan,Data Analyst,Beginner,2025-09-02
5600,USA,Software Developer,Expert,2025-02-27
5601,Canada,Researcher,Advanced,2026-01-08
5602,Saudi Arabia,Entrepreneur,Expert,2025-02-16
5603,United Kingdom,Customer Support Specialist,Advanced,2025-03-07
5604,USA,Content Creator,Advanced,2025-07-17
5605,Brazil,Student,Intermediate,2025-09-11
5606,USA,Student,Beginner,2025-12-22
5607,Canada,Business Analyst,Beginner,2025-11-05
5608,Canada,Data Analyst,Beginner,2025-06-20
5609,Canada,Software Developer,Intermediate,2025-12-01
5610,USA,Software Developer,Intermediate,2025-07-16
5611,Germany,Software Developer,Intermediate,2025-09-12
5612,Japan,Researcher,Beginner,2025-09-10
5613,Germany,Content Creator,Beginner,2026-02-25
5614,Singapore,Entrepreneur,Advanced,2025-02-12
5615,Japan,Teacher,Intermediate,2025-08-04
5616,France,Teacher,Advanced,2026-02-02
5617,India,Student,Advanced,2026-01-19
5618,USA,Researcher,Expert,2025-02-14
5619,Australia,Customer Support Specialist,Advanced,2025-01-02
5620,,Business Analyst,Beginner,2026-03-12
5621,United Kingdom,Student,Beginner,2025-10-13
5622,United Kingdom,Student,Intermediate,2025-03-10
5623,Saudi Arabia,Data Scientist,Beginner,2025-01-31
5624,,Content Creator,Expert,2025-07-04
5625,USA,Business Analyst,Intermediate,2026-02-03
5626,Germany,Software Developer,Intermediate,2025-05-31
5627,India,Data Scientist,Intermediate,2026-03-04
5628,Saudi Arabia,Teacher,Intermediate,2025-08-04
5629,Canada,Student,Expert,2026-02-28
5630,Canada,Data Scientist,Beginner,2026-01-18
5631,Germany,Designer,Beginner,2025-12-23
5632,Japan,Researcher,Advanced,2025-07-13
5633,USA,Student,Expert,2025-12-23
5634,Singapore,Data Scientist,Beginner,2025-07-10
5635,United Kingdom,Student,Advanced,2025-02-24
5636,Italy,Student,Beginner,2025-02-07
5637,Brazil,Software Developer,Expert,2025-11-01
5638,,Customer Support Specialist,Beginner,2025-01-16
5639,USA,Designer,Intermediate,2025-03-14
5640,Pakistan,Customer Support Specialist,Advanced,2025-02-09
5641,France,Data Analyst,Advanced,2026-03-02
5642,Australia,Student,Expert,2025-03-18
5643,USA,Data Scientist,Beginner,2025-08-29
5644,Saudi Arabia,Content Creator,Intermediate,2026-01-19
5645,USA,Software Developer,Beginner,2025-06-03
5646,United Kingdom,Data Scientist,Beginner,2026-01-05
5647,Singapore,Designer,Advanced,2026-02-05
5648,USA,Student,Intermediate,2025-01-07
5649,India,Software Developer,Advanced,2025-03-21
5650,Spain,Software Developer,Intermediate,2025-11-25
5651,Italy,Software Developer,Intermediate,2026-01-20
5652,Malaysia,Customer Support Specialist,Intermediate,2025-03-24
5653,USA,Data Analyst,Advanced,2026-03-03
5654,Netherlands,Marketing Specialist,Advanced,2025-08-21
5655,Australia,Content Creator,Advanced,2026-03-01
5656,France,Designer,Beginner,2025-10-20
5657,UAE,Designer,Beginner,2025-12-30
5658,Saudi Arabia,Researcher,Expert,2025-03-22
5659,,Content Creator,Beginner,2025-02-17
5660,Brazil,Software Developer,Advanced,2025-03-06
5661,Saudi Arabia,Student,Expert,2025-07-25
5662,Singapore,Data Scientist,Beginner,2025-04-23
5663,India,Data Scientist,Advanced,2026-02-26
5664,Italy,Software Developer,Intermediate,2025-10-14
5665,Canada,Software Developer,Intermediate,2025-02-09
5666,India,Designer,Advanced,2025-08-28
5667,Australia,Software Developer,Advanced,2025-12-01
5668,France,Entrepreneur,Intermediate,2026-02-28
5669,Brazil,Business Analyst,Intermediate,2025-01-28
5670,Pakistan,Customer Support Specialist,Advanced,2025-11-28
5671,Netherlands,Teacher,Intermediate,2025-05-19
5672,USA,Data Scientist,Expert,2025-02-09
5673,India,Software Developer,Advanced,2026-02-03
5674,Australia,Data Scientist,Beginner,2025-01-15
5675,United Kingdom,Software Developer,Advanced,2025-03-25
5676,India,Business Analyst,Advanced,2025-02-03
5677,France,Student,Intermediate,2025-01-06
5678,United Kingdom,Student,Advanced,2025-06-08
5679,United Kingdom,Business Analyst,Beginner,2025-04-14
5680,USA,Customer Support Specialist,Intermediate,2025-01-17
5681,United Kingdom,Designer,Beginner,2025-02-13
5682,Australia,Software Developer,Intermediate,2025-10-17
5683,Canada,Entrepreneur,Intermediate,2026-02-09
5684,USA,Marketing Specialist,Beginner,2025-01-25
5685,India,Software Developer,Intermediate,2025-06-08
5686,USA,Student,Expert,2025-07-02
5687,Australia,Software Developer,Beginner,2025-07-23
5688,France,Entrepreneur,Beginner,2025-06-11
5689,Saudi Arabia,Marketing Specialist,Intermediate,2026-01-07
5690,Italy,Teacher,Advanced,2025-03-08
5691,Pakistan,Marketing Specialist,Intermediate,2025-02-19
5692,India,Marketing Specialist,Beginner,2026-01-15
5693,USA,Student,Advanced,2025-09-15
5694,Netherlands,Student,Intermediate,2025-03-18
5695,USA,Entrepreneur,Intermediate,2026-02-12
5696,Saudi Arabia,Teacher,Beginner,2025-10-28
5697,Canada,Customer Support Specialist,Beginner,2025-01-20
5698,France,Customer Support Specialist,Intermediate,2025-03-19
5699,Singapore,Customer Support Specialist,Advanced,2025-02-10
5700,India,Student,Beginner,2025-02-17
5701,Japan,Business Analyst,Intermediate,2025-04-29
5702,Pakistan,Software Developer,Advanced,2026-02-18
5703,Australia,Entrepreneur,Advanced,2025-03-14
5704,Japan,Teacher,Intermediate,2025-03-24
5705,Pakistan,Entrepreneur,Advanced,2025-09-14
5706,Pakistan,Software Developer,Beginner,2026-01-09
5707,Canada,Data Scientist,Beginner,2025-09-25
5708,Canada,Data Analyst,Advanced,2025-06-24
5709,United Kingdom,Marketing Specialist,Beginner,2025-03-09
5710,India,Student,Advanced,2025-07-04
5711,UAE,Data Analyst,Intermediate,2025-08-09
5712,India,Customer Support Specialist,Expert,2025-12-31
5713,Canada,Researcher,Advanced,2025-07-18
5714,Australia,Researcher,Expert,2025-11-09
5715,Germany,Content Creator,Advanced,2025-03-20
5716,France,Researcher,Beginner,2025-09-12
5717,Pakistan,Data Analyst,Intermediate,2025-01-08
5718,United Kingdom,Customer Support Specialist,Intermediate,2025-06-08
5719,Saudi Arabia,Student,Advanced,2026-02-13
5720,Germany,Researcher,Beginner,2025-02-14
5721,Canada,Content Creator,Intermediate,2025-08-21
5722,Netherlands,Entrepreneur,Expert,2025-06-01
5723,France,Customer Support Specialist,Advanced,2025-05-24
5724,India,Student,Beginner,2025-06-30
5725,USA,Data Analyst,Beginner,2025-04-02
5726,Australia,Student,Intermediate,2025-08-24
5727,UAE,Business Analyst,Expert,2025-08-31
5728,France,Student,Intermediate,2026-01-26
5729,India,Data Analyst,Intermediate,2025-11-29
5730,South Korea,Software Developer,Beginner,2025-03-05
5731,India,Researcher,Intermediate,2025-09-07
5732,United Kingdom,Data Analyst,Intermediate,2025-05-27
5733,USA,Designer,Beginner,2025-11-14
5734,Saudi Arabia,Marketing Specialist,Advanced,2025-03-08
5735,Pakistan,Student,Beginner,2025-09-20
5736,Canada,Designer,Intermediate,2025-06-10
5737,UAE,Business Analyst,Advanced,2025-12-16
5738,USA,Content Creator,Beginner,2025-08-19
5739,Australia,Student,Beginner,2025-12-16
5740,Singapore,Marketing Specialist,Intermediate,2025-11-26
5741,USA,Designer,Expert,2026-02-09
5742,Germany,Customer Support Specialist,Beginner,2026-02-25
5743,Canada,Teacher,Intermediate,2025-03-21
5744,USA,Marketing Specialist,Intermediate,2025-05-29
5745,,Teacher,Advanced,2025-10-19
5746,France,Data Analyst,Intermediate,2025-02-07
5747,UAE,Customer Support Specialist,Beginner,2025-08-25
5748,Canada,Student,Beginner,2025-06-28
5749,United Kingdom,Marketing Specialist,Beginner,2025-11-25
5750,Saudi Arabia,Business Analyst,Expert,2026-02-23
5751,India,Marketing Specialist,Intermediate,2025-02-13
5752,Pakistan,Marketing Specialist,Advanced,2025-02-25
5753,USA,Customer Support Specialist,Advanced,2025-07-23
5754,UAE,Teacher,Intermediate,2025-04-13
5755,UAE,Student,Advanced,2025-02-03
5756,USA,Data Scientist,Intermediate,2025-11-06
5757,India,Student,Intermediate,2025-12-26
5758,Singapore,Designer,Intermediate,2025-02-28
5759,India,Student,Intermediate,2025-01-20
5760,UAE,Software Developer,Beginner,2025-08-29
5761,Pakistan,Student,Intermediate,2025-04-20
5762,Saudi Arabia,Student,Intermediate,2025-01-17
5763,Germany,Data Analyst,Advanced,2026-02-01
5764,Canada,Student,Advanced,2026-02-18
5765,India,Entrepreneur,Intermediate,2025-08-09
5766,Germany,Business Analyst,Advanced,2025-04-20
5767,Germany,Teacher,Intermediate,2025-01-12
5768,Canada,Software Developer,Beginner,2025-12-17
5769,Japan,Software Developer,Beginner,2025-05-10
5770,Saudi Arabia,Software Developer,Beginner,2025-02-12
5771,Germany,Marketing Specialist,Advanced,2025-05-21
5772,United Kingdom,Designer,Advanced,2025-06-02
5773,United Kingdom,Marketing Specialist,Advanced,2025-08-20
5774,Pakistan,Student,Beginner,2025-09-26
5775,Germany,Software Developer,Intermediate,2025-05-13
5776,Saudi Arabia,Marketing Specialist,Beginner,2025-01-28
5777,Saudi Arabia,Data Scientist,Advanced,2025-08-08
5778,Germany,Data Analyst,Expert,2026-01-21
5779,India,Customer Support Specialist,Beginner,2025-04-12
5780,India,Data Analyst,Beginner,2025-08-03
5781,Australia,Researcher,Advanced,2025-10-02
5782,India,Student,Advanced,2025-03-24
5783,United Kingdom,Researcher,Intermediate,2025-08-12
5784,USA,Teacher,Advanced,2025-12-21
5785,France,Data Analyst,Beginner,2026-02-26
5786,Pakistan,Data Scientist,Beginner,2026-02-05
5787,Saudi Arabia,Content Creator,Intermediate,2025-04-12
5788,India,Entrepreneur,Beginner,2025-12-08
5789,Saudi Arabia,Customer Support Specialist,Advanced,2025-03-16
5790,South Korea,Content Creator,Beginner,2026-02-26
5791,India,Student,Beginner,2026-01-16
5792,France,Data Scientist,Advanced,2026-01-11
5793,Pakistan,Designer,Expert,2025-03-19
5794,India,Researcher,Advanced,2025-03-17
5795,India,Designer,Intermediate,2025-06-12
5796,UAE,Content Creator,Intermediate,2025-12-12
5797,UAE,Data Analyst,Advanced,2025-09-24
5798,Singapore,Business Analyst,Advanced,2025-08-19
5799,Pakistan,Customer Support Specialist,Intermediate,2025-03-06
5800,Germany,Data Analyst,Expert,2025-11-24
5801,Australia,Teacher,Beginner,2025-02-19
5802,UAE,Teacher,Advanced,2026-01-17
5803,India,Designer,Beginner,2025-08-04
5804,United Kingdom,Data Scientist,Intermediate,2026-02-01
5805,USA,Data Analyst,Beginner,2025-07-13
5806,Netherlands,Designer,Intermediate,2025-04-18
5807,Canada,Content Creator,Expert,2025-12-14
5808,USA,Data Scientist,Expert,2025-01-08
5809,Pakistan,Software Developer,Beginner,2025-07-06
5810,USA,Customer Support Specialist,Beginner,2025-06-07
5811,Netherlands,Customer Support Specialist,Intermediate,2025-03-05
5812,USA,Software Developer,Intermediate,2025-11-29
5813,Pakistan,Marketing Specialist,Intermediate,2025-07-31
5814,Spain,Designer,Advanced,2025-06-30
5815,Brazil,Data Analyst,Beginner,2025-08-07
5816,USA,Software Developer,Intermediate,2026-01-27
5817,India,Student,Expert,2025-04-01
5818,USA,Marketing Specialist,Beginner,2025-07-11
5819,India,Designer,Expert,2025-11-01
5820,Pakistan,Software Developer,Intermediate,2025-08-12
5821,USA,Data Analyst,Intermediate,2026-03-09
5822,USA,Student,Intermediate,2025-12-15
5823,Pakistan,Software Developer,Expert,2025-05-26
5824,Pakistan,Teacher,Intermediate,2025-02-20
5825,United Kingdom,Student,Intermediate,2026-02-17
5826,USA,Student,Advanced,2025-02-15
5827,Australia,Data Analyst,Intermediate,2025-11-12
5828,Brazil,Researcher,Beginner,2025-02-23
5829,Singapore,Data Scientist,Intermediate,2026-01-20
5830,,Business Analyst,Expert,2025-10-06
5831,Netherlands,Software Developer,Expert,2025-08-16
5832,USA,Data Scientist,Intermediate,2026-02-17
5833,United Kingdom,Marketing Specialist,Intermediate,2025-05-29
5834,Spain,Data Scientist,Beginner,2025-04-19
5835,Netherlands,Software Developer,Intermediate,2025-08-21
5836,France,Designer,Advanced,2025-02-28
5837,USA,Business Analyst,Beginner,2025-08-29
5838,Pakistan,Software Developer,Intermediate,2025-06-29
5839,France,Customer Support Specialist,Advanced,2025-08-26
5840,Canada,Customer Support Specialist,Intermediate,2026-02-25
5841,Canada,Marketing Specialist,Intermediate,2026-02-06
5842,Japan,Data Analyst,Intermediate,2025-01-04
5843,Australia,Entrepreneur,Advanced,2026-02-05
5844,United Kingdom,Content Creator,Intermediate,2025-05-26
5845,United Kingdom,Entrepreneur,Expert,2025-12-04
5846,Brazil,Software Developer,Advanced,2026-03-06
5847,Spain,Student,Intermediate,2025-08-01
5848,UAE,Marketing Specialist,Expert,2025-01-03
5849,United Kingdom,Researcher,Advanced,2025-08-01
5850,United Kingdom,Business Analyst,Intermediate,2025-01-14
5851,Pakistan,Software Developer,Intermediate,2025-07-11
5852,Australia,Entrepreneur,Beginner,2025-09-23
5853,Pakistan,Data Analyst,Advanced,2025-11-04
5854,Italy,Content Creator,Intermediate,2025-03-29
5855,Canada,Software Developer,Advanced,2025-08-09
5856,Germany,Content Creator,Advanced,2025-07-20
5857,Saudi Arabia,Teacher,Expert,2025-11-26
5858,South Korea,Marketing Specialist,Beginner,2025-01-27
5859,United Kingdom,Teacher,Beginner,2025-10-23
5860,USA,Software Developer,Advanced,2025-11-22
5861,United Kingdom,Student,Beginner,2026-01-08
5862,Australia,Student,Beginner,2025-06-12
5863,France,Marketing Specialist,Intermediate,2025-08-12
5864,France,Data Scientist,Advanced,2025-12-30
5865,India,Data Analyst,Advanced,2025-09-16
5866,Australia,Data Analyst,Beginner,2025-10-23
5867,Japan,Teacher,Intermediate,2026-03-08
5868,France,Software Developer,Intermediate,2025-05-14
5869,USA,Student,Beginner,2025-03-23
5870,United Kingdom,Student,Intermediate,2025-04-15
5871,USA,Student,Advanced,2025-01-14
5872,Pakistan,Researcher,Intermediate,2025-11-18
5873,Pakistan,Marketing Specialist,Expert,2025-03-20
5874,USA,Software Developer,Intermediate,2025-12-29
5875,Spain,Customer Support Specialist,Intermediate,2025-02-10
5876,United Kingdom,Content Creator,Intermediate,2025-01-13
5877,Germany,Business Analyst,Advanced,2025-03-08
5878,United Kingdom,Student,Intermediate,2025-11-21
5879,United Kingdom,Student,Beginner,2025-07-03
5880,USA,Designer,Advanced,2025-12-01
5881,India,Designer,Intermediate,2025-06-02
5882,USA,Customer Support Specialist,Advanced,2026-03-07
5883,USA,Researcher,Intermediate,2026-02-04
5884,South Korea,Data Scientist,Beginner,2025-07-13
5885,Canada,Business Analyst,Beginner,2025-12-04
5886,Australia,Software Developer,Expert,2025-02-12
5887,USA,Entrepreneur,Intermediate,2025-11-18
5888,United Kingdom,Customer Support Specialist,Expert,2025-10-24
5889,France,Software Developer,Intermediate,2025-02-26
5890,Canada,Designer,Intermediate,2025-11-02
5891,USA,Researcher,Advanced,2025-03-14
5892,USA,Marketing Specialist,Intermediate,2025-04-03
5893,France,Software Developer,Intermediate,2025-09-11
5894,India,Designer,Advanced,2026-03-06
5895,Australia,Software Developer,Intermediate,2025-02-21
5896,Italy,Data Analyst,Advanced,2025-01-12
5897,Australia,Teacher,Beginner,2025-09-07
5898,India,Entrepreneur,Intermediate,2025-02-09
5899,USA,Marketing Specialist,Beginner,2025-08-03
5900,Saudi Arabia,Content Creator,Advanced,2025-06-10
5901,Saudi Arabia,Software Developer,Intermediate,2025-08-19
5902,UAE,Student,Expert,2025-04-03
5903,Australia,Software Developer,Advanced,2025-04-02
5904,,Data Analyst,Advanced,2025-11-20
5905,Singapore,Designer,Beginner,2025-01-17
5906,Pakistan,Student,Intermediate,2025-06-25
5907,,Marketing Specialist,Expert,2025-09-05
5908,India,Data Analyst,Advanced,2025-11-04
5909,UAE,Customer Support Specialist,Beginner,2025-03-23
5910,USA,Marketing Specialist,Intermediate,2025-05-11
5911,United Kingdom,Marketing Specialist,Beginner,2025-04-09
5912,United Kingdom,Content Creator,Intermediate,2025-10-02
5913,France,Student,Intermediate,2025-09-20
5914,India,Student,Beginner,2025-04-21
5915,France,Business Analyst,Intermediate,2025-02-28
5916,USA,Customer Support Specialist,Beginner,2025-01-16
5917,USA,Student,Advanced,2025-04-23
5918,India,Marketing Specialist,Intermediate,2025-12-21
5919,USA,Student,Advanced,2025-05-18
5920,Germany,Software Developer,Beginner,2025-04-13
5921,France,Business Analyst,Intermediate,2025-06-28
5922,Germany,Data Analyst,Intermediate,2025-11-30
5923,USA,Teacher,Intermediate,2026-01-17
5924,Saudi Arabia,Researcher,Advanced,2025-08-12
5925,India,Data Analyst,Expert,2025-07-24
5926,Australia,Business Analyst,Beginner,2025-05-09
5927,Pakistan,Teacher,Beginner,2025-12-18
5928,Canada,Student,Beginner,2026-01-03
5929,India,Data Scientist,Beginner,2025-07-21
5930,Germany,Data Scientist,Beginner,2026-02-11
5931,Brazil,Student,Intermediate,2025-06-09
5932,Australia,Entrepreneur,Beginner,2025-04-16
5933,United Kingdom,Marketing Specialist,Intermediate,2025-09-07
5934,UAE,Customer Support Specialist,Expert,2025-08-17
5935,India,Data Analyst,Expert,2026-01-18
5936,United Kingdom,Data Analyst,Advanced,2025-06-13
5937,India,Data Scientist,Advanced,2025-11-07
5938,USA,Software Developer,Beginner,2025-04-13
5939,Germany,Software Developer,Intermediate,2025-07-11
5940,Germany,Business Analyst,Beginner,2026-02-24
5941,Saudi Arabia,Data Analyst,Advanced,2025-03-27
5942,United Kingdom,Software Developer,Advanced,2025-09-19
5943,India,Data Analyst,Intermediate,2025-07-29
5944,France,Data Analyst,Beginner,2026-02-28
5945,USA,Designer,Intermediate,2025-09-29
5946,India,Software Developer,Intermediate,2025-01-16
5947,Saudi Arabia,Researcher,Advanced,2026-02-19
5948,USA,Customer Support Specialist,Intermediate,2026-02-09
5949,South Korea,Data Scientist,Intermediate,2025-05-06
5950,Pakistan,Student,Advanced,2025-12-03
5951,UAE,Customer Support Specialist,Intermediate,2025-03-16
5952,United Kingdom,Software Developer,Expert,2025-03-04
5953,Canada,Researcher,Intermediate,2025-12-19
5954,Canada,Customer Support Specialist,Beginner,2025-06-18
5955,India,Data Analyst,Advanced,2025-10-18
5956,,Software Developer,Beginner,2025-04-30
5957,Canada,Student,Beginner,2025-07-17
5958,Italy,Customer Support Specialist,Beginner,2025-04-19
5959,Australia,Marketing Specialist,Beginner,2025-02-22
5960,India,Designer,Intermediate,2026-01-02
5961,India,Teacher,Intermediate,2026-02-18
5962,France,Data Analyst,Intermediate,2025-02-08
5963,India,Designer,Advanced,2025-11-27
5964,UAE,Student,Advanced,2026-01-23
5965,Spain,Content Creator,Beginner,2026-02-21
5966,France,Software Developer,Advanced,2025-04-11
5967,Canada,Student,Beginner,2025-09-10
5968,Pakistan,Entrepreneur,Beginner,2025-05-21
5969,United Kingdom,Customer Support Specialist,Intermediate,2025-03-05
5970,Pakistan,Marketing Specialist,Intermediate,2025-11-04
5971,USA,Software Developer,Intermediate,2025-07-16
5972,Netherlands,Software Developer,Beginner,2025-01-11
5973,Pakistan,Teacher,Beginner,2025-11-26
5974,Brazil,Software Developer,Expert,2025-10-22
5975,Canada,Content Creator,Intermediate,2025-08-25
5976,Saudi Arabia,Data Analyst,Beginner,2026-03-07
5977,Pakistan,Business Analyst,Advanced,2025-01-19
5978,Canada,Marketing Specialist,Beginner,2025-09-28
5979,Japan,Teacher,Advanced,2025-11-27
5980,United Kingdom,Customer Support Specialist,Advanced,2025-08-29
5981,France,Student,Intermediate,2026-02-15
5982,Canada,Student,Intermediate,2025-06-04
5983,Pakistan,Marketing Specialist,Intermediate,2026-01-21
5984,India,Teacher,Intermediate,2025-02-10
5985,USA,Student,Advanced,2025-06-10
5986,UAE,Student,Expert,2025-01-25
5987,USA,Customer Support Specialist,Beginner,2025-12-23
5988,USA,Student,Intermediate,2025-09-10
5989,Canada,Teacher,Advanced,2025-03-04
5990,Pakistan,Student,Beginner,2025-11-13
5991,USA,Content Creator,Beginner,2025-04-25
5992,Australia,Designer,Beginner,2025-01-06
5993,Canada,Data Analyst,Intermediate,2025-06-15
5994,Saudi Arabia,Student,Beginner,2026-01-06
5995,Australia,Data Analyst,Advanced,2025-03-29
5996,United Kingdom,Student,Advanced,2026-01-06
5997,Australia,Software Developer,Beginner,2025-07-08
5998,Singapore,Software Developer,Intermediate,2025-10-03
5999,Australia,Content Creator,Advanced,2025-12-19
6000,Australia,Researcher,Advanced,2025-05-13
6001,France,Student,Intermediate,2025-01-23
6002,Australia,Business Analyst,Beginner,2025-06-05
6003,,Customer Support Specialist,Intermediate,2025-06-18
6004,USA,Content Creator,Expert,2026-02-10
6005,Japan,Teacher,Beginner,2025-05-19
6006,Singapore,Designer,Advanced,2025-03-12
6007,India,Software Developer,Intermediate,2025-03-03
6008,India,Researcher,Expert,2025-03-17
6009,Australia,Entrepreneur,Intermediate,2026-03-12
6010,UAE,Business Analyst,Advanced,2025-07-31
6011,United Kingdom,Content Creator,Advanced,2025-12-09
6012,India,Teacher,Expert,2025-09-28
6013,United Kingdom,Researcher,Advanced,2025-09-02
6014,France,Marketing Specialist,Advanced,2025-05-24
6015,United Kingdom,Software Developer,Advanced,2026-01-10
6016,France,Business Analyst,Beginner,2025-02-17
6017,USA,Customer Support Specialist,Beginner,2025-06-01
6018,Saudi Arabia,Business Analyst,Advanced,2025-06-30
6019,USA,Content Creator,Advanced,2025-05-05
6020,Pakistan,Student,Intermediate,2026-01-12
6021,USA,Entrepreneur,Advanced,2025-12-22
6022,South Korea,Marketing Specialist,Advanced,2025-09-11
6023,India,Content Creator,Intermediate,2025-01-07
6024,Brazil,Business Analyst,Expert,2025-08-28
6025,Singapore,Business Analyst,Beginner,2025-04-07
6026,Japan,Marketing Specialist,Intermediate,2025-06-24
6027,USA,Content Creator,Intermediate,2025-10-30
6028,United Kingdom,Content Creator,Expert,2025-09-21
6029,Japan,Student,Intermediate,2026-01-25
6030,India,Student,Beginner,2025-12-29
6031,Malaysia,Marketing Specialist,Beginner,2025-03-20
6032,Pakistan,Marketing Specialist,Intermediate,2025-02-24
6033,,Customer Support Specialist,Beginner,2025-04-23
6034,USA,Software Developer,Intermediate,2025-07-17
6035,USA,Software Developer,Intermediate,2025-11-14
6036,Germany,Software Developer,Intermediate,2026-02-04
6037,Pakistan,Data Analyst,Intermediate,2025-02-05
6038,USA,Software Developer,Intermediate,2025-03-26
6039,India,Software Developer,Intermediate,2025-10-23
6040,Netherlands,Researcher,Advanced,2025-03-17
6041,Singapore,Customer Support Specialist,Advanced,2025-02-24
6042,Germany,Student,Beginner,2025-05-04
6043,France,Customer Support Specialist,Intermediate,2025-08-24
6044,Australia,Designer,Intermediate,2025-01-15
6045,Pakistan,Designer,Intermediate,2025-09-29
6046,UAE,Business Analyst,Advanced,2025-05-16
6047,India,Entrepreneur,Intermediate,2025-10-09
6048,India,Researcher,Intermediate,2025-08-09
6049,USA,Student,Advanced,2025-07-23
6050,India,Content Creator,Advanced,2025-09-18
6051,Australia,Entrepreneur,Intermediate,2025-08-14
6052,USA,Student,Intermediate,2025-02-20
6053,Australia,Software Developer,Intermediate,2025-07-15
6054,UAE,Content Creator,Advanced,2025-08-05
6055,Saudi Arabia,Teacher,Advanced,2025-04-07
6056,United Kingdom,Customer Support Specialist,Intermediate,2025-11-01
6057,India,Data Scientist,Advanced,2025-11-08
6058,Netherlands,Data Analyst,Beginner,2025-08-10
6059,Brazil,Entrepreneur,Beginner,2025-01-26
6060,Pakistan,Content Creator,Intermediate,2025-02-26
6061,Singapore,Software Developer,Beginner,2025-01-28
6062,India,Data Scientist,Beginner,2025-10-22
6063,USA,Teacher,Beginner,2025-02-03
6064,Netherlands,Student,Advanced,2025-05-22
6065,India,Data Scientist,Intermediate,2025-11-14
6066,Canada,Teacher,Advanced,2025-07-27
6067,France,Student,Advanced,2025-02-21
6068,Germany,Customer Support Specialist,Advanced,2026-02-26
6069,USA,Student,Intermediate,2025-05-18
6070,Australia,Marketing Specialist,Advanced,2025-03-29
6071,India,Data Analyst,Beginner,2025-06-27
6072,Canada,Content Creator,Intermediate,2025-12-28
6073,Germany,Software Developer,Beginner,2026-01-11
6074,Australia,Student,Advanced,2025-04-05
6075,Japan,Business Analyst,Beginner,2025-12-25
6076,United Kingdom,Researcher,Advanced,2026-01-14
6077,Saudi Arabia,Data Analyst,Beginner,2025-12-19
6078,Germany,Teacher,Intermediate,2025-06-11
6079,USA,Researcher,Beginner,2025-03-27
6080,USA,Data Analyst,Intermediate,2025-08-22
6081,Germany,Student,Beginner,2025-01-07
6082,USA,Data Scientist,Advanced,2025-08-08
6083,USA,Marketing Specialist,Beginner,2025-04-01
6084,India,Data Analyst,Beginner,2025-02-09
6085,,Student,Advanced,2026-01-25
6086,USA,Data Analyst,Intermediate,2025-11-01
6087,UAE,Data Scientist,Intermediate,2025-08-31
6088,India,Software Developer,Expert,2025-09-08
6089,Canada,Teacher,Advanced,2025-08-30
6090,Canada,Software Developer,Intermediate,2026-02-24
6091,USA,Student,Intermediate,2025-12-15
6092,Saudi Arabia,Content Creator,Advanced,2026-03-04
6093,USA,Student,Beginner,2025-09-15
6094,Australia,Customer Support Specialist,Beginner,2025-03-17
6095,USA,Designer,Advanced,2025-02-21
6096,Canada,Software Developer,Expert,2026-01-12
6097,Japan,Software Developer,Expert,2025-09-09
6098,United Kingdom,Student,Intermediate,2025-10-07
6099,Japan,Content Creator,Beginner,2025-09-07
6100,Italy,Data Analyst,Advanced,2025-08-23
6101,Germany,Data Analyst,Beginner,2025-06-30
6102,Singapore,Student,Advanced,2025-06-20
6103,United Kingdom,Researcher,Intermediate,2026-02-01
6104,India,Student,Advanced,2026-03-08
6105,United Kingdom,Data Analyst,Expert,2025-02-27
6106,Saudi Arabia,Software Developer,Expert,2025-09-23
6107,Australia,Data Analyst,Beginner,2025-01-11
6108,Australia,Teacher,Beginner,2025-07-30
6109,India,Data Scientist,Intermediate,2025-12-04
6110,USA,Software Developer,Advanced,2025-07-02
6111,UAE,Designer,Intermediate,2025-05-06
6112,United Kingdom,Student,Expert,2025-12-23
6113,UAE,Data Analyst,Intermediate,2025-07-04
6114,Canada,Marketing Specialist,Intermediate,2025-02-15
6115,Saudi Arabia,Teacher,Intermediate,2025-07-13
6116,Singapore,Teacher,Advanced,2025-05-21
6117,Italy,Data Scientist,Beginner,2025-12-14
6118,Brazil,Teacher,Expert,2025-08-19
6119,USA,Content Creator,Beginner,2025-09-27
6120,United Kingdom,Data Analyst,Beginner,2025-12-14
6121,USA,Content Creator,Intermediate,2025-06-19
6122,USA,Student,Beginner,2025-08-02
6123,Spain,Student,Intermediate,2025-05-22
6124,Japan,Content Creator,Advanced,2025-01-22
6125,Germany,Customer Support Specialist,Beginner,2025-12-26
6126,South Korea,Business Analyst,Intermediate,2025-11-10
6127,France,Content Creator,Beginner,2026-02-12
6128,India,Customer Support Specialist,Intermediate,2026-02-10
6129,Pakistan,Teacher,Intermediate,2025-05-28
6130,USA,Researcher,Advanced,2025-01-05
6131,USA,Customer Support Specialist,Beginner,2025-12-17
6132,United Kingdom,Software Developer,Intermediate,2025-12-15
6133,Pakistan,Student,Advanced,2025-05-29
6134,USA,Teacher,Intermediate,2025-12-07
6135,South Korea,Marketing Specialist,Beginner,2025-09-07
6136,USA,Entrepreneur,Advanced,2026-02-14
6137,Pakistan,Marketing Specialist,Intermediate,2025-08-21
6138,Italy,Customer Support Specialist,Expert,2025-05-25
6139,Singapore,Entrepreneur,Beginner,2025-03-05
6140,Japan,Researcher,Expert,2025-06-06
6141,Canada,Software Developer,Intermediate,2025-06-30
6142,France,Data Analyst,Intermediate,2025-01-01
6143,Germany,Student,Intermediate,2025-03-12
6144,USA,Customer Support Specialist,Advanced,2025-05-26
6145,USA,Teacher,Advanced,2025-09-15
6146,USA,Student,Intermediate,2026-01-29
6147,United Kingdom,Teacher,Intermediate,2025-02-14
6148,USA,Customer Support Specialist,Beginner,2025-03-15
6149,Australia,Data Analyst,Intermediate,2025-04-11
6150,United Kingdom,Data Analyst,Intermediate,2025-02-11
6151,USA,Marketing Specialist,Advanced,2025-01-17
6152,USA,Business Analyst,Beginner,2025-07-01
6153,India,Content Creator,Intermediate,2025-12-14
6154,United Kingdom,Software Developer,Advanced,2025-08-05
6155,Germany,Software Developer,Intermediate,2025-02-20
6156,Saudi Arabia,Marketing Specialist,Beginner,2025-06-04
6157,Pakistan,Data Scientist,Intermediate,2025-03-30
6158,Japan,Student,Intermediate,2025-12-14
6159,Brazil,Marketing Specialist,Intermediate,2026-02-16
6160,India,Marketing Specialist,Intermediate,2025-12-16
6161,Pakistan,Customer Support Specialist,Advanced,2025-05-09
6162,UAE,Designer,Intermediate,2025-10-11
6163,India,Data Scientist,Advanced,2025-06-06
6164,United Kingdom,Entrepreneur,Beginner,2025-10-18
6165,United Kingdom,Content Creator,Intermediate,2025-08-25
6166,Brazil,Customer Support Specialist,Beginner,2025-07-12
6167,USA,Software Developer,Advanced,2026-03-03
6168,Pakistan,Researcher,Intermediate,2025-03-12
6169,Germany,Teacher,Intermediate,2025-12-22
6170,Canada,Software Developer,Intermediate,2025-12-17
6171,Canada,Student,Expert,2025-08-28
6172,Brazil,Business Analyst,Intermediate,2025-08-27
6173,Australia,Student,Beginner,2025-07-30
6174,Pakistan,Software Developer,Intermediate,2025-10-14
6175,United Kingdom,Customer Support Specialist,Intermediate,2026-01-28
6176,Brazil,Data Analyst,Beginner,2026-01-22
6177,Canada,Content Creator,Beginner,2025-06-04
6178,India,Student,Intermediate,2025-10-25
6179,Australia,Designer,Beginner,2025-03-07
6180,Brazil,Data Scientist,Advanced,2025-10-17
6181,UAE,Customer Support Specialist,Intermediate,2025-01-28
6182,Germany,Student,Advanced,2025-07-21
6183,United Kingdom,Student,Advanced,2025-12-10
6184,USA,Entrepreneur,Advanced,2026-02-18
6185,United Kingdom,Designer,Intermediate,2025-09-23
6186,South Korea,Software Developer,Intermediate,2025-01-28
6187,France,Customer Support Specialist,Advanced,2025-05-19
6188,France,Software Developer,Intermediate,2025-11-29
6189,USA,Entrepreneur,Advanced,2025-11-01
6190,UAE,Content Creator,Intermediate,2025-05-29
6191,USA,Student,Beginner,2025-12-20
6192,Australia,Data Analyst,Advanced,2025-02-01
6193,Australia,Student,Beginner,2025-10-27
6194,India,Student,Advanced,2026-01-14
6195,USA,Business Analyst,Advanced,2025-12-26
6196,India,Researcher,Advanced,2025-03-15
6197,UAE,Data Analyst,Beginner,2025-09-11
6198,India,Student,Advanced,2025-12-12
6199,Australia,Entrepreneur,Beginner,2025-03-21
6200,USA,Researcher,Beginner,2025-06-09
6201,Pakistan,Marketing Specialist,Beginner,2025-01-04
6202,France,Student,Intermediate,2025-11-16
6203,Japan,Data Analyst,Expert,2025-02-28
6204,Canada,Entrepreneur,Beginner,2025-03-20
6205,Germany,Student,Advanced,2025-03-03
6206,Germany,Designer,Expert,2025-05-07
6207,Pakistan,Data Analyst,Intermediate,2025-08-31
6208,Germany,Student,Intermediate,2025-09-16
6209,Italy,Researcher,Beginner,2025-01-29
6210,India,Customer Support Specialist,Advanced,2025-06-03
6211,Netherlands,Data Scientist,Advanced,2025-04-05
6212,Australia,Data Scientist,Intermediate,2026-03-07
6213,Germany,Designer,Advanced,2025-05-14
6214,Japan,Business Analyst,Advanced,2025-12-15
6215,United Kingdom,Student,Advanced,2025-12-03
6216,United Kingdom,Data Scientist,Intermediate,2025-08-10
6217,USA,Researcher,Intermediate,2025-01-12
6218,India,Customer Support Specialist,Advanced,2026-02-24
6219,Saudi Arabia,Content Creator,Advanced,2025-05-04
6220,UAE,Marketing Specialist,Expert,2026-01-15
6221,India,Customer Support Specialist,Intermediate,2025-04-13
6222,Canada,Software Developer,Intermediate,2025-05-29
6223,Germany,Customer Support Specialist,Expert,2025-02-21
6224,Italy,Student,Expert,2025-09-10
6225,United Kingdom,Business Analyst,Beginner,2025-05-21
6226,United Kingdom,Customer Support Specialist,Expert,2025-12-24
6227,France,Teacher,Beginner,2025-08-26
6228,Australia,Marketing Specialist,Beginner,2025-08-06
6229,USA,Software Developer,Advanced,2025-05-26
6230,USA,Student,Intermediate,2025-10-16
6231,Canada,Researcher,Advanced,2025-10-25
6232,Canada,Student,Intermediate,2025-11-27
6233,Singapore,Student,Beginner,2025-12-03
6234,UAE,Student,Advanced,2025-01-22
6235,India,Researcher,Beginner,2025-07-01
6236,Pakistan,Student,Advanced,2025-08-28
6237,Italy,Student,Advanced,2025-08-23
6238,Australia,Customer Support Specialist,Advanced,2025-03-23
6239,USA,Researcher,Intermediate,2025-09-15
6240,USA,Data Scientist,Expert,2025-12-28
6241,Netherlands,Teacher,Expert,2025-09-20
6242,Saudi Arabia,Software Developer,Beginner,2025-12-02
6243,USA,Software Developer,Beginner,2025-12-02
6244,United Kingdom,Business Analyst,Advanced,2025-06-23
6245,Germany,Entrepreneur,Intermediate,2026-02-07
6246,Brazil,Student,Beginner,2026-02-06
6247,Netherlands,Student,Intermediate,2025-06-05
6248,India,Content Creator,Expert,2025-02-04
6249,USA,Entrepreneur,Beginner,2025-11-27
6250,Pakistan,Data Analyst,Advanced,2025-08-30
6251,USA,Marketing Specialist,Beginner,2025-04-03
6252,USA,Teacher,Beginner,2025-09-17
6253,India,Data Scientist,Intermediate,2025-09-27
6254,France,Software Developer,Beginner,2025-12-24
6255,United Kingdom,Student,Advanced,2025-10-25
6256,Saudi Arabia,Content Creator,Intermediate,2025-11-13
6257,Australia,Business Analyst,Intermediate,2025-02-04
6258,Saudi Arabia,Teacher,Intermediate,2026-03-13
6259,India,Teacher,Beginner,2025-04-29
6260,UAE,Teacher,Advanced,2025-02-24
6261,United Kingdom,Data Analyst,Beginner,2025-12-14
6262,UAE,Entrepreneur,Advanced,2026-01-25
6263,USA,Customer Support Specialist,Expert,2026-01-31
6264,United Kingdom,Marketing Specialist,Advanced,2026-01-11
6265,Australia,Customer Support Specialist,Beginner,2025-02-23
6266,Germany,Researcher,Advanced,2025-03-31
6267,Singapore,Customer Support Specialist,Intermediate,2025-07-16
6268,Japan,Student,Intermediate,2025-08-04
6269,India,Business Analyst,Expert,2025-02-01
6270,India,Software Developer,Advanced,2025-02-28
6271,Germany,Customer Support Specialist,Beginner,2026-01-19
6272,USA,Designer,Beginner,2026-01-26
6273,India,Software Developer,Beginner,2025-11-20
6274,USA,Customer Support Specialist,Beginner,2025-03-31
6275,United Kingdom,Entrepreneur,Advanced,2025-12-24
6276,Germany,Researcher,Advanced,2025-03-10
6277,Singapore,Content Creator,Advanced,2025-10-21
6278,Canada,Data Scientist,Advanced,2025-04-11
6279,Canada,Entrepreneur,Beginner,2025-08-13
6280,Pakistan,Customer Support Specialist,Beginner,2025-04-26
6281,Spain,Customer Support Specialist,Advanced,2025-03-24
6282,Canada,Content Creator,Advanced,2025-09-28
6283,UAE,Content Creator,Expert,2025-04-09
6284,France,Customer Support Specialist,Beginner,2025-01-13
6285,USA,Student,Intermediate,2025-12-09
6286,Saudi Arabia,Data Analyst,Expert,2025-01-18
6287,India,Student,Beginner,2025-01-03
6288,Canada,Software Developer,Beginner,2025-07-28
6289,UAE,Data Analyst,Beginner,2025-02-06
6290,Saudi Arabia,Software Developer,Intermediate,2025-12-16
6291,USA,Student,Advanced,2026-01-08
6292,USA,Entrepreneur,Expert,2025-09-12
6293,USA,Customer Support Specialist,Beginner,2025-04-17
6294,USA,Software Developer,Intermediate,2025-08-31
6295,Germany,Student,Advanced,2025-07-02
6296,Australia,Student,Advanced,2025-10-14
6297,Spain,Software Developer,Intermediate,2026-02-15
6298,United Kingdom,Designer,Intermediate,2025-08-07
6299,India,Content Creator,Intermediate,2025-02-06
6300,Canada,Software Developer,Intermediate,2025-03-07
6301,Pakistan,Designer,Expert,2025-06-02
6302,United Kingdom,Software Developer,Intermediate,2025-09-13
6303,Japan,Teacher,Intermediate,2025-11-04
6304,India,Student,Intermediate,2025-01-12
6305,South Korea,Content Creator,Advanced,2025-05-29
6306,United Kingdom,Student,Advanced,2025-05-09
6307,United Kingdom,Customer Support Specialist,Intermediate,2025-07-03
6308,USA,Content Creator,Beginner,2025-03-22
6309,India,Student,Advanced,2025-02-08
6310,United Kingdom,Software Developer,Intermediate,2025-05-04
6311,Pakistan,Entrepreneur,Intermediate,2025-11-09
6312,Australia,Data Analyst,Advanced,2025-07-24
6313,Australia,Entrepreneur,Beginner,2025-10-07
6314,United Kingdom,Content Creator,Beginner,2025-02-26
6315,Pakistan,Customer Support Specialist,Intermediate,2025-05-15
6316,South Korea,Software Developer,Advanced,2025-01-17
6317,Germany,Designer,Expert,2025-05-14
6318,USA,Entrepreneur,Advanced,2026-01-27
6319,India,Entrepreneur,Intermediate,2025-04-15
6320,Saudi Arabia,Student,Advanced,2026-01-11
6321,Germany,Data Analyst,Intermediate,2026-01-23
6322,India,Student,Beginner,2025-02-01
6323,USA,Data Analyst,Intermediate,2025-02-07
6324,United Kingdom,Designer,Beginner,2025-10-16
6325,France,Researcher,Intermediate,2025-12-26
6326,Brazil,Content Creator,Advanced,2026-02-18
6327,India,Software Developer,Advanced,2025-02-06
6328,Japan,Software Developer,Intermediate,2025-11-03
6329,France,Content Creator,Advanced,2025-02-11
6330,USA,Student,Beginner,2025-09-03
6331,Pakistan,Software Developer,Advanced,2025-05-19
6332,Canada,Business Analyst,Beginner,2025-02-23
6333,India,Data Scientist,Intermediate,2025-09-17
6334,Saudi Arabia,Student,Beginner,2025-06-29
6335,USA,Software Developer,Advanced,2025-06-05
6336,United Kingdom,Researcher,Advanced,2025-04-27
6337,USA,Data Analyst,Advanced,2025-01-29
6338,Australia,Student,Beginner,2026-02-05
6339,USA,Data Scientist,Beginner,2025-10-01
6340,India,Student,Beginner,2025-07-14
6341,USA,Entrepreneur,Intermediate,2026-01-13
6342,Spain,Student,Advanced,2025-09-04
6343,India,Marketing Specialist,Beginner,2026-01-28
6344,USA,Customer Support Specialist,Intermediate,2025-03-06
6345,Netherlands,Student,Intermediate,2025-08-07
6346,Pakistan,Researcher,Intermediate,2025-03-01
6347,Netherlands,Software Developer,Advanced,2025-11-12
6348,Pakistan,Data Analyst,Intermediate,2025-07-08
6349,United Kingdom,Software Developer,Beginner,2025-06-25
6350,Pakistan,Student,Intermediate,2025-01-30
6351,USA,Software Developer,Expert,2025-02-17
6352,Spain,Designer,Expert,2025-04-27
6353,France,Software Developer,Beginner,2026-01-21
6354,Netherlands,Content Creator,Advanced,2026-02-11
6355,Brazil,Student,Beginner,2025-01-24
6356,India,Software Developer,Beginner,2025-01-08
6357,Pakistan,Software Developer,Beginner,2025-05-08
6358,United Kingdom,Student,Intermediate,2025-02-09
6359,Pakistan,Content Creator,Expert,2025-08-13
6360,USA,Software Developer,Advanced,2025-01-23
6361,United Kingdom,Teacher,Beginner,2025-11-05
6362,Japan,Entrepreneur,Intermediate,2025-05-06
6363,USA,Entrepreneur,Advanced,2025-03-08
6364,UAE,Software Developer,Advanced,2025-09-03
6365,USA,Data Analyst,Intermediate,2025-12-03
6366,India,Content Creator,Intermediate,2025-05-09
6367,USA,Content Creator,Expert,2025-04-16
6368,USA,Marketing Specialist,Intermediate,2026-01-12
6369,United Kingdom,Data Scientist,Intermediate,2025-04-23
6370,USA,Customer Support Specialist,Intermediate,2025-06-04
6371,United Kingdom,Student,Intermediate,2026-02-04
6372,Pakistan,Student,Intermediate,2025-12-01
6373,India,Data Analyst,Intermediate,2025-05-17
6374,Japan,Data Analyst,Beginner,2025-10-05
6375,India,Customer Support Specialist,Advanced,2025-01-28
6376,Germany,Entrepreneur,Intermediate,2025-07-30
6377,South Korea,Data Scientist,Beginner,2025-11-15
6378,Germany,Student,Intermediate,2025-02-10
6379,India,Marketing Specialist,Beginner,2025-03-12
6380,USA,Entrepreneur,Advanced,2025-09-24
6381,Malaysia,Researcher,Advanced,2026-01-15
6382,Canada,Software Developer,Beginner,2025-03-04
6383,India,Entrepreneur,Beginner,2026-02-22
6384,Netherlands,Designer,Advanced,2025-01-19
6385,USA,Data Scientist,Expert,2025-12-24
6386,India,Data Scientist,Beginner,2026-01-27
6387,USA,Data Analyst,Intermediate,2025-02-28
6388,United Kingdom,Marketing Specialist,Beginner,2026-03-05
6389,Saudi Arabia,Teacher,Beginner,2025-05-23
6390,Pakistan,Software Developer,Advanced,2025-06-03
6391,Australia,Entrepreneur,Beginner,2025-02-13
6392,United Kingdom,Data Analyst,Intermediate,2025-11-09
6393,Canada,Software Developer,Advanced,2025-01-10
6394,Canada,Business Analyst,Beginner,2025-07-16
6395,Brazil,Customer Support Specialist,Expert,2025-04-25
6396,UAE,Business Analyst,Intermediate,2025-04-05
6397,India,Content Creator,Advanced,2025-09-30
6398,South Korea,Marketing Specialist,Beginner,2025-06-06
6399,France,Customer Support Specialist,Beginner,2026-01-26
6400,India,Marketing Specialist,Beginner,2025-01-14
6401,USA,Student,Advanced,2026-01-22
6402,USA,Student,Advanced,2026-03-01
6403,Italy,Customer Support Specialist,Intermediate,2026-02-19
6404,Italy,Software Developer,Advanced,2025-04-21
6405,France,Data Scientist,Intermediate,2025-06-24
6406,USA,Business Analyst,Intermediate,2025-11-15
6407,Germany,Data Analyst,Beginner,2025-08-07
6408,South Korea,Teacher,Expert,2026-01-12
6409,India,Data Analyst,Intermediate,2026-02-18
6410,United Kingdom,Data Analyst,Advanced,2025-07-18
6411,Pakistan,Data Analyst,Intermediate,2025-12-14
6412,Canada,Researcher,Intermediate,2025-10-01
6413,Canada,Software Developer,Expert,2025-10-21
6414,Netherlands,Content Creator,Beginner,2026-01-29
6415,Canada,Content Creator,Expert,2025-03-25
6416,South Korea,Business Analyst,Beginner,2025-08-28
6417,Italy,Marketing Specialist,Advanced,2025-05-02
6418,Pakistan,Student,Intermediate,2025-01-08
6419,USA,Student,Advanced,2025-12-16
6420,USA,Data Analyst,Beginner,2025-02-13
6421,Pakistan,Customer Support Specialist,Beginner,2026-01-30
6422,USA,Entrepreneur,Advanced,2025-06-22
6423,USA,Teacher,Advanced,2025-01-20
6424,UAE,Designer,Expert,2025-07-05
6425,USA,Data Analyst,Intermediate,2025-05-09
6426,United Kingdom,Entrepreneur,Intermediate,2026-02-19
6427,USA,Student,Intermediate,2025-01-07
6428,Italy,Marketing Specialist,Intermediate,2025-10-19
6429,Australia,Teacher,Intermediate,2026-03-05
6430,India,Business Analyst,Advanced,2025-04-02
6431,UAE,Customer Support Specialist,Advanced,2025-01-09
6432,Japan,Customer Support Specialist,Beginner,2025-08-27
6433,United Kingdom,Marketing Specialist,Intermediate,2025-07-03
6434,Japan,Teacher,Advanced,2026-03-09
6435,South Korea,Data Scientist,Advanced,2025-07-29
6436,Canada,Student,Beginner,2025-02-10
6437,Brazil,Marketing Specialist,Advanced,2025-11-09
6438,Canada,Data Analyst,Intermediate,2025-02-02
6439,Pakistan,Customer Support Specialist,Beginner,2025-05-13
6440,South Korea,Customer Support Specialist,Expert,2025-05-22
6441,United Kingdom,Customer Support Specialist,Intermediate,2025-09-11
6442,USA,Data Analyst,Expert,2025-11-19
6443,USA,Marketing Specialist,Beginner,2025-11-13
6444,India,Software Developer,Advanced,2025-04-30
6445,Germany,Entrepreneur,Advanced,2025-01-20
6446,Malaysia,Designer,Intermediate,2025-09-17
6447,Canada,Designer,Advanced,2025-10-24
6448,France,Teacher,Advanced,2025-10-11
6449,India,Content Creator,Beginner,2025-02-01
6450,Germany,Content Creator,Expert,2025-05-13
6451,USA,Software Developer,Beginner,2025-01-09
6452,Pakistan,Business Analyst,Advanced,2026-03-11
6453,Australia,Entrepreneur,Intermediate,2026-01-03
6454,USA,Software Developer,Advanced,2025-05-01
6455,Australia,Researcher,Intermediate,2025-02-09
6456,Pakistan,Customer Support Specialist,Beginner,2025-02-27
6457,UAE,Data Scientist,Beginner,2025-05-02
6458,UAE,Student,Advanced,2025-10-20
6459,Australia,Designer,Advanced,2026-02-26
6460,Germany,Data Scientist,Advanced,2025-02-06
6461,Germany,Software Developer,Expert,2025-05-25
6462,Canada,Business Analyst,Advanced,2025-06-17
6463,United Kingdom,Designer,Intermediate,2025-07-04
6464,United Kingdom,Entrepreneur,Advanced,2025-07-28
6465,USA,Marketing Specialist,Expert,2025-07-11
6466,Germany,Teacher,Advanced,2025-05-31
6467,Pakistan,Student,Advanced,2025-03-24
6468,United Kingdom,Marketing Specialist,Advanced,2025-05-29
6469,UAE,Data Scientist,Beginner,2025-10-30
6470,India,Designer,Intermediate,2025-11-08
6471,Canada,Software Developer,Intermediate,2025-06-10
6472,Pakistan,Designer,Intermediate,2026-02-04
6473,India,Entrepreneur,Beginner,2026-02-06
6474,France,Entrepreneur,Intermediate,2025-06-26
6475,Singapore,Software Developer,Intermediate,2025-07-13
6476,United Kingdom,Software Developer,Intermediate,2025-01-17
6477,Pakistan,Content Creator,Expert,2025-03-18
6478,USA,Student,Intermediate,2025-11-29
6479,United Kingdom,Teacher,Intermediate,2025-02-09
6480,USA,Researcher,Advanced,2025-04-25
6481,Canada,Marketing Specialist,Beginner,2025-10-22
6482,India,Data Analyst,Intermediate,2026-01-11
6483,Netherlands,Designer,Beginner,2026-01-11
6484,India,Student,Intermediate,2025-09-28
6485,United Kingdom,Student,Intermediate,2025-11-07
6486,India,Software Developer,Beginner,2025-09-26
6487,India,Software Developer,Intermediate,2025-06-12
6488,UAE,Researcher,Intermediate,2026-03-05
6489,Singapore,Data Scientist,Advanced,2025-05-05
6490,Pakistan,Student,Intermediate,2026-02-14
6491,USA,Customer Support Specialist,Beginner,2025-07-05
6492,Pakistan,Student,Beginner,2025-06-11
6493,USA,Software Developer,Beginner,2025-03-01
6494,Singapore,Student,Beginner,2025-08-16
6495,France,Customer Support Specialist,Beginner,2025-07-29
6496,India,Customer Support Specialist,Beginner,2025-06-30
6497,Canada,Data Analyst,Expert,2025-02-09
6498,South Korea,Business Analyst,Intermediate,2025-12-01
6499,Pakistan,Data Scientist,Advanced,2025-04-28
6500,Netherlands,Student,Advanced,2025-08-03
6501,USA,Student,Intermediate,2026-02-28
6502,Pakistan,Student,Beginner,2025-03-06
6503,Saudi Arabia,Entrepreneur,Expert,2025-05-06
6504,Australia,Marketing Specialist,Beginner,2025-07-28
6505,South Korea,Marketing Specialist,Advanced,2025-12-07
6506,France,Business Analyst,Beginner,2025-05-14
6507,India,Content Creator,Advanced,2025-06-24
6508,France,Student,Intermediate,2025-02-11
6509,Australia,Teacher,Intermediate,2025-09-16
6510,India,Entrepreneur,Intermediate,2025-10-22
6511,Saudi Arabia,Data Analyst,Intermediate,2026-01-31
6512,Singapore,Software Developer,Intermediate,2025-04-03
6513,United Kingdom,Teacher,Beginner,2025-01-08
6514,India,Entrepreneur,Intermediate,2025-08-03
6515,USA,Data Analyst,Expert,2025-10-11
6516,India,Marketing Specialist,Intermediate,2025-08-29
6517,Brazil,Teacher,Intermediate,2025-03-06
6518,USA,Business Analyst,Intermediate,2026-03-03
6519,Spain,Designer,Advanced,2025-12-20
6520,USA,Teacher,Intermediate,2025-02-07
6521,Pakistan,Software Developer,Beginner,2025-09-29
6522,India,Student,Advanced,2025-08-05
6523,Pakistan,Researcher,Beginner,2025-07-25
6524,Germany,Designer,Expert,2025-05-04
6525,Japan,Student,Advanced,2025-03-02
6526,India,Marketing Specialist,Beginner,2026-02-27
6527,Pakistan,Data Analyst,Advanced,2025-10-30
6528,United Kingdom,Teacher,Intermediate,2025-02-25
6529,USA,Researcher,Advanced,2025-01-24
6530,Brazil,Marketing Specialist,Advanced,2025-07-01
6531,UAE,Data Analyst,Beginner,2025-07-29
6532,USA,Student,Intermediate,2026-01-15
6533,South Korea,Student,Advanced,2025-05-29
6534,Australia,Data Analyst,Beginner,2025-12-25
6535,Canada,Researcher,Expert,2025-04-04
6536,Pakistan,Entrepreneur,Intermediate,2025-10-29
6537,France,Marketing Specialist,Beginner,2025-09-18
6538,USA,Software Developer,Intermediate,2025-01-04
6539,UAE,Data Analyst,Intermediate,2025-07-09
6540,India,Teacher,Advanced,2025-08-21
6541,UAE,Designer,Beginner,2025-08-13
6542,Saudi Arabia,Data Analyst,Beginner,2026-01-05
6543,India,Content Creator,Advanced,2026-01-31
6544,France,Student,Beginner,2025-06-02
6545,Netherlands,Designer,Intermediate,2025-01-25
6546,Germany,Data Analyst,Beginner,2025-09-26
6547,Pakistan,Data Analyst,Beginner,2026-03-09
6548,Brazil,Designer,Intermediate,2025-05-27
6549,France,Customer Support Specialist,Beginner,2025-06-13
6550,Japan,Marketing Specialist,Beginner,2025-03-15
6551,India,Designer,Advanced,2026-01-12
6552,India,Designer,Advanced,2026-01-10
6553,United Kingdom,Business Analyst,Advanced,2025-09-23
6554,United Kingdom,Customer Support Specialist,Beginner,2025-11-12
6555,USA,Student,Intermediate,2025-06-27
6556,Germany,Designer,Beginner,2025-03-02
6557,USA,Business Analyst,Advanced,2025-09-07
6558,France,Content Creator,Intermediate,2025-03-28
6559,India,Student,Advanced,2025-05-13
6560,Canada,Software Developer,Expert,2026-01-21
6561,Japan,Data Scientist,Intermediate,2025-04-29
6562,Netherlands,Software Developer,Intermediate,2025-03-14
6563,United Kingdom,Student,Advanced,2025-10-10
6564,Pakistan,Software Developer,Beginner,2026-01-22
6565,USA,Student,Advanced,2025-11-03
6566,India,Content Creator,Advanced,2025-10-04
6567,India,Marketing Specialist,Advanced,2025-04-10
6568,United Kingdom,Student,Intermediate,2026-03-03
6569,Malaysia,Student,Intermediate,2025-07-09
6570,United Kingdom,Software Developer,Intermediate,2025-10-20
6571,India,Software Developer,Intermediate,2025-08-16
6572,USA,Student,Beginner,2026-03-02
6573,USA,Business Analyst,Expert,2025-02-26
6574,India,Designer,Beginner,2026-03-09
6575,United Kingdom,Student,Beginner,2025-08-10
6576,Australia,Software Developer,Beginner,2025-02-14
6577,UAE,Content Creator,Intermediate,2025-05-23
6578,United Kingdom,Designer,Intermediate,2025-03-01
6579,Pakistan,Designer,Intermediate,2026-02-16
6580,Australia,Researcher,Intermediate,2026-02-11
6581,Pakistan,Student,Intermediate,2025-02-08
6582,United Kingdom,Entrepreneur,Advanced,2025-09-17
6583,Brazil,Researcher,Expert,2025-08-21
6584,Germany,Customer Support Specialist,Beginner,2025-09-20
6585,USA,Marketing Specialist,Expert,2025-02-07
6586,Pakistan,Data Analyst,Intermediate,2025-06-11
6587,France,Student,Advanced,2025-01-20
6588,Malaysia,Entrepreneur,Beginner,2025-12-28
6589,India,Student,Intermediate,2025-06-12
6590,USA,Teacher,Intermediate,2025-10-13
6591,Singapore,Entrepreneur,Beginner,2025-11-17
6592,South Korea,Researcher,Intermediate,2025-11-21
6593,Pakistan,Designer,Intermediate,2025-05-06
6594,Germany,Software Developer,Intermediate,2025-07-12
6595,India,Software Developer,Intermediate,2025-04-23
6596,Canada,Student,Beginner,2025-05-16
6597,Brazil,Marketing Specialist,Beginner,2025-09-06
6598,Canada,Designer,Beginner,2026-01-11
6599,Germany,Teacher,Advanced,2025-03-09
6600,India,Business Analyst,Intermediate,2025-02-15
6601,Spain,Software Developer,Intermediate,2026-01-06
6602,Germany,Data Scientist,Advanced,2025-01-02
6603,Germany,Software Developer,Intermediate,2025-09-09
6604,United Kingdom,Data Analyst,Expert,2025-04-17
6605,Brazil,Data Scientist,Intermediate,2025-01-20
6606,India,Teacher,Expert,2025-05-15
6607,Pakistan,Teacher,Intermediate,2025-11-20
6608,Pakistan,Customer Support Specialist,Intermediate,2025-11-23
6609,United Kingdom,Content Creator,Beginner,2025-09-29
6610,India,Customer Support Specialist,Advanced,2025-04-03
6611,Japan,Data Scientist,Intermediate,2026-03-07
6612,Malaysia,Student,Beginner,2025-05-30
6613,Canada,Student,Beginner,2025-09-08
6614,Brazil,Customer Support Specialist,Intermediate,2025-07-20
6615,UAE,Business Analyst,Advanced,2025-10-06
6616,USA,Data Analyst,Beginner,2025-02-19
6617,USA,Data Scientist,Intermediate,2026-01-22
6618,India,Software Developer,Intermediate,2025-08-03
6619,India,Teacher,Beginner,2025-06-16
6620,Japan,Customer Support Specialist,Advanced,2025-08-06
6621,Australia,Customer Support Specialist,Beginner,2025-08-26
6622,South Korea,Teacher,Advanced,2025-12-05
6623,Pakistan,Marketing Specialist,Advanced,2025-12-23
6624,Germany,Researcher,Beginner,2025-03-07
6625,Pakistan,Student,Beginner,2025-09-05
6626,USA,Software Developer,Intermediate,2025-09-08
6627,United Kingdom,Software Developer,Expert,2025-12-18
6628,UAE,Researcher,Beginner,2025-05-29
6629,Germany,Designer,Expert,2025-04-21
6630,UAE,Marketing Specialist,Advanced,2026-02-05
6631,USA,Software Developer,Advanced,2025-10-15
6632,USA,Software Developer,Advanced,2025-05-14
6633,India,Content Creator,Expert,2025-07-30
6634,India,Data Analyst,Beginner,2025-08-15
6635,USA,Software Developer,Beginner,2025-05-14
6636,United Kingdom,Student,Advanced,2025-05-18
6637,Singapore,Teacher,Intermediate,2025-04-23
6638,USA,Researcher,Intermediate,2026-02-24
6639,USA,Business Analyst,Intermediate,2025-08-18
6640,India,Business Analyst,Expert,2025-10-21
6641,Pakistan,Student,Intermediate,2025-10-02
6642,Australia,Software Developer,Intermediate,2025-11-17
6643,Italy,Data Scientist,Expert,2025-11-11
6644,Italy,Data Scientist,Advanced,2025-03-08
6645,India,Researcher,Advanced,2025-01-11
6646,India,Researcher,Advanced,2025-01-11
6647,Pakistan,Data Analyst,Beginner,2025-02-16
6648,Canada,Customer Support Specialist,Advanced,2025-06-20
6649,United Kingdom,Designer,Beginner,2026-01-28
6650,USA,Designer,Intermediate,2025-02-02
6651,Canada,Customer Support Specialist,Intermediate,2025-09-23
6652,Germany,Software Developer,Expert,2025-10-02
6653,UAE,Business Analyst,Intermediate,2025-03-22
6654,United Kingdom,Designer,Beginner,2025-07-22
6655,France,Entrepreneur,Beginner,2025-04-28
6656,USA,Researcher,Beginner,2025-03-24
6657,Germany,Researcher,Intermediate,2025-06-19
6658,Saudi Arabia,Marketing Specialist,Advanced,2025-10-11
6659,UAE,Business Analyst,Beginner,2025-01-07
6660,India,Software Developer,Intermediate,2025-01-11
6661,Brazil,Student,Advanced,2025-09-27
6662,India,Student,Advanced,2025-07-23
6663,Pakistan,Teacher,Beginner,2025-01-22
6664,Spain,Marketing Specialist,Advanced,2025-06-04
6665,USA,Designer,Expert,2025-11-20
6666,Singapore,Software Developer,Intermediate,2025-05-07
6667,United Kingdom,Data Analyst,Advanced,2026-01-19
6668,India,Student,Advanced,2026-02-06
6669,United Kingdom,Researcher,Expert,2025-07-25
6670,USA,Researcher,Beginner,2026-01-15
6671,Pakistan,Software Developer,Beginner,2025-02-13
6672,India,Student,Advanced,2025-09-16
6673,UAE,Customer Support Specialist,Intermediate,2026-01-26
6674,India,Student,Intermediate,2025-01-11
6675,India,Content Creator,Intermediate,2026-03-02
6676,Pakistan,Data Analyst,Beginner,2025-03-19
6677,,Software Developer,Advanced,2025-10-29
6678,USA,Researcher,Intermediate,2025-04-10
6679,USA,Business Analyst,Intermediate,2025-06-09
6680,India,Entrepreneur,Beginner,2025-08-06
6681,India,Teacher,Advanced,2025-01-12
6682,India,Software Developer,Advanced,2025-08-23
6683,India,Data Analyst,Intermediate,2025-05-16
6684,Netherlands,Software Developer,Advanced,2025-10-23
6685,Canada,Student,Advanced,2025-05-30
6686,Italy,Data Analyst,Beginner,2025-04-24
6687,Netherlands,Content Creator,Intermediate,2025-10-15
6688,Canada,Teacher,Advanced,2025-05-26
6689,Netherlands,Student,Beginner,2025-10-01
6690,Germany,Student,Intermediate,2025-07-15
6691,Pakistan,Data Analyst,Intermediate,2025-09-12
6692,Australia,Teacher,Intermediate,2025-07-10
6693,USA,Student,Advanced,2026-01-01
6694,Pakistan,Researcher,Intermediate,2025-04-25
6695,India,Teacher,Beginner,2025-01-13
6696,Canada,Data Analyst,Beginner,2025-04-29
6697,United Kingdom,Designer,Advanced,2025-09-02
6698,UAE,Researcher,Intermediate,2025-11-26
6699,Germany,Marketing Specialist,Intermediate,2025-03-15
6700,Germany,Customer Support Specialist,Beginner,2025-02-12
6701,Brazil,Software Developer,Intermediate,2025-03-28
6702,India,Content Creator,Beginner,2025-09-08
6703,Brazil,Business Analyst,Advanced,2025-02-12
6704,United Kingdom,Customer Support Specialist,Advanced,2025-11-12
6705,United Kingdom,Researcher,Intermediate,2025-09-25
6706,Germany,Student,Intermediate,2025-10-18
6707,USA,Student,Advanced,2025-01-31
6708,Italy,Customer Support Specialist,Intermediate,2025-05-10
6709,Germany,Data Analyst,Advanced,2026-01-15
6710,USA,Data Scientist,Advanced,2025-03-19
6711,India,Software Developer,Advanced,2025-12-19
6712,India,Software Developer,Beginner,2025-07-28
6713,India,Data Analyst,Advanced,2025-05-18
6714,India,Teacher,Beginner,2026-01-22
6715,United Kingdom,Content Creator,Advanced,2025-09-08
6716,Germany,Entrepreneur,Beginner,2025-06-10
6717,United Kingdom,Entrepreneur,Beginner,2025-05-01
6718,USA,Data Analyst,Intermediate,2025-12-29
6719,India,Data Analyst,Intermediate,2025-10-12
6720,Germany,Data Scientist,Intermediate,2026-01-11
6721,Germany,Customer Support Specialist,Advanced,2025-02-23
6722,Saudi Arabia,Student,Beginner,2025-02-09
6723,United Kingdom,Teacher,Intermediate,2026-01-23
6724,Japan,Customer Support Specialist,Beginner,2025-09-24
6725,USA,Data Analyst,Intermediate,2025-03-27
6726,USA,Business Analyst,Beginner,2025-02-28
6727,India,Data Analyst,Expert,2025-08-06
6728,France,Entrepreneur,Expert,2025-11-17
6729,United Kingdom,Data Analyst,Beginner,2025-09-07
6730,India,Researcher,Beginner,2025-10-08
6731,USA,Marketing Specialist,Intermediate,2025-01-05
6732,France,Student,Advanced,2025-08-11
6733,Canada,Software Developer,Advanced,2026-01-04
6734,Italy,Software Developer,Intermediate,2025-12-13
6735,United Kingdom,Data Analyst,Advanced,2025-06-15
6736,India,Teacher,Advanced,2025-07-10
6737,Germany,Data Analyst,Beginner,2025-03-26
6738,USA,Data Scientist,Intermediate,2025-09-25
6739,Japan,Student,Advanced,2026-02-16
6740,United Kingdom,Teacher,Expert,2026-01-01
6741,India,Business Analyst,Intermediate,2025-11-06
6742,Saudi Arabia,Content Creator,Intermediate,2025-08-25
6743,India,Software Developer,Intermediate,2025-06-19
6744,South Korea,Researcher,Intermediate,2026-01-04
6745,Japan,Teacher,Beginner,2025-03-11
6746,USA,Software Developer,Advanced,2026-01-02
6747,Japan,Data Scientist,Beginner,2025-01-06
6748,Saudi Arabia,Customer Support Specialist,Advanced,2025-04-02
6749,Germany,Data Scientist,Intermediate,2025-02-04
6750,India,Teacher,Intermediate,2025-01-03
6751,Japan,Student,Advanced,2025-04-07
6752,Pakistan,Student,Intermediate,2025-02-18
6753,USA,Customer Support Specialist,Intermediate,2025-06-19
6754,United Kingdom,Business Analyst,Advanced,2025-11-16
6755,Canada,Entrepreneur,Beginner,2025-03-22
6756,USA,Marketing Specialist,Intermediate,2025-11-22
6757,United Kingdom,Student,Intermediate,2025-04-26
6758,Japan,Marketing Specialist,Expert,2025-01-08
6759,Saudi Arabia,Data Scientist,Beginner,2025-05-21
6760,Pakistan,Business Analyst,Beginner,2025-08-07
6761,India,Entrepreneur,Intermediate,2025-06-06
6762,India,Data Analyst,Advanced,2026-01-28
6763,Brazil,Data Scientist,Intermediate,2025-05-11
6764,Japan,Teacher,Advanced,2025-11-25
6765,Canada,Entrepreneur,Intermediate,2025-02-09
6766,USA,Researcher,Intermediate,2025-02-22
6767,Singapore,Software Developer,Advanced,2025-05-24
6768,India,Content Creator,Beginner,2025-10-16
6769,Germany,Researcher,Intermediate,2026-02-13
6770,India,Designer,Advanced,2025-11-27
6771,India,Data Scientist,Beginner,2025-06-19
6772,Spain,Student,Beginner,2026-03-13
6773,Saudi Arabia,Researcher,Beginner,2025-05-22
6774,South Korea,Marketing Specialist,Intermediate,2026-01-13
6775,Pakistan,Entrepreneur,Beginner,2025-12-09
6776,India,Software Developer,Advanced,2025-04-18
6777,Germany,Marketing Specialist,Beginner,2026-02-06
6778,France,Teacher,Intermediate,2025-04-21
6779,Saudi Arabia,Student,Advanced,2026-02-16
6780,USA,Marketing Specialist,Expert,2025-03-15
6781,South Korea,Data Scientist,Intermediate,2025-01-01
6782,USA,Business Analyst,Intermediate,2025-01-27
6783,Pakistan,Software Developer,Expert,2026-02-18
6784,Canada,Data Scientist,Intermediate,2025-12-07
6785,India,Marketing Specialist,Expert,2025-06-04
6786,Singapore,Student,Advanced,2025-03-02
6787,Pakistan,Data Scientist,Expert,2025-07-21
6788,India,Student,Expert,2025-07-17
6789,USA,Teacher,Expert,2025-07-01
6790,Canada,Software Developer,Intermediate,2025-09-25
6791,USA,Student,Advanced,2025-02-10
6792,United Kingdom,Student,Intermediate,2026-03-08
6793,Germany,Business Analyst,Intermediate,2025-03-27
6794,Japan,Marketing Specialist,Intermediate,2026-03-03
6795,India,Student,Intermediate,2025-03-15
6796,India,Entrepreneur,Intermediate,2025-10-14
6797,Netherlands,Software Developer,Intermediate,2025-12-22
6798,USA,Data Scientist,Advanced,2025-12-17
6799,,Student,Beginner,2025-08-11
6800,Pakistan,Business Analyst,Intermediate,2025-04-02
6801,Australia,Student,Expert,2025-07-07
6802,Australia,Student,Intermediate,2026-01-30
6803,Netherlands,Marketing Specialist,Advanced,2026-01-08
6804,Pakistan,Data Analyst,Advanced,2025-11-12
6805,Germany,Designer,Intermediate,2025-04-08
6806,India,Teacher,Expert,2025-04-02
6807,Brazil,Student,Intermediate,2025-01-06
6808,Saudi Arabia,Marketing Specialist,Intermediate,2025-07-04
6809,Netherlands,Designer,Intermediate,2025-01-03
6810,USA,Software Developer,Beginner,2025-06-18
6811,Netherlands,Student,Intermediate,2025-07-08
6812,Japan,Marketing Specialist,Intermediate,2025-09-15
6813,India,Business Analyst,Beginner,2025-11-07
6814,USA,Data Analyst,Beginner,2025-11-28
6815,India,Content Creator,Beginner,2025-09-03
6816,France,Software Developer,Beginner,2025-12-23
6817,United Kingdom,Entrepreneur,Advanced,2025-05-21
6818,Italy,Content Creator,Advanced,2025-10-20
6819,,Content Creator,Beginner,2026-01-03
6820,Canada,Student,Intermediate,2025-11-08
6821,Canada,Software Developer,Intermediate,2025-09-09
6822,USA,Customer Support Specialist,Beginner,2026-01-19
6823,India,Entrepreneur,Intermediate,2026-01-20
6824,USA,Student,Beginner,2025-02-23
6825,India,Software Developer,Intermediate,2025-01-15
6826,Saudi Arabia,Marketing Specialist,Intermediate,2026-01-01
6827,India,Student,Advanced,2026-01-12
6828,USA,Business Analyst,Intermediate,2026-03-12
6829,Japan,Student,Intermediate,2025-08-03
6830,UAE,Teacher,Beginner,2025-03-03
6831,Malaysia,Software Developer,Beginner,2025-11-23
6832,Germany,Researcher,Expert,2025-06-10
6833,Pakistan,Software Developer,Intermediate,2025-10-06
6834,India,Student,Intermediate,2026-03-13
6835,USA,Designer,Intermediate,2025-11-11
6836,Australia,Content Creator,Beginner,2025-06-20
6837,India,Data Scientist,Beginner,2026-03-11
6838,France,Customer Support Specialist,Advanced,2025-12-30
6839,Germany,Student,Intermediate,2025-10-28
6840,Netherlands,Customer Support Specialist,Intermediate,2025-07-07
6841,India,Teacher,Beginner,2025-12-07
6842,UAE,Business Analyst,Beginner,2026-03-05
6843,Malaysia,Customer Support Specialist,Expert,2025-02-01
6844,United Kingdom,Data Scientist,Intermediate,2026-02-27
6845,Pakistan,Data Analyst,Intermediate,2025-03-17
6846,France,Software Developer,Intermediate,2025-02-12
6847,USA,Teacher,Intermediate,2025-01-23
6848,USA,Customer Support Specialist,Beginner,2025-04-12
6849,Germany,Teacher,Advanced,2025-07-29
6850,USA,Entrepreneur,Expert,2026-01-18
6851,Canada,Designer,Beginner,2025-01-02
6852,Canada,Student,Advanced,2025-10-15
6853,Pakistan,Content Creator,Beginner,2025-06-24
6854,USA,Software Developer,Beginner,2026-03-05
6855,Canada,Teacher,Intermediate,2025-10-17
6856,Canada,Content Creator,Intermediate,2025-02-15
6857,Pakistan,Student,Advanced,2025-02-16
6858,USA,Software Developer,Intermediate,2025-02-14
6859,Spain,Marketing Specialist,Advanced,2025-10-30
6860,France,Designer,Advanced,2025-01-11
6861,Japan,Data Analyst,Intermediate,2026-02-08
6862,India,Student,Advanced,2025-11-23
6863,Pakistan,Student,Advanced,2025-02-11
6864,Canada,Designer,Advanced,2025-05-07
6865,United Kingdom,Content Creator,Beginner,2025-12-15
6866,USA,Student,Intermediate,2025-04-08
6867,Italy,Customer Support Specialist,Advanced,2026-01-13
6868,India,Customer Support Specialist,Advanced,2025-01-28
6869,Pakistan,Researcher,Beginner,2025-05-27
6870,USA,Business Analyst,Intermediate,2025-03-13
6871,Pakistan,Designer,Expert,2025-07-31
6872,Germany,Student,Beginner,2025-04-07
6873,India,Customer Support Specialist,Intermediate,2025-04-13
6874,United Kingdom,Designer,Advanced,2025-06-01
6875,Germany,Researcher,Intermediate,2025-08-14
6876,USA,Customer Support Specialist,Expert,2025-09-08
6877,Spain,Customer Support Specialist,Advanced,2025-07-06
6878,France,Business Analyst,Intermediate,2025-11-25
6879,USA,Student,Expert,2026-03-01
6880,Pakistan,Business Analyst,Beginner,2026-03-02
6881,,Student,Beginner,2026-03-04
6882,USA,Data Analyst,Advanced,2025-03-21
6883,USA,Data Scientist,Beginner,2025-04-18
6884,Australia,Content Creator,Intermediate,2025-08-11
6885,Pakistan,Data Analyst,Advanced,2026-02-20
6886,Saudi Arabia,Software Developer,Intermediate,2025-05-28
6887,India,Data Analyst,Advanced,2025-12-25
6888,Canada,Data Analyst,Intermediate,2025-10-10
6889,Italy,Business Analyst,Advanced,2026-02-11
6890,United Kingdom,Content Creator,Intermediate,2025-09-20
6891,USA,Student,Intermediate,2025-05-13
6892,,Business Analyst,Beginner,2025-05-14
6893,Pakistan,Software Developer,Intermediate,2025-03-01
6894,USA,Data Scientist,Intermediate,2025-11-20
6895,United Kingdom,Marketing Specialist,Beginner,2025-03-13
6896,Canada,Designer,Intermediate,2025-06-15
6897,Japan,Marketing Specialist,Intermediate,2025-07-13
6898,Spain,Business Analyst,Expert,2025-01-18
6899,Australia,Student,Beginner,2025-02-23
6900,France,Customer Support Specialist,Intermediate,2025-01-05
6901,Brazil,Student,Intermediate,2025-09-01
6902,Brazil,Teacher,Expert,2025-11-28
6903,UAE,Student,Intermediate,2025-04-06
6904,Brazil,Marketing Specialist,Beginner,2025-06-06
6905,United Kingdom,Designer,Beginner,2025-10-07
6906,UAE,Software Developer,Intermediate,2025-01-12
6907,Saudi Arabia,Student,Advanced,2025-11-12
6908,Pakistan,Customer Support Specialist,Beginner,2025-10-22
6909,USA,Business Analyst,Advanced,2026-01-10
6910,India,Customer Support Specialist,Intermediate,2026-03-04
6911,Italy,Designer,Intermediate,2026-01-06
6912,United Kingdom,Student,Intermediate,2025-06-22
6913,United Kingdom,Software Developer,Beginner,2025-07-25
6914,India,Business Analyst,Intermediate,2025-04-30
6915,UAE,Customer Support Specialist,Intermediate,2025-09-17
6916,South Korea,Student,Beginner,2025-08-07
6917,Pakistan,Designer,Advanced,2025-10-23
6918,Canada,Data Scientist,Advanced,2025-01-15
6919,United Kingdom,Data Analyst,Intermediate,2025-03-27
6920,Netherlands,Business Analyst,Intermediate,2025-11-02
6921,Pakistan,Software Developer,Intermediate,2025-09-26
6922,UAE,Student,Beginner,2025-10-18
6923,Spain,Business Analyst,Intermediate,2025-03-08
6924,USA,Data Analyst,Beginner,2026-02-08
6925,Germany,Software Developer,Advanced,2025-02-16
6926,South Korea,Student,Intermediate,2026-01-28
6927,Australia,Customer Support Specialist,Advanced,2025-06-27
6928,USA,Data Analyst,Advanced,2025-03-26
6929,France,Software Developer,Intermediate,2025-12-04
6930,Saudi Arabia,Data Analyst,Advanced,2025-03-30
6931,USA,Teacher,Intermediate,2025-02-11
6932,India,Researcher,Advanced,2025-04-15
6933,Spain,Student,Advanced,2026-01-06
6934,Germany,Designer,Advanced,2025-12-17
6935,USA,Data Scientist,Intermediate,2026-02-02
6936,USA,Entrepreneur,Intermediate,2025-09-02
6937,United Kingdom,Business Analyst,Intermediate,2025-02-21
6938,Canada,Software Developer,Intermediate,2025-12-18
6939,USA,Content Creator,Intermediate,2025-04-19
6940,India,Student,Beginner,2025-12-09
6941,Netherlands,Software Developer,Advanced,2025-08-26
6942,Canada,Marketing Specialist,Intermediate,2026-01-26
6943,Italy,Data Scientist,Intermediate,2025-07-18
6944,South Korea,Entrepreneur,Intermediate,2026-01-26
6945,South Korea,Researcher,Beginner,2025-07-24
6946,Pakistan,Student,Intermediate,2025-05-25
6947,UAE,Marketing Specialist,Beginner,2026-01-09
6948,Singapore,Data Scientist,Expert,2025-11-02
6949,Italy,Customer Support Specialist,Advanced,2025-02-06
6950,India,Designer,Beginner,2025-12-09
6951,India,Marketing Specialist,Beginner,2025-10-28
6952,Italy,Entrepreneur,Intermediate,2025-11-08
6953,Canada,Student,Advanced,2025-05-01
6954,France,Data Scientist,Intermediate,2025-06-24
6955,Pakistan,Customer Support Specialist,Beginner,2025-01-01
6956,USA,Entrepreneur,Advanced,2026-01-20
6957,Singapore,Designer,Advanced,2025-02-09
6958,Canada,Software Developer,Intermediate,2025-03-12
6959,USA,Student,Expert,2025-01-23
6960,India,Customer Support Specialist,Beginner,2025-08-11
6961,India,Content Creator,Advanced,2025-07-16
6962,United Kingdom,Entrepreneur,Beginner,2025-08-06
6963,Netherlands,Data Analyst,Advanced,2025-06-09
6964,Pakistan,Business Analyst,Advanced,2026-02-25
6965,USA,Entrepreneur,Beginner,2025-05-14
6966,India,Business Analyst,Beginner,2025-08-04
6967,India,Designer,Advanced,2025-07-23
6968,USA,Marketing Specialist,Advanced,2026-03-04
6969,Singapore,Customer Support Specialist,Advanced,2026-02-17
6970,France,Student,Beginner,2025-12-18
6971,Australia,Customer Support Specialist,Advanced,2025-12-02
6972,USA,Designer,Intermediate,2026-02-16
6973,France,Researcher,Intermediate,2025-03-24
6974,India,Customer Support Specialist,Advanced,2025-10-22
6975,India,Student,Expert,2025-12-18
6976,Brazil,Student,Beginner,2025-09-06
6977,USA,Data Scientist,Intermediate,2025-12-10
6978,Germany,Content Creator,Advanced,2026-01-30
6979,USA,Software Developer,Intermediate,2025-08-06
6980,USA,Software Developer,Intermediate,2025-11-21
6981,Saudi Arabia,Teacher,Advanced,2026-02-18
6982,France,Researcher,Beginner,2025-08-19
6983,South Korea,Data Analyst,Beginner,2026-02-04
6984,India,Customer Support Specialist,Expert,2025-06-21
6985,Saudi Arabia,Content Creator,Intermediate,2025-07-06
6986,Malaysia,Researcher,Expert,2025-04-02
6987,India,Student,Advanced,2025-09-30
6988,USA,Customer Support Specialist,Intermediate,2025-12-12
6989,Netherlands,Student,Advanced,2025-01-04
6990,United Kingdom,Content Creator,Intermediate,2025-12-29
6991,Italy,Researcher,Beginner,2025-04-12
6992,Brazil,Data Scientist,Intermediate,2025-11-11
6993,USA,Entrepreneur,Beginner,2025-08-21
6994,India,Entrepreneur,Advanced,2025-08-26
6995,USA,Teacher,Expert,2025-03-04
6996,USA,Business Analyst,Intermediate,2025-08-24
6997,France,Designer,Advanced,2025-11-03
6998,USA,Teacher,Beginner,2025-05-10
6999,United Kingdom,Data Analyst,Advanced,2025-12-12
7000,India,Student,Intermediate,2026-02-24
7001,UAE,Designer,Advanced,2025-05-17
7002,USA,Data Analyst,Intermediate,2025-07-02
7003,Spain,Software Developer,Beginner,2025-08-17
7004,USA,Content Creator,Intermediate,2025-11-22
7005,Japan,Software Developer,Beginner,2025-02-27
7006,,Content Creator,Advanced,2025-01-19
7007,USA,Customer Support Specialist,Intermediate,2025-07-22
7008,Australia,Designer,Beginner,2025-02-13
7009,Japan,Business Analyst,Intermediate,2025-03-06
7010,Germany,Data Scientist,Advanced,2025-11-21
7011,India,Business Analyst,Beginner,2025-05-21
7012,USA,Data Scientist,Beginner,2025-08-23
7013,United Kingdom,Data Analyst,Advanced,2025-05-05
7014,India,Researcher,Intermediate,2026-03-04
7015,South Korea,Customer Support Specialist,Advanced,2026-02-25
7016,UAE,Student,Advanced,2025-08-23
7017,Italy,Software Developer,Intermediate,2025-06-17
7018,India,Marketing Specialist,Intermediate,2025-03-17
7019,Canada,Marketing Specialist,Expert,2026-01-06
7020,Canada,Business Analyst,Intermediate,2025-02-21
7021,United Kingdom,Designer,Beginner,2026-01-07
7022,Pakistan,Marketing Specialist,Intermediate,2025-11-23
7023,Germany,Student,Intermediate,2025-08-05
7024,Germany,Software Developer,Beginner,2025-04-05
7025,USA,Software Developer,Beginner,2025-05-12
7026,USA,Data Scientist,Advanced,2026-01-16
7027,USA,Student,Expert,2026-03-05
7028,Saudi Arabia,Data Scientist,Expert,2025-03-01
7029,India,Software Developer,Expert,2025-10-20
7030,Singapore,Student,Advanced,2025-06-05
7031,France,Data Analyst,Beginner,2025-10-04
7032,United Kingdom,Entrepreneur,Beginner,2025-05-05
7033,Saudi Arabia,Software Developer,Intermediate,2025-01-26
7034,Germany,Content Creator,Beginner,2025-08-31
7035,Pakistan,Marketing Specialist,Beginner,2025-08-12
7036,USA,Content Creator,Intermediate,2025-12-19
7037,USA,Designer,Expert,2025-05-22
7038,USA,Content Creator,Beginner,2025-01-24
7039,USA,Data Analyst,Intermediate,2025-04-03
7040,Saudi Arabia,Data Scientist,Intermediate,2025-05-20
7041,Pakistan,Data Analyst,Intermediate,2025-04-17
7042,Saudi Arabia,Business Analyst,Advanced,2025-08-01
7043,Pakistan,Teacher,Beginner,2025-05-21
7044,Australia,Customer Support Specialist,Beginner,2025-11-03
7045,United Kingdom,Content Creator,Advanced,2025-11-22
7046,USA,Customer Support Specialist,Intermediate,2025-04-24
7047,USA,Software Developer,Advanced,2025-12-30
7048,USA,Data Analyst,Intermediate,2025-02-02
7049,Germany,Content Creator,Intermediate,2026-01-08
7050,UAE,Customer Support Specialist,Beginner,2026-02-28
7051,Australia,Entrepreneur,Advanced,2025-08-04
7052,France,Data Analyst,Intermediate,2025-06-18
7053,Canada,Researcher,Expert,2025-09-01
7054,USA,Software Developer,Beginner,2025-01-07
7055,UAE,Software Developer,Intermediate,2025-06-13
7056,India,Student,Beginner,2025-08-16
7057,Singapore,Marketing Specialist,Expert,2026-01-16
7058,Canada,Software Developer,Beginner,2025-09-30
7059,South Korea,Researcher,Beginner,2025-12-11
7060,Australia,Student,Intermediate,2025-07-26
7061,USA,Business Analyst,Beginner,2026-03-13
7062,India,Data Scientist,Beginner,2025-02-10
7063,United Kingdom,Software Developer,Intermediate,2025-10-15
7064,Spain,Student,Intermediate,2025-02-12
7065,United Kingdom,Marketing Specialist,Advanced,2025-09-29
7066,India,Business Analyst,Advanced,2025-05-30
7067,Australia,Software Developer,Beginner,2025-08-20
7068,Germany,Business Analyst,Intermediate,2025-01-16
7069,India,Software Developer,Advanced,2025-10-27
7070,Australia,Data Analyst,Beginner,2025-06-30
7071,Pakistan,Marketing Specialist,Advanced,2025-08-01
7072,Saudi Arabia,Marketing Specialist,Beginner,2025-01-12
7073,France,Customer Support Specialist,Expert,2025-05-26
7074,Singapore,Data Scientist,Advanced,2025-09-09
7075,Singapore,Content Creator,Beginner,2025-07-12
7076,Italy,Student,Beginner,2025-03-09
7077,USA,Content Creator,Intermediate,2026-03-12
7078,USA,Teacher,Advanced,2025-07-22
7079,Australia,Data Analyst,Advanced,2025-02-26
7080,USA,Data Scientist,Intermediate,2025-04-02
7081,Japan,Student,Beginner,2026-01-28
7082,Pakistan,Designer,Expert,2026-01-12
7083,Spain,Data Analyst,Beginner,2025-10-09
7084,USA,Teacher,Beginner,2026-01-20
7085,USA,Designer,Beginner,2025-11-03
7086,USA,Student,Beginner,2026-01-30
7087,Canada,Customer Support Specialist,Beginner,2025-02-24
7088,Pakistan,Customer Support Specialist,Advanced,2025-12-18
7089,Pakistan,Researcher,Beginner,2026-01-26
7090,Australia,Customer Support Specialist,Intermediate,2025-09-15
7091,United Kingdom,Data Analyst,Intermediate,2025-07-20
7092,Germany,Content Creator,Beginner,2025-07-26
7093,Canada,Marketing Specialist,Beginner,2025-08-26
7094,India,Data Scientist,Advanced,2025-08-19
7095,Germany,Business Analyst,Beginner,2025-04-01
7096,Netherlands,Teacher,Intermediate,2025-01-02
7097,USA,Data Scientist,Expert,2025-06-21
7098,India,Student,Beginner,2025-12-02
7099,Saudi Arabia,Data Scientist,Intermediate,2025-02-20
7100,Pakistan,Student,Intermediate,2025-12-01
7101,United Kingdom,Business Analyst,Advanced,2025-08-03
7102,Saudi Arabia,Software Developer,Advanced,2025-11-22
7103,USA,Software Developer,Expert,2025-04-25
7104,Saudi Arabia,Marketing Specialist,Advanced,2025-11-14
7105,South Korea,Marketing Specialist,Intermediate,2025-02-11
7106,,Data Analyst,Beginner,2026-01-10
7107,UAE,Student,Beginner,2025-01-12
7108,India,Student,Expert,2025-05-08
7109,Australia,Designer,Expert,2025-11-17
7110,Brazil,Designer,Expert,2025-02-16
7111,Pakistan,Data Analyst,Beginner,2025-01-12
7112,France,Designer,Advanced,2026-02-09
7113,France,Software Developer,Beginner,2025-10-10
7114,Canada,Data Analyst,Intermediate,2025-04-09
7115,Canada,Marketing Specialist,Intermediate,2025-03-24
7116,Germany,Business Analyst,Expert,2026-01-06
7117,Japan,Marketing Specialist,Beginner,2025-03-31
7118,France,Customer Support Specialist,Beginner,2025-12-31
7119,India,Data Analyst,Advanced,2025-06-15
7120,Pakistan,Software Developer,Advanced,2025-02-03
7121,Canada,Student,Intermediate,2025-04-16
7122,India,Student,Intermediate,2025-08-24
7123,Canada,Teacher,Advanced,2025-11-05
7124,India,Designer,Advanced,2025-05-04
7125,USA,Software Developer,Intermediate,2025-08-25
7126,Germany,Data Analyst,Advanced,2025-02-26
7127,France,Entrepreneur,Beginner,2026-03-05
7128,UAE,Software Developer,Intermediate,2025-03-23
7129,Canada,Student,Advanced,2026-01-05
7130,USA,Designer,Beginner,2025-01-04
7131,UAE,Software Developer,Advanced,2025-12-16
7132,Japan,Business Analyst,Beginner,2025-09-24
7133,Germany,Software Developer,Advanced,2025-07-17
7134,Australia,Designer,Advanced,2025-08-02
7135,USA,Designer,Beginner,2026-01-02
7136,Malaysia,Business Analyst,Advanced,2026-01-02
7137,Spain,Student,Expert,2025-11-28
7138,India,Researcher,Advanced,2026-01-01
7139,USA,Student,Beginner,2025-09-04
7140,South Korea,Software Developer,Intermediate,2025-01-31
7141,Saudi Arabia,Data Analyst,Intermediate,2025-07-23
7142,Germany,Data Analyst,Advanced,2026-01-07
7143,India,Data Analyst,Intermediate,2025-07-06
7144,Pakistan,Entrepreneur,Advanced,2025-09-19
7145,United Kingdom,Student,Intermediate,2025-08-14
7146,India,Marketing Specialist,Advanced,2025-03-05
7147,India,Data Analyst,Intermediate,2026-03-10
7148,USA,Researcher,Intermediate,2026-02-27
7149,United Kingdom,Data Scientist,Expert,2026-02-10
7150,USA,Business Analyst,Intermediate,2025-03-28
7151,Brazil,Researcher,Beginner,2025-12-03
7152,Japan,Content Creator,Beginner,2025-05-05
7153,USA,Content Creator,Advanced,2025-04-18
7154,UAE,Researcher,Advanced,2025-06-18
7155,UAE,Marketing Specialist,Beginner,2025-02-07
7156,Netherlands,Software Developer,Intermediate,2025-12-30
7157,Australia,Student,Beginner,2025-05-06
7158,USA,Content Creator,Expert,2025-06-25
7159,Canada,Designer,Intermediate,2025-08-16
7160,India,Software Developer,Beginner,2025-08-19
7161,United Kingdom,Data Analyst,Beginner,2025-10-18
7162,Australia,Entrepreneur,Expert,2025-01-19
7163,Germany,Software Developer,Advanced,2025-03-17
7164,USA,Content Creator,Advanced,2025-01-14
7165,Australia,Customer Support Specialist,Advanced,2025-07-09
7166,Australia,Data Scientist,Expert,2026-01-01
7167,USA,Entrepreneur,Intermediate,2026-01-02
7168,USA,Business Analyst,Beginner,2025-11-21
7169,Japan,Data Scientist,Advanced,2026-01-01
7170,Australia,Content Creator,Intermediate,2025-05-31
7171,USA,Business Analyst,Beginner,2026-02-17
7172,Pakistan,Marketing Specialist,Intermediate,2025-03-17
7173,India,Data Analyst,Beginner,2025-07-16
7174,Singapore,Software Developer,Expert,2025-04-27
7175,India,Software Developer,Intermediate,2025-04-19
7176,USA,Marketing Specialist,Advanced,2025-03-17
7177,USA,Teacher,Intermediate,2025-05-13
7178,USA,Data Analyst,Expert,2025-09-18
7179,USA,Business Analyst,Intermediate,2025-09-22
7180,USA,Student,Advanced,2025-11-13
7181,Australia,Designer,Advanced,2025-06-26
7182,USA,Entrepreneur,Advanced,2025-10-28
7183,Australia,Business Analyst,Intermediate,2025-06-10
7184,France,Marketing Specialist,Intermediate,2025-07-13
7185,Canada,Data Scientist,Intermediate,2025-09-06
7186,India,Software Developer,Intermediate,2025-09-26
7187,Singapore,Student,Advanced,2025-09-05
7188,USA,Student,Beginner,2025-01-08
7189,USA,Marketing Specialist,Intermediate,2025-02-03
7190,India,Designer,Advanced,2025-06-08
7191,USA,Software Developer,Advanced,2025-03-18
7192,USA,Customer Support Specialist,Intermediate,2026-02-03
7193,United Kingdom,Student,Intermediate,2025-03-03
7194,USA,Customer Support Specialist,Intermediate,2025-07-02
7195,India,Marketing Specialist,Beginner,2025-10-19
7196,USA,Content Creator,Intermediate,2025-01-07
7197,Germany,Data Analyst,Intermediate,2026-03-10
7198,USA,Marketing Specialist,Intermediate,2026-02-08
7199,France,Entrepreneur,Advanced,2025-04-27
7200,South Korea,Customer Support Specialist,Advanced,2025-07-06
7201,Italy,Business Analyst,Advanced,2025-07-24
7202,USA,Software Developer,Advanced,2025-06-18
7203,United Kingdom,Business Analyst,Intermediate,2025-05-19
7204,Pakistan,Researcher,Expert,2025-10-01
7205,USA,Business Analyst,Advanced,2025-10-03
7206,India,Student,Beginner,2026-02-13
7207,USA,Designer,Beginner,2025-10-18
7208,India,Business Analyst,Intermediate,2025-05-06
7209,Germany,Data Analyst,Advanced,2026-01-14
7210,Singapore,Designer,Expert,2025-11-30
7211,Japan,Researcher,Advanced,2025-04-27
7212,USA,Data Scientist,Beginner,2025-08-22
7213,USA,Data Analyst,Advanced,2025-11-08
7214,India,Customer Support Specialist,Intermediate,2025-05-23
7215,India,Designer,Beginner,2025-04-08
7216,South Korea,Business Analyst,Beginner,2025-02-02
7217,Spain,Researcher,Beginner,2025-03-09
7218,France,Content Creator,Beginner,2025-02-01
7219,UAE,Software Developer,Intermediate,2025-05-05
7220,USA,Customer Support Specialist,Advanced,2025-10-25
7221,USA,Student,Beginner,2025-02-20
7222,UAE,Software Developer,Advanced,2026-02-05
7223,Spain,Content Creator,Beginner,2026-02-09
7224,Pakistan,Designer,Intermediate,2025-04-11
7225,France,Marketing Specialist,Intermediate,2025-08-15
7226,Brazil,Software Developer,Intermediate,2025-04-12
7227,UAE,Software Developer,Advanced,2025-10-29
7228,Saudi Arabia,Content Creator,Beginner,2025-09-07
7229,India,Student,Beginner,2025-01-05
7230,Italy,Content Creator,Beginner,2025-02-27
7231,Netherlands,Teacher,Beginner,2025-08-15
7232,Pakistan,Data Analyst,Expert,2025-04-10
7233,Canada,Entrepreneur,Intermediate,2025-11-22
7234,Singapore,Software Developer,Expert,2025-08-22
7235,Netherlands,Student,Advanced,2025-05-09
7236,UAE,Entrepreneur,Intermediate,2025-11-04
7237,United Kingdom,Business Analyst,Advanced,2025-11-20
7238,Pakistan,Business Analyst,Beginner,2025-09-17
7239,Saudi Arabia,Data Analyst,Beginner,2025-05-26
7240,United Kingdom,Student,Intermediate,2025-06-03
7241,Canada,Student,Beginner,2025-09-30
7242,UAE,Student,Intermediate,2025-05-21
7243,France,Entrepreneur,Advanced,2025-09-15
7244,USA,Business Analyst,Expert,2025-08-14
7245,United Kingdom,Customer Support Specialist,Intermediate,2026-01-23
7246,United Kingdom,Student,Advanced,2025-09-07
7247,India,Software Developer,Beginner,2025-09-18
7248,India,Student,Intermediate,2025-03-25
7249,India,Customer Support Specialist,Beginner,2026-01-25
7250,United Kingdom,Software Developer,Beginner,2025-06-05
7251,USA,Marketing Specialist,Advanced,2025-08-15
7252,India,Student,Beginner,2025-12-18
7253,Japan,Teacher,Beginner,2025-04-04
7254,Pakistan,Customer Support Specialist,Intermediate,2025-02-25
7255,Canada,Student,Intermediate,2025-04-20
7256,Malaysia,Customer Support Specialist,Advanced,2025-06-06
7257,Pakistan,Designer,Intermediate,2025-09-29
7258,South Korea,Researcher,Intermediate,2025-12-17
7259,USA,Designer,Expert,2025-11-09
7260,Canada,Data Analyst,Beginner,2025-12-11
7261,Pakistan,Entrepreneur,Expert,2025-03-22
7262,Spain,Researcher,Intermediate,2025-07-22
7263,Germany,Designer,Advanced,2026-03-13
7264,Pakistan,Content Creator,Beginner,2025-12-06
7265,India,Business Analyst,Expert,2025-09-22
7266,Canada,Software Developer,Expert,2025-12-01
7267,Australia,Student,Intermediate,2025-08-02
7268,Pakistan,Student,Advanced,2025-05-18
7269,USA,Software Developer,Beginner,2025-05-15
7270,India,Data Analyst,Beginner,2026-03-04
7271,USA,Data Analyst,Intermediate,2025-03-16
7272,USA,Marketing Specialist,Intermediate,2026-01-08
7273,USA,Marketing Specialist,Expert,2026-01-17
7274,Spain,Software Developer,Advanced,2025-06-07
7275,Pakistan,Software Developer,Beginner,2025-07-21
7276,India,Designer,Advanced,2025-01-03
7277,UAE,Data Scientist,Intermediate,2025-07-26
7278,India,Student,Expert,2025-07-29
7279,UAE,Customer Support Specialist,Advanced,2026-02-17
7280,Pakistan,Student,Intermediate,2025-08-22
7281,Pakistan,Business Analyst,Intermediate,2025-01-10
7282,India,Teacher,Advanced,2025-04-14
7283,Pakistan,Content Creator,Beginner,2026-01-02
7284,Canada,Software Developer,Beginner,2026-03-03
7285,Germany,Data Scientist,Advanced,2025-06-14
7286,Brazil,Software Developer,Advanced,2025-07-15
7287,Canada,Software Developer,Advanced,2025-10-14
7288,Germany,Designer,Expert,2026-02-13
7289,Canada,Customer Support Specialist,Intermediate,2025-09-15
7290,USA,Designer,Beginner,2025-05-21
7291,Germany,Researcher,Intermediate,2025-05-05
7292,USA,Student,Beginner,2026-01-06
7293,France,Teacher,Expert,2026-01-05
7294,USA,Designer,Intermediate,2025-01-24
7295,Netherlands,Content Creator,Beginner,2025-07-19
7296,United Kingdom,Content Creator,Advanced,2025-12-28
7297,Singapore,Data Analyst,Expert,2025-05-24
7298,USA,Customer Support Specialist,Advanced,2025-10-28
7299,France,Researcher,Beginner,2025-02-21
7300,USA,Software Developer,Beginner,2025-06-25
7301,Canada,Data Analyst,Advanced,2025-07-09
7302,United Kingdom,Researcher,Advanced,2025-05-26
7303,India,Data Scientist,Intermediate,2025-03-10
7304,Saudi Arabia,Marketing Specialist,Beginner,2025-02-07
7305,Saudi Arabia,Software Developer,Advanced,2026-02-01
7306,United Kingdom,Researcher,Expert,2026-02-27
7307,UAE,Student,Beginner,2025-03-19
7308,Saudi Arabia,Student,Beginner,2025-10-21
7309,Australia,Data Scientist,Beginner,2025-02-15
7310,Brazil,Designer,Beginner,2025-06-17
7311,Australia,Entrepreneur,Beginner,2026-01-26
7312,France,Teacher,Beginner,2025-10-13
7313,United Kingdom,Software Developer,Advanced,2025-05-30
7314,Japan,Software Developer,Advanced,2025-03-13
7315,UAE,Student,Advanced,2025-02-04
7316,USA,Customer Support Specialist,Intermediate,2025-12-25
7317,Germany,Content Creator,Intermediate,2025-06-10
7318,Singapore,Marketing Specialist,Expert,2025-07-04
7319,Germany,Data Analyst,Expert,2025-08-17
7320,France,Researcher,Expert,2025-04-20
7321,USA,Student,Beginner,2025-08-28
7322,Germany,Teacher,Expert,2025-07-05
7323,United Kingdom,Teacher,Expert,2025-12-13
7324,France,Data Scientist,Intermediate,2025-05-13
7325,Italy,Customer Support Specialist,Intermediate,2026-01-18
7326,Brazil,Data Analyst,Beginner,2025-03-13
7327,Italy,Software Developer,Beginner,2025-07-30
7328,Pakistan,Marketing Specialist,Intermediate,2026-02-17
7329,India,Entrepreneur,Expert,2025-01-25
7330,Pakistan,Student,Advanced,2025-01-31
7331,France,Student,Intermediate,2025-09-20
7332,Pakistan,Data Analyst,Intermediate,2025-10-17
7333,France,Teacher,Advanced,2025-01-17
7334,Pakistan,Teacher,Beginner,2026-02-13
7335,United Kingdom,Teacher,Intermediate,2025-10-03
7336,United Kingdom,Content Creator,Expert,2025-10-22
7337,Canada,Teacher,Expert,2025-02-04
7338,Australia,Marketing Specialist,Beginner,2025-10-17
7339,Pakistan,Marketing Specialist,Advanced,2025-10-13
7340,United Kingdom,Customer Support Specialist,Beginner,2025-09-30
7341,,Student,Intermediate,2025-09-20
7342,Saudi Arabia,Data Scientist,Beginner,2025-02-14
7343,Canada,Designer,Advanced,2025-08-28
7344,Italy,Software Developer,Intermediate,2025-04-08
7345,France,Customer Support Specialist,Expert,2026-01-28
7346,Australia,Designer,Beginner,2026-02-23
7347,Pakistan,Marketing Specialist,Advanced,2025-08-20
7348,Germany,Researcher,Intermediate,2026-01-14
7349,Australia,Data Analyst,Beginner,2025-06-19
7350,USA,Entrepreneur,Beginner,2025-11-28
7351,Saudi Arabia,Data Analyst,Intermediate,2025-08-21
7352,Netherlands,Marketing Specialist,Beginner,2025-12-21
7353,India,Entrepreneur,Intermediate,2025-08-10
7354,Germany,Student,Intermediate,2025-07-25
7355,India,Content Creator,Advanced,2025-01-04
7356,India,Teacher,Advanced,2025-07-19
7357,Netherlands,Data Analyst,Intermediate,2025-04-26
7358,Singapore,Data Analyst,Beginner,2025-03-19
7359,,Student,Intermediate,2025-04-25
7360,United Kingdom,Business Analyst,Intermediate,2026-01-29
7361,Brazil,Marketing Specialist,Intermediate,2025-08-23
7362,India,Data Scientist,Intermediate,2025-04-13
7363,United Kingdom,Entrepreneur,Intermediate,2025-10-22
7364,Canada,Student,Advanced,2026-01-02
7365,Pakistan,Data Scientist,Advanced,2025-03-20
7366,,Marketing Specialist,Intermediate,2025-03-17
7367,Australia,Student,Beginner,2025-04-03
7368,Saudi Arabia,Software Developer,Advanced,2025-10-01
7369,USA,Student,Beginner,2026-03-09
7370,Canada,Content Creator,Beginner,2025-03-07
7371,Pakistan,Customer Support Specialist,Intermediate,2025-02-05
7372,Saudi Arabia,Entrepreneur,Expert,2025-06-11
7373,Brazil,Student,Expert,2025-12-03
7374,Saudi Arabia,Business Analyst,Beginner,2025-06-05
7375,Italy,Teacher,Advanced,2025-05-19
7376,USA,Data Analyst,Expert,2025-04-22
7377,United Kingdom,Student,Advanced,2025-01-14
7378,USA,Student,Intermediate,2025-08-14
7379,Pakistan,Data Scientist,Beginner,2025-07-12
7380,USA,Content Creator,Expert,2026-01-16
7381,,Data Scientist,Beginner,2025-04-17
7382,Japan,Customer Support Specialist,Intermediate,2025-08-17
7383,India,Marketing Specialist,Advanced,2025-04-12
7384,United Kingdom,Content Creator,Advanced,2025-07-14
7385,Italy,Data Analyst,Expert,2025-03-05
7386,Pakistan,Researcher,Intermediate,2025-03-31
7387,United Kingdom,Researcher,Intermediate,2025-10-24
7388,USA,Designer,Intermediate,2025-03-04
7389,India,Customer Support Specialist,Beginner,2025-04-18
7390,Pakistan,Data Analyst,Intermediate,2025-09-08
7391,India,Designer,Beginner,2025-07-03
7392,USA,Teacher,Intermediate,2025-06-12
7393,Pakistan,Software Developer,Advanced,2025-04-18
7394,USA,Customer Support Specialist,Intermediate,2026-02-14
7395,Pakistan,Teacher,Advanced,2025-09-02
7396,Pakistan,Student,Intermediate,2025-02-27
7397,Netherlands,Researcher,Beginner,2025-01-09
7398,India,Data Analyst,Beginner,2026-02-16
7399,India,Content Creator,Beginner,2025-02-21
7400,Pakistan,Content Creator,Beginner,2025-06-08
7401,USA,Software Developer,Beginner,2025-08-11
7402,Japan,Content Creator,Beginner,2025-11-30
7403,Pakistan,Data Scientist,Intermediate,2025-12-26
7404,Canada,Designer,Intermediate,2025-11-26
7405,USA,Teacher,Advanced,2025-08-30
7406,Spain,Software Developer,Advanced,2025-05-21
7407,Australia,Customer Support Specialist,Beginner,2025-06-15
7408,UAE,Software Developer,Intermediate,2026-03-10
7409,Pakistan,Teacher,Advanced,2025-10-17
7410,Pakistan,Designer,Beginner,2025-09-23
7411,Pakistan,Student,Beginner,2025-12-22
7412,Brazil,Data Analyst,Intermediate,2025-01-20
7413,Brazil,Entrepreneur,Advanced,2026-02-15
7414,USA,Business Analyst,Beginner,2026-01-14
7415,Netherlands,Researcher,Advanced,2025-07-10
7416,USA,Marketing Specialist,Advanced,2026-02-26
7417,Singapore,Software Developer,Expert,2025-03-30
7418,USA,Marketing Specialist,Advanced,2025-09-23
7419,USA,Software Developer,Advanced,2026-01-15
7420,Pakistan,Software Developer,Advanced,2025-12-09
7421,Japan,Marketing Specialist,Beginner,2025-02-26
7422,USA,Researcher,Intermediate,2025-01-16
7423,France,Business Analyst,Intermediate,2025-06-06
7424,USA,Customer Support Specialist,Intermediate,2025-07-11
7425,Germany,Customer Support Specialist,Expert,2025-05-16
7426,Canada,Data Scientist,Expert,2025-01-15
7427,France,Student,Intermediate,2025-06-19
7428,Pakistan,Entrepreneur,Intermediate,2025-08-29
7429,,Business Analyst,Advanced,2025-03-15
7430,Australia,Business Analyst,Intermediate,2025-01-24
7431,USA,Business Analyst,Intermediate,2026-01-26
7432,USA,Software Developer,Beginner,2025-09-26
7433,UAE,Researcher,Beginner,2025-02-21
7434,Japan,Data Scientist,Advanced,2025-04-25
7435,United Kingdom,Researcher,Intermediate,2025-02-03
7436,Pakistan,Business Analyst,Beginner,2025-09-01
7437,Malaysia,Content Creator,Intermediate,2025-08-01
7438,Germany,Software Developer,Intermediate,2025-10-02
7439,South Korea,Data Analyst,Advanced,2025-11-05
7440,United Kingdom,Content Creator,Beginner,2025-01-01
7441,United Kingdom,Customer Support Specialist,Beginner,2025-08-29
7442,Germany,Marketing Specialist,Intermediate,2025-05-12
7443,Germany,Designer,Beginner,2025-12-03
7444,Brazil,Business Analyst,Beginner,2025-11-11
7445,Pakistan,Teacher,Expert,2025-02-19
7446,Italy,Entrepreneur,Beginner,2026-01-19
7447,Netherlands,Business Analyst,Intermediate,2025-10-20
7448,Pakistan,Student,Advanced,2025-04-23
7449,India,Software Developer,Beginner,2026-02-17
7450,United Kingdom,Data Scientist,Advanced,2025-04-26
7451,USA,Entrepreneur,Advanced,2026-01-16
7452,Brazil,Researcher,Beginner,2025-07-26
7453,United Kingdom,Software Developer,Expert,2025-11-11
7454,Pakistan,Marketing Specialist,Advanced,2025-04-26
7455,Netherlands,Teacher,Advanced,2026-01-09
7456,United Kingdom,Marketing Specialist,Beginner,2025-06-18
7457,Brazil,Marketing Specialist,Beginner,2025-08-25
7458,Netherlands,Designer,Advanced,2025-09-24
7459,Singapore,Business Analyst,Beginner,2025-05-17
7460,India,Business Analyst,Advanced,2025-03-09
7461,United Kingdom,Student,Beginner,2025-07-11
7462,Italy,Data Analyst,Beginner,2025-10-24
7463,France,Data Scientist,Expert,2026-03-12
7464,USA,Software Developer,Intermediate,2026-02-14
7465,United Kingdom,Data Analyst,Intermediate,2025-01-25
7466,Pakistan,Entrepreneur,Beginner,2025-04-04
7467,Malaysia,Content Creator,Beginner,2025-11-21
7468,USA,Designer,Beginner,2026-02-11
7469,India,Data Scientist,Advanced,2025-07-23
7470,Canada,Software Developer,Intermediate,2025-10-20
7471,Saudi Arabia,Software Developer,Advanced,2025-06-26
7472,Canada,Customer Support Specialist,Beginner,2026-02-23
7473,South Korea,Content Creator,Intermediate,2025-07-27
7474,Canada,Software Developer,Expert,2025-04-20
7475,France,Software Developer,Beginner,2025-05-15
7476,USA,Marketing Specialist,Intermediate,2025-03-02
7477,United Kingdom,Data Scientist,Intermediate,2025-12-02
7478,Canada,Software Developer,Beginner,2025-06-22
7479,USA,Entrepreneur,Advanced,2025-04-06
7480,South Korea,Data Scientist,Advanced,2026-02-18
7481,Germany,Student,Beginner,2026-01-31
7482,Australia,Entrepreneur,Beginner,2025-12-06
7483,USA,Researcher,Expert,2025-06-25
7484,UAE,Data Scientist,Intermediate,2025-05-15
7485,Pakistan,Business Analyst,Advanced,2025-07-07
7486,Germany,Data Scientist,Expert,2025-01-14
7487,France,Customer Support Specialist,Intermediate,2025-03-06
7488,Japan,Business Analyst,Intermediate,2025-08-23
7489,Italy,Software Developer,Advanced,2025-03-03
7490,Italy,Student,Intermediate,2025-06-01
7491,Canada,Teacher,Advanced,2025-06-27
7492,Germany,Business Analyst,Intermediate,2025-08-12
7493,India,Student,Advanced,2025-02-12
7494,India,Content Creator,Intermediate,2025-09-16
7495,Saudi Arabia,Software Developer,Advanced,2026-02-24
7496,France,Customer Support Specialist,Advanced,2025-09-19
7497,Saudi Arabia,Entrepreneur,Advanced,2026-03-07
7498,India,Business Analyst,Advanced,2026-02-02
7499,Pakistan,Researcher,Advanced,2026-01-11
7500,Malaysia,Customer Support Specialist,Intermediate,2025-09-27
7501,Pakistan,Software Developer,Beginner,2025-03-19
7502,Brazil,Student,Intermediate,2025-09-29
7503,France,Teacher,Beginner,2026-02-14
7504,India,Student,Intermediate,2025-10-04
7505,South Korea,Business Analyst,Intermediate,2025-09-29
7506,Singapore,Student,Advanced,2025-03-23
7507,India,Teacher,Intermediate,2025-03-26
7508,USA,Data Scientist,Intermediate,2025-11-13
7509,UAE,Software Developer,Advanced,2026-01-20
7510,Australia,Content Creator,Advanced,2025-10-04
7511,USA,Marketing Specialist,Expert,2025-11-09
7512,Germany,Marketing Specialist,Advanced,2025-04-14
7513,Pakistan,Researcher,Expert,2025-07-25
7514,USA,Business Analyst,Beginner,2025-09-25
7515,United Kingdom,Business Analyst,Advanced,2025-09-01
7516,Brazil,Customer Support Specialist,Intermediate,2025-03-11
7517,France,Student,Intermediate,2025-06-03
7518,United Kingdom,Teacher,Intermediate,2025-05-09
7519,Saudi Arabia,Teacher,Beginner,2025-12-09
7520,Germany,Student,Intermediate,2026-01-11
7521,Saudi Arabia,Marketing Specialist,Advanced,2025-02-04
7522,Australia,Marketing Specialist,Advanced,2025-07-30
7523,USA,Software Developer,Beginner,2025-09-04
7524,United Kingdom,Data Analyst,Expert,2026-01-27
7525,Canada,Content Creator,Beginner,2025-05-05
7526,India,Student,Advanced,2025-03-23
7527,United Kingdom,Designer,Intermediate,2025-07-20
7528,UAE,Software Developer,Advanced,2025-05-08
7529,Canada,Content Creator,Intermediate,2025-02-06
7530,Pakistan,Data Analyst,Expert,2025-05-22
7531,United Kingdom,Customer Support Specialist,Intermediate,2025-07-25
7532,India,Designer,Beginner,2026-01-14
7533,Brazil,Business Analyst,Advanced,2025-12-11
7534,Germany,Marketing Specialist,Expert,2025-08-16
7535,India,Teacher,Intermediate,2025-05-22
7536,Malaysia,Business Analyst,Expert,2025-01-06
7537,Germany,Data Analyst,Intermediate,2025-09-24
7538,Australia,Teacher,Beginner,2025-02-22
7539,United Kingdom,Data Analyst,Advanced,2025-11-03
7540,USA,Content Creator,Beginner,2025-12-05
7541,Pakistan,Customer Support Specialist,Beginner,2026-02-25
7542,USA,Software Developer,Intermediate,2026-01-16
7543,France,Student,Advanced,2025-03-20
7544,USA,Business Analyst,Advanced,2026-01-22
7545,South Korea,Customer Support Specialist,Intermediate,2025-06-24
7546,Pakistan,Teacher,Beginner,2025-01-21
7547,India,Software Developer,Intermediate,2025-05-11
7548,Canada,Data Analyst,Beginner,2025-08-27
7549,Australia,Software Developer,Expert,2025-03-28
7550,India,Content Creator,Intermediate,2025-12-21
7551,USA,Designer,Intermediate,2025-09-07
7552,Singapore,Researcher,Beginner,2025-04-26
7553,India,Student,Beginner,2025-02-15
7554,United Kingdom,Customer Support Specialist,Intermediate,2025-11-05
7555,UAE,Content Creator,Advanced,2025-07-05
7556,India,Teacher,Advanced,2026-03-12
7557,USA,Student,Expert,2026-03-05
7558,Saudi Arabia,Data Scientist,Intermediate,2025-08-10
7559,Pakistan,Designer,Intermediate,2025-11-23
7560,India,Content Creator,Advanced,2026-01-30
7561,Singapore,Data Analyst,Advanced,2026-01-06
7562,India,Student,Expert,2025-05-09
7563,United Kingdom,Data Analyst,Beginner,2025-06-18
7564,United Kingdom,Teacher,Expert,2026-03-05
7565,Saudi Arabia,Business Analyst,Advanced,2025-07-02
7566,Brazil,Software Developer,Expert,2025-02-21
7567,Pakistan,Entrepreneur,Beginner,2025-09-06
7568,Australia,Researcher,Expert,2025-09-11
7569,UAE,Student,Intermediate,2025-08-11
7570,Pakistan,Data Analyst,Beginner,2025-02-23
7571,India,Marketing Specialist,Expert,2026-02-28
7572,Netherlands,Software Developer,Beginner,2025-10-15
7573,India,Data Scientist,Beginner,2025-10-17
7574,Pakistan,Marketing Specialist,Intermediate,2025-09-23
7575,Canada,Student,Advanced,2025-12-08
7576,Japan,Student,Beginner,2025-11-05
7577,India,Software Developer,Intermediate,2026-03-06
7578,USA,Student,Beginner,2025-02-20
7579,Australia,Software Developer,Intermediate,2025-03-02
7580,USA,Software Developer,Advanced,2025-05-03
7581,France,Software Developer,Advanced,2025-12-11
7582,Germany,Designer,Intermediate,2025-11-06
7583,Brazil,Data Scientist,Intermediate,2025-07-21
7584,India,Teacher,Expert,2025-01-21
7585,Japan,Teacher,Expert,2026-02-08
7586,Australia,Teacher,Expert,2025-08-24
7587,USA,Content Creator,Advanced,2025-09-25
7588,Netherlands,Entrepreneur,Advanced,2025-07-24
7589,Spain,Designer,Beginner,2025-11-18
7590,USA,Marketing Specialist,Intermediate,2025-08-10
7591,United Kingdom,Student,Expert,2025-01-14
7592,Pakistan,Business Analyst,Expert,2025-04-03
7593,United Kingdom,Student,Advanced,2025-06-18
7594,Australia,Student,Beginner,2025-07-31
7595,India,Software Developer,Beginner,2026-01-09
7596,India,Content Creator,Expert,2025-05-10
7597,France,Entrepreneur,Advanced,2025-12-16
7598,Australia,Student,Intermediate,2025-05-08
7599,Japan,Entrepreneur,Intermediate,2026-02-06
7600,USA,Teacher,Beginner,2025-08-23
7601,USA,Teacher,Intermediate,2025-11-22
7602,France,Entrepreneur,Intermediate,2026-02-11
7603,United Kingdom,Data Scientist,Intermediate,2025-10-13
7604,Saudi Arabia,Student,Beginner,2025-10-08
7605,USA,Designer,Intermediate,2026-01-15
7606,France,Designer,Beginner,2025-06-28
7607,United Kingdom,Entrepreneur,Beginner,2025-03-30
7608,France,Marketing Specialist,Advanced,2025-02-15
7609,USA,Customer Support Specialist,Intermediate,2025-11-12
7610,Japan,Data Scientist,Advanced,2026-02-17
7611,Saudi Arabia,Student,Intermediate,2025-04-27
7612,France,Software Developer,Advanced,2025-06-06
7613,USA,Data Analyst,Advanced,2026-01-05
7614,USA,Customer Support Specialist,Advanced,2025-07-27
7615,Germany,Business Analyst,Advanced,2025-09-12
7616,India,Business Analyst,Beginner,2026-01-23
7617,Pakistan,Marketing Specialist,Advanced,2025-05-16
7618,USA,Data Scientist,Intermediate,2025-09-06
7619,Pakistan,Teacher,Advanced,2026-02-17
7620,India,Data Analyst,Intermediate,2025-07-05
7621,United Kingdom,Data Analyst,Intermediate,2025-03-28
7622,India,Software Developer,Intermediate,2025-02-27
7623,UAE,Marketing Specialist,Advanced,2025-06-08
7624,USA,Student,Intermediate,2025-12-25
7625,France,Researcher,Advanced,2025-06-01
7626,France,Software Developer,Advanced,2025-10-03
7627,Australia,Customer Support Specialist,Advanced,2025-11-13
7628,France,Designer,Advanced,2025-04-12
7629,South Korea,Teacher,Intermediate,2025-12-31
7630,USA,Researcher,Advanced,2025-12-06
7631,UAE,Software Developer,Advanced,2025-05-15
7632,India,Teacher,Beginner,2025-06-24
7633,France,Data Scientist,Beginner,2025-07-23
7634,Germany,Software Developer,Advanced,2025-07-17
7635,Netherlands,Customer Support Specialist,Beginner,2026-01-12
7636,Saudi Arabia,Student,Expert,2026-02-13
7637,Saudi Arabia,Software Developer,Intermediate,2025-10-19
7638,Pakistan,Teacher,Intermediate,2025-06-15
7639,France,Marketing Specialist,Expert,2025-08-15
7640,Spain,Student,Advanced,2025-05-06
7641,Japan,Entrepreneur,Beginner,2025-12-08
7642,India,Student,Intermediate,2025-01-14
7643,USA,Designer,Advanced,2026-03-03
7644,United Kingdom,Content Creator,Beginner,2025-04-23
7645,Singapore,Customer Support Specialist,Intermediate,2025-04-26
7646,Brazil,Software Developer,Advanced,2026-02-20
7647,USA,Student,Intermediate,2025-01-07
7648,Germany,Data Scientist,Intermediate,2025-01-11
7649,Pakistan,Business Analyst,Intermediate,2025-09-05
7650,India,Student,Advanced,2025-08-01
7651,Pakistan,Designer,Intermediate,2025-10-18
7652,Pakistan,Data Scientist,Intermediate,2025-04-06
7653,India,Data Scientist,Beginner,2025-10-25
7654,India,Student,Expert,2025-10-22
7655,Germany,Teacher,Beginner,2025-07-18
7656,USA,Business Analyst,Intermediate,2025-12-28
7657,India,Student,Intermediate,2025-07-06
7658,Japan,Software Developer,Intermediate,2025-05-15
7659,Australia,Customer Support Specialist,Advanced,2025-07-06
7660,India,Researcher,Advanced,2025-05-01
7661,Australia,Business Analyst,Expert,2025-07-02
7662,USA,Software Developer,Advanced,2025-12-21
7663,India,Software Developer,Intermediate,2026-02-28
7664,Saudi Arabia,Software Developer,Advanced,2025-05-07
7665,USA,Software Developer,Intermediate,2025-10-24
7666,USA,Business Analyst,Advanced,2026-02-06
7667,UAE,Data Scientist,Intermediate,2025-12-29
7668,India,Data Scientist,Intermediate,2025-06-10
7669,Australia,Software Developer,Beginner,2026-02-28
7670,Netherlands,Student,Expert,2026-01-04
7671,South Korea,Designer,Beginner,2025-12-26
7672,Saudi Arabia,Data Analyst,Beginner,2025-10-11
7673,Saudi Arabia,Student,Beginner,2025-04-25
7674,France,Researcher,Beginner,2025-10-22
7675,India,Data Analyst,Intermediate,2025-08-24
7676,UAE,Researcher,Advanced,2025-09-12
7677,USA,Data Analyst,Beginner,2025-02-03
7678,India,Data Analyst,Intermediate,2025-03-29
7679,USA,Teacher,Advanced,2025-08-18
7680,Canada,Software Developer,Advanced,2025-01-30
7681,Italy,Data Analyst,Advanced,2025-09-02
7682,Japan,Designer,Intermediate,2025-03-17
7683,United Kingdom,Designer,Intermediate,2025-07-01
7684,Netherlands,Teacher,Beginner,2026-01-04
7685,Germany,Content Creator,Beginner,2025-05-10
7686,Pakistan,Entrepreneur,Intermediate,2026-01-08
7687,India,Software Developer,Intermediate,2025-11-03
7688,Canada,Student,Intermediate,2025-12-27
7689,USA,Data Analyst,Intermediate,2025-03-10
7690,USA,Entrepreneur,Beginner,2025-04-21
7691,France,Student,Intermediate,2025-06-08
7692,UAE,Designer,Advanced,2025-12-12
7693,United Kingdom,Marketing Specialist,Advanced,2025-04-30
7694,Germany,Marketing Specialist,Advanced,2025-09-18
7695,Spain,Student,Intermediate,2025-03-15
7696,USA,Student,Intermediate,2025-12-15
7697,Japan,Designer,Advanced,2025-01-04
7698,USA,Student,Expert,2025-01-28
7699,India,Software Developer,Intermediate,2025-07-03
7700,Australia,Student,Intermediate,2026-02-01
7701,France,Data Scientist,Advanced,2025-11-11
7702,USA,Student,Advanced,2025-07-31
7703,Japan,Teacher,Advanced,2026-01-11
7704,Pakistan,Software Developer,Beginner,2025-11-04
7705,Singapore,Business Analyst,Expert,2025-04-02
7706,USA,Designer,Intermediate,2025-01-16
7707,Australia,Content Creator,Advanced,2025-09-11
7708,Pakistan,Data Analyst,Beginner,2025-06-19
7709,USA,Student,Beginner,2025-07-26
7710,India,Content Creator,Advanced,2025-12-17
7711,Japan,Data Scientist,Beginner,2025-07-28
7712,India,Customer Support Specialist,Intermediate,2025-08-31
7713,India,Business Analyst,Intermediate,2025-06-25
7714,,Data Scientist,Intermediate,2025-06-09
7715,United Kingdom,Entrepreneur,Advanced,2025-12-29
7716,Canada,Data Analyst,Intermediate,2025-05-10
7717,Malaysia,Marketing Specialist,Advanced,2025-04-05
7718,United Kingdom,Designer,Intermediate,2025-04-13
7719,Australia,Business Analyst,Intermediate,2025-11-28
7720,United Kingdom,Student,Beginner,2025-06-23
7721,Spain,Student,Advanced,2025-02-18
7722,Australia,Teacher,Expert,2025-01-11
7723,Germany,Entrepreneur,Beginner,2025-02-01
7724,Germany,Teacher,Beginner,2025-01-31
7725,,Teacher,Advanced,2025-02-18
7726,India,Content Creator,Intermediate,2025-09-28
7727,Australia,Student,Intermediate,2025-06-17
7728,Pakistan,Data Analyst,Beginner,2025-01-15
7729,USA,Marketing Specialist,Advanced,2025-10-18
7730,USA,Software Developer,Intermediate,2025-02-05
7731,Australia,Data Analyst,Beginner,2025-04-07
7732,India,Student,Beginner,2025-09-13
7733,Pakistan,Researcher,Intermediate,2025-04-22
7734,USA,Content Creator,Intermediate,2025-02-19
7735,Spain,Data Scientist,Advanced,2025-03-21
7736,Australia,Data Analyst,Expert,2025-10-21
7737,United Kingdom,Content Creator,Beginner,2025-08-14
7738,India,Marketing Specialist,Intermediate,2026-01-31
7739,United Kingdom,Student,Intermediate,2025-03-18
7740,United Kingdom,Software Developer,Intermediate,2025-08-16
7741,Pakistan,Student,Beginner,2025-01-20
7742,India,Data Analyst,Expert,2026-02-11
7743,United Kingdom,Software Developer,Beginner,2026-02-18
7744,USA,Marketing Specialist,Beginner,2025-05-30
7745,United Kingdom,Student,Advanced,2025-12-16
7746,India,Student,Advanced,2025-09-23
7747,United Kingdom,Teacher,Advanced,2025-02-21
7748,Pakistan,Designer,Expert,2025-11-05
7749,France,Entrepreneur,Beginner,2025-11-10
7750,United Kingdom,Entrepreneur,Intermediate,2025-08-21
7751,Italy,Software Developer,Expert,2025-10-08
7752,United Kingdom,Software Developer,Advanced,2026-02-06
7753,India,Software Developer,Beginner,2025-03-01
7754,France,Customer Support Specialist,Beginner,2025-02-03
7755,United Kingdom,Data Analyst,Advanced,2025-07-07
7756,USA,Data Analyst,Beginner,2026-02-23
7757,Canada,Business Analyst,Intermediate,2026-02-11
7758,USA,Marketing Specialist,Advanced,2025-07-03
7759,USA,Software Developer,Beginner,2025-09-03
7760,UAE,Marketing Specialist,Intermediate,2025-12-04
7761,India,Student,Expert,2026-03-06
7762,India,Entrepreneur,Intermediate,2026-03-11
7763,USA,Student,Expert,2025-12-06
7764,Pakistan,Business Analyst,Beginner,2025-09-27
7765,Canada,Business Analyst,Expert,2025-12-26
7766,United Kingdom,Content Creator,Beginner,2025-07-21
7767,India,Data Scientist,Beginner,2025-11-26
7768,India,Student,Expert,2025-06-14
7769,France,Student,Expert,2026-01-26
7770,USA,Designer,Intermediate,2025-11-17
7771,,Researcher,Beginner,2025-08-11
7772,USA,Data Analyst,Expert,2025-09-09
7773,France,Content Creator,Intermediate,2025-02-23
7774,India,Content Creator,Intermediate,2025-09-05
7775,USA,Content Creator,Beginner,2025-06-06
7776,India,Business Analyst,Advanced,2026-02-07
7777,Germany,Student,Intermediate,2026-01-30
7778,Australia,Teacher,Intermediate,2025-01-29
7779,Italy,Customer Support Specialist,Intermediate,2025-01-22
7780,Japan,Marketing Specialist,Intermediate,2025-02-15
7781,USA,Marketing Specialist,Expert,2025-10-28
7782,Saudi Arabia,Teacher,Beginner,2025-10-20
7783,Pakistan,Data Analyst,Intermediate,2025-11-25
7784,Canada,Student,Intermediate,2025-01-25
7785,United Kingdom,Data Scientist,Beginner,2025-01-25
7786,Brazil,Software Developer,Beginner,2025-07-17
7787,Japan,Customer Support Specialist,Advanced,2025-10-03
7788,USA,Data Analyst,Expert,2026-02-27
7789,Saudi Arabia,Marketing Specialist,Beginner,2025-08-11
7790,USA,Software Developer,Intermediate,2025-09-26
7791,USA,Customer Support Specialist,Beginner,2025-09-18
7792,Australia,Data Analyst,Intermediate,2025-12-24
7793,USA,Teacher,Intermediate,2025-04-20
7794,USA,Business Analyst,Intermediate,2025-04-06
7795,Netherlands,Entrepreneur,Expert,2025-12-31
7796,USA,Software Developer,Expert,2026-01-01
7797,United Kingdom,Data Analyst,Advanced,2025-04-16
7798,India,Researcher,Advanced,2025-11-10
7799,Saudi Arabia,Data Scientist,Intermediate,2025-07-15
7800,Pakistan,Designer,Beginner,2025-12-19
7801,United Kingdom,Designer,Intermediate,2025-05-29
7802,Saudi Arabia,Designer,Beginner,2025-05-04
7803,France,Teacher,Intermediate,2026-03-02
7804,France,Data Analyst,Intermediate,2025-04-01
7805,Brazil,Entrepreneur,Intermediate,2026-02-28
7806,,Business Analyst,Expert,2026-03-05
7807,United Kingdom,Marketing Specialist,Intermediate,2025-03-21
7808,USA,Student,Advanced,2025-05-07
7809,Saudi Arabia,Entrepreneur,Beginner,2025-05-13
7810,Canada,Software Developer,Beginner,2025-08-05
7811,Brazil,Designer,Advanced,2025-12-30
7812,USA,Student,Advanced,2025-11-17
7813,USA,Student,Beginner,2025-12-01
7814,France,Customer Support Specialist,Advanced,2025-05-20
7815,Malaysia,Business Analyst,Advanced,2025-01-06
7816,Canada,Designer,Intermediate,2025-07-31
7817,Saudi Arabia,Data Analyst,Beginner,2026-03-08
7818,Spain,Software Developer,Expert,2026-02-23
7819,Australia,Student,Advanced,2025-05-10
7820,Saudi Arabia,Data Scientist,Advanced,2025-11-17
7821,Saudi Arabia,Data Scientist,Beginner,2025-01-22
7822,India,Data Analyst,Beginner,2025-08-18
7823,Australia,Student,Advanced,2025-12-20
7824,India,Student,Intermediate,2025-11-23
7825,Singapore,Designer,Intermediate,2025-03-23
7826,Singapore,Student,Beginner,2025-09-08
7827,United Kingdom,Teacher,Beginner,2025-10-02
7828,Germany,Marketing Specialist,Expert,2026-01-14
7829,India,Data Scientist,Intermediate,2025-12-15
7830,Pakistan,Researcher,Intermediate,2025-12-22
7831,UAE,Business Analyst,Expert,2025-10-02
7832,United Kingdom,Customer Support Specialist,Beginner,2025-10-19
7833,Australia,Designer,Advanced,2026-01-25
7834,United Kingdom,Teacher,Expert,2026-02-26
7835,Australia,Teacher,Beginner,2025-04-14
7836,India,Customer Support Specialist,Advanced,2025-10-12
7837,Canada,Student,Beginner,2025-04-13
7838,Pakistan,Designer,Beginner,2025-01-19
7839,USA,Designer,Intermediate,2025-02-25
7840,India,Marketing Specialist,Expert,2025-01-20
7841,United Kingdom,Business Analyst,Expert,2025-04-05
7842,USA,Software Developer,Intermediate,2025-12-22
7843,Germany,Student,Intermediate,2025-05-04
7844,France,Software Developer,Expert,2025-07-09
7845,India,Entrepreneur,Beginner,2025-03-15
7846,India,Data Analyst,Expert,2026-01-29
7847,USA,Content Creator,Advanced,2025-09-15
7848,France,Student,Expert,2025-04-07
7849,Brazil,Student,Intermediate,2026-01-07
7850,Italy,Customer Support Specialist,Intermediate,2025-10-19
7851,Japan,Data Scientist,Intermediate,2025-03-20
7852,USA,Data Analyst,Advanced,2025-05-09
7853,Canada,Data Analyst,Intermediate,2025-06-29
7854,Pakistan,Customer Support Specialist,Advanced,2025-11-26
7855,Pakistan,Entrepreneur,Intermediate,2025-07-14
7856,France,Customer Support Specialist,Intermediate,2025-05-30
7857,France,Data Scientist,Beginner,2025-04-26
7858,Canada,Customer Support Specialist,Intermediate,2025-04-10
7859,Spain,Entrepreneur,Beginner,2026-01-05
7860,Pakistan,Content Creator,Intermediate,2025-08-14
7861,USA,Customer Support Specialist,Advanced,2025-05-06
7862,United Kingdom,Marketing Specialist,Beginner,2025-05-28
7863,United Kingdom,Customer Support Specialist,Advanced,2025-03-15
7864,Pakistan,Designer,Advanced,2025-06-12
7865,Pakistan,Software Developer,Intermediate,2025-12-17
7866,Germany,Software Developer,Beginner,2025-09-23
7867,India,Student,Intermediate,2025-11-13
7868,India,Data Scientist,Advanced,2026-01-06
7869,USA,Designer,Expert,2025-07-09
7870,Germany,Researcher,Intermediate,2025-02-23
7871,USA,Content Creator,Intermediate,2025-01-04
7872,USA,Student,Expert,2025-10-16
7873,India,Student,Intermediate,2025-07-18
7874,Saudi Arabia,Business Analyst,Advanced,2025-03-03
7875,Pakistan,Software Developer,Intermediate,2026-01-26
7876,France,Researcher,Expert,2025-10-16
7877,United Kingdom,Content Creator,Intermediate,2025-01-11
7878,USA,Student,Intermediate,2025-09-01
7879,Italy,Student,Expert,2025-11-27
7880,Canada,Data Scientist,Beginner,2025-12-18
7881,USA,Student,Beginner,2025-08-19
7882,United Kingdom,Customer Support Specialist,Advanced,2025-05-02
7883,UAE,Software Developer,Intermediate,2025-11-10
7884,India,Entrepreneur,Beginner,2025-11-22
7885,United Kingdom,Marketing Specialist,Intermediate,2025-03-20
7886,Japan,Data Analyst,Intermediate,2025-07-04
7887,Saudi Arabia,Designer,Intermediate,2025-05-27
7888,USA,Teacher,Expert,2025-03-31
7889,Germany,Business Analyst,Intermediate,2025-07-18
7890,India,Software Developer,Advanced,2025-03-24
7891,United Kingdom,Teacher,Advanced,2025-01-11
7892,South Korea,Designer,Intermediate,2025-06-03
7893,India,Designer,Advanced,2025-08-24
7894,USA,Customer Support Specialist,Expert,2025-10-05
7895,Germany,Student,Beginner,2025-07-25
7896,India,Software Developer,Intermediate,2025-11-17
7897,USA,Researcher,Intermediate,2025-07-27
7898,India,Marketing Specialist,Expert,2025-08-02
7899,Australia,Designer,Advanced,2025-08-20
7900,Australia,Entrepreneur,Beginner,2025-07-18
7901,Singapore,Data Scientist,Expert,2025-06-22
7902,India,Entrepreneur,Expert,2025-07-24
7903,USA,Customer Support Specialist,Beginner,2025-09-29
7904,India,Student,Expert,2025-04-22
7905,United Kingdom,Marketing Specialist,Advanced,2025-10-19
7906,Italy,Teacher,Beginner,2026-01-09
7907,India,Software Developer,Intermediate,2025-11-13
7908,India,Data Scientist,Advanced,2025-08-26
7909,India,Marketing Specialist,Intermediate,2026-01-27
7910,USA,Student,Intermediate,2025-07-11
7911,Brazil,Student,Intermediate,2025-04-20
7912,Saudi Arabia,Teacher,Advanced,2025-08-29
7913,Italy,Teacher,Intermediate,2025-11-30
7914,Japan,Designer,Beginner,2026-03-03
7915,India,Data Analyst,Beginner,2025-11-16
7916,India,Software Developer,Advanced,2025-04-13
7917,Spain,Marketing Specialist,Advanced,2025-10-10
7918,India,Entrepreneur,Intermediate,2025-12-04
7919,USA,Data Analyst,Intermediate,2025-09-22
7920,USA,Data Scientist,Beginner,2025-08-15
7921,India,Data Scientist,Expert,2025-04-16
7922,India,Data Analyst,Advanced,2025-12-08
7923,Singapore,Student,Advanced,2026-01-17
7924,Pakistan,Data Analyst,Intermediate,2026-01-29
7925,Germany,Student,Advanced,2025-07-25
7926,India,Researcher,Intermediate,2026-02-15
7927,United Kingdom,Marketing Specialist,Advanced,2025-07-30
7928,,Business Analyst,Advanced,2025-05-06
7929,India,Customer Support Specialist,Advanced,2025-03-08
7930,United Kingdom,Data Analyst,Intermediate,2025-09-07
7931,USA,Student,Intermediate,2026-01-26
7932,Australia,Data Analyst,Advanced,2026-01-12
7933,India,Student,Advanced,2025-01-19
7934,Germany,Data Scientist,Intermediate,2026-02-07
7935,India,Marketing Specialist,Intermediate,2025-01-11
7936,Australia,Marketing Specialist,Beginner,2025-01-28
7937,India,Data Analyst,Intermediate,2025-02-16
7938,Canada,Designer,Advanced,2025-07-02
7939,India,Customer Support Specialist,Intermediate,2025-03-19
7940,India,Content Creator,Advanced,2025-06-07
7941,,Teacher,Advanced,2025-07-05
7942,UAE,Software Developer,Advanced,2025-06-11
7943,UAE,Content Creator,Advanced,2026-03-01
7944,Malaysia,Student,Beginner,2025-06-23
7945,United Kingdom,Software Developer,Beginner,2025-05-29
7946,Germany,Data Scientist,Advanced,2026-02-15
7947,Japan,Student,Expert,2025-03-19
7948,USA,Business Analyst,Advanced,2025-03-02
7949,India,Data Scientist,Intermediate,2025-11-13
7950,Saudi Arabia,Business Analyst,Intermediate,2025-10-15
7951,Germany,Software Developer,Intermediate,2025-08-29
7952,South Korea,Data Analyst,Expert,2025-05-24
7953,Japan,Customer Support Specialist,Beginner,2025-05-08
7954,India,Software Developer,Advanced,2025-12-06
7955,France,Data Analyst,Advanced,2025-08-16
7956,India,Software Developer,Intermediate,2025-01-21
7957,USA,Data Scientist,Intermediate,2025-07-15
7958,Singapore,Teacher,Intermediate,2025-09-02
7959,Australia,Marketing Specialist,Intermediate,2025-01-11
7960,Australia,Content Creator,Intermediate,2026-02-23
7961,Germany,Content Creator,Intermediate,2025-08-14
7962,Singapore,Data Analyst,Advanced,2025-04-04
7963,Pakistan,Software Developer,Intermediate,2025-01-11
7964,Pakistan,Business Analyst,Intermediate,2025-12-10
7965,France,Data Scientist,Beginner,2025-06-23
7966,Pakistan,Marketing Specialist,Advanced,2025-07-09
7967,Canada,Customer Support Specialist,Advanced,2025-03-11
7968,Spain,Software Developer,Beginner,2025-12-13
7969,India,Software Developer,Intermediate,2025-03-18
7970,Canada,Marketing Specialist,Advanced,2026-02-09
7971,Malaysia,Business Analyst,Beginner,2025-04-11
7972,Pakistan,Data Scientist,Beginner,2025-06-14
7973,Canada,Marketing Specialist,Beginner,2026-02-10
7974,Australia,Researcher,Beginner,2025-02-12
7975,Pakistan,Entrepreneur,Intermediate,2026-02-14
7976,Pakistan,Data Scientist,Beginner,2025-11-15
7977,USA,Business Analyst,Beginner,2025-08-02
7978,India,Software Developer,Advanced,2025-07-06
7979,USA,Data Scientist,Intermediate,2025-04-09
7980,Pakistan,Data Scientist,Beginner,2025-09-24
7981,Saudi Arabia,Customer Support Specialist,Intermediate,2025-01-13
7982,USA,Software Developer,Advanced,2025-03-27
7983,Canada,Teacher,Advanced,2025-05-03
7984,Brazil,Entrepreneur,Advanced,2025-05-15
7985,United Kingdom,Data Scientist,Intermediate,2025-08-10
7986,United Kingdom,Marketing Specialist,Beginner,2025-05-20
7987,France,Student,Intermediate,2026-01-24
7988,India,Student,Beginner,2025-12-04
7989,Singapore,Designer,Beginner,2025-10-10
7990,USA,Content Creator,Beginner,2025-11-16
7991,South Korea,Designer,Beginner,2025-10-21
7992,France,Data Scientist,Advanced,2025-07-14
7993,India,Customer Support Specialist,Intermediate,2025-08-29
7994,Japan,Software Developer,Intermediate,2025-01-19
7995,Australia,Content Creator,Beginner,2025-05-19
7996,Pakistan,Data Scientist,Intermediate,2025-06-21
7997,Pakistan,Data Scientist,Beginner,2025-09-20
7998,Pakistan,Data Analyst,Expert,2026-02-06
7999,USA,Entrepreneur,Intermediate,2025-12-29
8000,Pakistan,Data Analyst,Intermediate,2025-06-27
8001,France,Student,Beginner,2025-10-10
8002,Netherlands,Customer Support Specialist,Intermediate,2025-05-25
8003,Germany,Student,Intermediate,2025-08-19
8004,USA,Student,Advanced,2025-02-13
8005,USA,Marketing Specialist,Advanced,2025-06-13
8006,India,Data Analyst,Advanced,2025-02-28
8007,India,Data Analyst,Intermediate,2025-03-07
8008,Pakistan,Business Analyst,Intermediate,2025-02-24
8009,Pakistan,Designer,Expert,2025-04-01
8010,USA,Data Analyst,Expert,2025-03-20
8011,Italy,Data Analyst,Beginner,2025-05-02
8012,Pakistan,Software Developer,Advanced,2025-02-08
8013,USA,Software Developer,Intermediate,2025-01-07
8014,Italy,Student,Intermediate,2025-06-24
8015,South Korea,Designer,Intermediate,2025-11-13
8016,Pakistan,Data Analyst,Intermediate,2025-10-26
8017,United Kingdom,Data Scientist,Beginner,2025-08-24
8018,India,Designer,Beginner,2025-06-19
8019,USA,Customer Support Specialist,Intermediate,2025-02-24
8020,USA,Researcher,Beginner,2025-01-29
8021,Australia,Teacher,Advanced,2025-04-13
8022,Australia,Software Developer,Advanced,2025-02-11
8023,USA,Student,Expert,2026-01-03
8024,United Kingdom,Customer Support Specialist,Beginner,2025-01-02
8025,United Kingdom,Software Developer,Intermediate,2025-12-18
8026,USA,Data Analyst,Beginner,2025-01-26
8027,UAE,Data Analyst,Advanced,2025-07-18
8028,USA,Software Developer,Intermediate,2025-09-29
8029,Malaysia,Software Developer,Beginner,2026-02-23
8030,UAE,Student,Advanced,2025-09-11
8031,India,Student,Beginner,2025-04-06
8032,United Kingdom,Teacher,Advanced,2026-01-10
8033,Canada,Entrepreneur,Beginner,2025-02-01
8034,India,Marketing Specialist,Intermediate,2025-09-17
8035,USA,Marketing Specialist,Intermediate,2025-04-01
8036,UAE,Teacher,Intermediate,2025-05-15
8037,USA,Content Creator,Advanced,2025-10-05
8038,India,Student,Expert,2025-04-07
8039,India,Data Analyst,Beginner,2025-12-26
8040,Canada,Customer Support Specialist,Intermediate,2025-04-07
8041,India,Content Creator,Intermediate,2025-06-14
8042,Germany,Data Analyst,Intermediate,2025-04-27
8043,United Kingdom,Software Developer,Intermediate,2025-11-22
8044,South Korea,Student,Expert,2025-06-01
8045,USA,Researcher,Beginner,2025-09-17
8046,India,Marketing Specialist,Intermediate,2025-04-22
8047,UAE,Marketing Specialist,Intermediate,2026-02-27
8048,Netherlands,Student,Beginner,2025-05-04
8049,USA,Student,Advanced,2025-12-02
8050,USA,Software Developer,Beginner,2025-12-16
8051,Germany,Data Scientist,Beginner,2026-01-22
8052,Germany,Teacher,Intermediate,2025-02-01
8053,Canada,Software Developer,Expert,2025-06-26
8054,Pakistan,Customer Support Specialist,Expert,2025-01-31
8055,UAE,Software Developer,Intermediate,2026-02-23
8056,USA,Entrepreneur,Advanced,2025-12-12
8057,Malaysia,Marketing Specialist,Intermediate,2026-01-02
8058,Canada,Student,Intermediate,2026-01-17
8059,Germany,Customer Support Specialist,Intermediate,2025-06-13
8060,Singapore,Business Analyst,Intermediate,2025-07-05
8061,Pakistan,Content Creator,Intermediate,2025-11-07
8062,USA,Student,Expert,2025-02-03
8063,USA,Researcher,Advanced,2026-01-08
8064,France,Marketing Specialist,Advanced,2025-08-19
8065,Pakistan,Software Developer,Expert,2026-02-20
8066,United Kingdom,Content Creator,Intermediate,2025-09-13
8067,USA,Customer Support Specialist,Advanced,2025-09-08
8068,USA,Customer Support Specialist,Advanced,2026-01-17
8069,United Kingdom,Marketing Specialist,Beginner,2025-10-28
8070,Canada,Software Developer,Intermediate,2025-12-20
8071,Canada,Business Analyst,Advanced,2025-08-27
8072,India,Entrepreneur,Intermediate,2025-06-16
8073,Germany,Data Analyst,Advanced,2026-03-10
8074,Spain,Teacher,Expert,2025-07-26
8075,India,Business Analyst,Intermediate,2025-08-26
8076,USA,Content Creator,Advanced,2025-03-14
8077,India,Software Developer,Beginner,2025-07-17
8078,Pakistan,Data Analyst,Beginner,2025-01-13
8079,Pakistan,Customer Support Specialist,Advanced,2026-02-08
8080,India,Customer Support Specialist,Intermediate,2025-11-20
8081,United Kingdom,Student,Intermediate,2025-07-07
8082,India,Student,Intermediate,2026-02-10
8083,Canada,Teacher,Intermediate,2025-03-30
8084,Australia,Marketing Specialist,Expert,2025-04-05
8085,Pakistan,Entrepreneur,Advanced,2025-01-09
8086,Germany,Content Creator,Beginner,2025-03-18
8087,Italy,Software Developer,Intermediate,2025-04-12
8088,Pakistan,Student,Intermediate,2025-07-20
8089,Brazil,Student,Expert,2026-03-01
8090,Germany,Data Analyst,Beginner,2025-10-09
8091,Australia,Software Developer,Intermediate,2025-04-08
8092,USA,Student,Advanced,2026-01-06
8093,United Kingdom,Data Analyst,Beginner,2025-08-11
8094,Pakistan,Software Developer,Intermediate,2025-03-23
8095,Germany,Software Developer,Intermediate,2025-12-07
8096,Pakistan,Student,Intermediate,2025-02-24
8097,Pakistan,Student,Advanced,2025-06-15
8098,USA,Marketing Specialist,Intermediate,2025-11-08
8099,India,Researcher,Intermediate,2025-05-01
8100,United Kingdom,Content Creator,Advanced,2025-09-11
8101,Malaysia,Content Creator,Advanced,2025-08-02
8102,USA,Designer,Beginner,2025-06-07
8103,USA,Designer,Advanced,2025-06-23
8104,Pakistan,Content Creator,Intermediate,2025-12-17
8105,,Data Scientist,Intermediate,2025-11-10
8106,Pakistan,Content Creator,Beginner,2025-03-08
8107,USA,Content Creator,Intermediate,2025-06-24
8108,United Kingdom,Data Analyst,Intermediate,2026-02-18
8109,Saudi Arabia,Entrepreneur,Advanced,2025-03-07
8110,USA,Content Creator,Beginner,2025-08-31
8111,India,Data Analyst,Advanced,2025-08-17
8112,France,Marketing Specialist,Advanced,2025-05-07
8113,India,Student,Intermediate,2025-06-17
8114,Germany,Teacher,Beginner,2025-06-10
8115,UAE,Student,Advanced,2025-09-01
8116,United Kingdom,Customer Support Specialist,Beginner,2025-10-12
8117,France,Marketing Specialist,Beginner,2026-02-11
8118,USA,Teacher,Beginner,2025-04-10
8119,India,Customer Support Specialist,Advanced,2025-06-14
8120,India,Marketing Specialist,Intermediate,2025-10-21
8121,Japan,Researcher,Advanced,2025-04-28
8122,,Content Creator,Beginner,2025-11-09
8123,USA,Researcher,Beginner,2026-02-24
8124,Canada,Business Analyst,Intermediate,2025-10-16
8125,USA,Researcher,Expert,2025-01-10
8126,Australia,Marketing Specialist,Beginner,2025-02-18
8127,USA,Researcher,Beginner,2025-03-17
8128,Singapore,Student,Intermediate,2025-02-11
8129,UAE,Teacher,Intermediate,2025-08-25
8130,Spain,Customer Support Specialist,Expert,2026-01-08
8131,Japan,Researcher,Advanced,2025-08-19
8132,USA,Data Scientist,Beginner,2025-04-09
8133,USA,Student,Beginner,2025-05-22
8134,Brazil,Teacher,Beginner,2025-07-06
8135,India,Business Analyst,Advanced,2025-01-31
8136,,Customer Support Specialist,Expert,2025-04-25
8137,Pakistan,Data Scientist,Advanced,2025-06-17
8138,India,Teacher,Intermediate,2025-11-14
8139,Saudi Arabia,Data Scientist,Intermediate,2025-03-16
8140,Canada,Customer Support Specialist,Beginner,2025-06-13
8141,Spain,Teacher,Advanced,2025-06-10
8142,Saudi Arabia,Marketing Specialist,Beginner,2025-10-02
8143,India,Business Analyst,Advanced,2026-02-20
8144,India,Marketing Specialist,Intermediate,2025-11-02
8145,USA,Designer,Beginner,2025-06-01
8146,USA,Student,Intermediate,2026-01-12
8147,USA,Student,Beginner,2025-09-26
8148,USA,Software Developer,Beginner,2025-05-25
8149,India,Teacher,Intermediate,2025-07-12
8150,USA,Software Developer,Beginner,2026-02-24
8151,Saudi Arabia,Student,Beginner,2025-06-02
8152,,Marketing Specialist,Beginner,2025-03-15
8153,Germany,Student,Beginner,2025-01-15
8154,France,Researcher,Intermediate,2026-01-26
8155,,Designer,Intermediate,2025-07-08
8156,Australia,Marketing Specialist,Beginner,2025-03-17
8157,France,Content Creator,Intermediate,2025-07-15
8158,Singapore,Business Analyst,Beginner,2025-11-01
8159,Brazil,Student,Advanced,2025-06-10
8160,Saudi Arabia,Designer,Intermediate,2025-05-21
8161,Netherlands,Data Analyst,Beginner,2025-04-12
8162,Pakistan,Business Analyst,Expert,2025-08-21
8163,India,Business Analyst,Beginner,2025-10-28
8164,Malaysia,Marketing Specialist,Beginner,2025-01-09
8165,USA,Data Analyst,Beginner,2025-06-17
8166,UAE,Data Analyst,Expert,2025-07-08
8167,Germany,Researcher,Beginner,2026-03-02
8168,Brazil,Content Creator,Advanced,2025-10-09
8169,Italy,Software Developer,Beginner,2025-08-11
8170,Saudi Arabia,Business Analyst,Intermediate,2025-07-22
8171,Pakistan,Content Creator,Intermediate,2025-11-10
8172,India,Designer,Beginner,2025-01-18
8173,United Kingdom,Customer Support Specialist,Advanced,2025-06-15
8174,Spain,Teacher,Intermediate,2025-10-19
8175,Saudi Arabia,Entrepreneur,Expert,2025-09-19
8176,France,Data Analyst,Beginner,2026-01-03
8177,USA,Customer Support Specialist,Intermediate,2025-09-12
8178,Singapore,Student,Advanced,2025-02-04
8179,USA,Data Scientist,Intermediate,2025-02-22
8180,Germany,Data Analyst,Advanced,2026-01-01
8181,Pakistan,Business Analyst,Beginner,2026-01-22
8182,France,Data Scientist,Advanced,2025-07-02
8183,Pakistan,Content Creator,Expert,2025-07-31
8184,USA,Software Developer,Advanced,2025-02-05
8185,France,Data Scientist,Intermediate,2025-10-07
8186,USA,Data Analyst,Intermediate,2025-08-02
8187,Japan,Designer,Intermediate,2025-07-22
8188,Singapore,Data Scientist,Advanced,2025-10-08
8189,Singapore,Data Analyst,Intermediate,2026-02-21
8190,Malaysia,Customer Support Specialist,Beginner,2025-03-23
8191,USA,Data Scientist,Intermediate,2025-05-14
8192,United Kingdom,Marketing Specialist,Advanced,2025-01-29
8193,Pakistan,Business Analyst,Beginner,2025-10-13
8194,USA,Designer,Beginner,2025-11-26
8195,Pakistan,Entrepreneur,Beginner,2025-04-26
8196,Australia,Data Scientist,Beginner,2025-01-22
8197,Canada,Business Analyst,Intermediate,2025-04-30
8198,Germany,Entrepreneur,Advanced,2025-03-12
8199,India,Researcher,Intermediate,2025-06-15
8200,UAE,Designer,Beginner,2025-11-21
8201,Canada,Designer,Intermediate,2025-01-10
8202,Singapore,Entrepreneur,Intermediate,2025-05-29
8203,United Kingdom,Designer,Intermediate,2025-12-09
8204,Italy,Content Creator,Beginner,2025-08-01
8205,Canada,Content Creator,Intermediate,2025-01-21
8206,Germany,Data Analyst,Beginner,2025-01-19
8207,Pakistan,Student,Beginner,2025-10-26
8208,Saudi Arabia,Student,Expert,2025-06-28
8209,USA,Software Developer,Intermediate,2025-10-25
8210,India,Customer Support Specialist,Beginner,2025-09-18
8211,Pakistan,Entrepreneur,Intermediate,2025-03-26
8212,USA,Data Scientist,Intermediate,2025-03-19
8213,India,Student,Advanced,2025-11-18
8214,Singapore,Software Developer,Beginner,2025-05-25
8215,India,Marketing Specialist,Intermediate,2025-07-11
8216,Japan,Researcher,Beginner,2025-03-23
8217,Germany,Software Developer,Beginner,2026-01-22
8218,USA,Data Analyst,Intermediate,2025-06-21
8219,Canada,Data Analyst,Expert,2025-05-14
8220,Pakistan,Software Developer,Beginner,2025-11-30
8221,Germany,Customer Support Specialist,Intermediate,2025-01-15
8222,Spain,Student,Intermediate,2025-11-30
8223,United Kingdom,Researcher,Intermediate,2026-01-30
8224,Singapore,Software Developer,Intermediate,2025-04-05
8225,Canada,Marketing Specialist,Beginner,2025-07-18
8226,Pakistan,Designer,Advanced,2026-01-16
8227,UAE,Researcher,Intermediate,2025-04-16
8228,South Korea,Business Analyst,Beginner,2025-10-19
8229,India,Student,Intermediate,2025-06-02
8230,Singapore,Teacher,Advanced,2025-12-12
8231,India,Marketing Specialist,Beginner,2025-10-31
8232,USA,Content Creator,Beginner,2025-07-04
8233,France,Content Creator,Advanced,2025-11-28
8234,USA,Teacher,Expert,2025-10-18
8235,Singapore,Teacher,Advanced,2026-03-08
8236,Pakistan,Researcher,Advanced,2025-09-19
8237,Germany,Teacher,Intermediate,2025-01-07
8238,USA,Marketing Specialist,Beginner,2025-04-03
8239,Pakistan,Software Developer,Intermediate,2025-04-16
8240,Saudi Arabia,Marketing Specialist,Beginner,2026-01-04
8241,United Kingdom,Data Scientist,Intermediate,2025-06-17
8242,Pakistan,Customer Support Specialist,Beginner,2025-07-20
8243,France,Business Analyst,Expert,2025-03-26
8244,USA,Designer,Beginner,2025-09-03
8245,United Kingdom,Software Developer,Advanced,2025-05-27
8246,USA,Designer,Intermediate,2025-12-08
8247,Malaysia,Content Creator,Beginner,2025-05-08
8248,India,Software Developer,Advanced,2025-02-24
8249,Australia,Marketing Specialist,Beginner,2026-03-13
8250,UAE,Content Creator,Expert,2025-01-26
8251,Germany,Data Scientist,Intermediate,2025-05-21
8252,USA,Researcher,Advanced,2025-06-05
8253,India,Data Analyst,Beginner,2026-01-09
8254,Netherlands,Data Analyst,Intermediate,2025-03-23
8255,India,Student,Advanced,2025-07-08
8256,Singapore,Data Analyst,Advanced,2025-04-08
8257,Pakistan,Customer Support Specialist,Beginner,2026-01-15
8258,USA,Designer,Beginner,2025-02-08
8259,USA,Researcher,Advanced,2025-12-01
8260,United Kingdom,Content Creator,Intermediate,2026-01-30
8261,Germany,Marketing Specialist,Advanced,2025-03-03
8262,India,Data Scientist,Intermediate,2025-05-15
8263,United Kingdom,Teacher,Intermediate,2026-02-14
8264,USA,Data Scientist,Beginner,2025-03-03
8265,Australia,Designer,Advanced,2026-01-17
8266,Pakistan,Entrepreneur,Expert,2026-02-10
8267,France,Business Analyst,Intermediate,2025-09-01
8268,Spain,Business Analyst,Expert,2025-02-27
8269,Germany,Teacher,Intermediate,2025-05-01
8270,India,Student,Advanced,2025-10-24
8271,USA,Marketing Specialist,Intermediate,2025-05-20
8272,Pakistan,Entrepreneur,Advanced,2025-12-26
8273,Germany,Data Scientist,Intermediate,2025-02-02
8274,Pakistan,Student,Beginner,2025-03-20
8275,Canada,Data Scientist,Advanced,2025-07-23
8276,India,Student,Beginner,2025-01-16
8277,South Korea,Designer,Beginner,2025-08-10
8278,Canada,Business Analyst,Advanced,2025-07-31
8279,Australia,Software Developer,Advanced,2025-01-07
8280,UAE,Marketing Specialist,Advanced,2025-01-23
8281,India,Data Scientist,Advanced,2026-01-30
8282,Germany,Software Developer,Intermediate,2025-12-30
8283,Singapore,Software Developer,Beginner,2025-09-03
8284,India,Entrepreneur,Expert,2025-05-17
8285,Canada,Marketing Specialist,Intermediate,2025-05-20
8286,India,Business Analyst,Beginner,2025-04-07
8287,United Kingdom,Content Creator,Beginner,2025-08-18
8288,Canada,Marketing Specialist,Advanced,2025-11-29
8289,India,Data Scientist,Intermediate,2025-10-16
8290,South Korea,Data Analyst,Expert,2025-08-11
8291,Australia,Business Analyst,Beginner,2025-12-26
8292,India,Software Developer,Intermediate,2025-04-29
8293,South Korea,Software Developer,Intermediate,2026-01-16
8294,USA,Researcher,Beginner,2025-07-06
8295,USA,Student,Advanced,2025-07-08
8296,USA,Data Analyst,Beginner,2025-08-30
8297,Italy,Marketing Specialist,Advanced,2025-07-11
8298,France,Data Analyst,Intermediate,2025-07-10
8299,USA,Student,Intermediate,2025-10-04
8300,Canada,Software Developer,Beginner,2026-01-12
8301,Saudi Arabia,Researcher,Beginner,2025-07-28
8302,USA,Entrepreneur,Advanced,2025-07-25
8303,South Korea,Data Scientist,Intermediate,2025-06-27
8304,India,Content Creator,Beginner,2025-03-17
8305,USA,Software Developer,Advanced,2026-01-20
8306,United Kingdom,Marketing Specialist,Advanced,2025-12-12
8307,UAE,Student,Expert,2025-07-04
8308,United Kingdom,Software Developer,Expert,2025-02-14
8309,USA,Marketing Specialist,Intermediate,2025-03-12
8310,United Kingdom,Marketing Specialist,Beginner,2025-07-03
8311,Canada,Teacher,Beginner,2025-08-19
8312,Pakistan,Data Scientist,Advanced,2025-12-15
8313,Australia,Business Analyst,Beginner,2025-01-22
8314,USA,Software Developer,Beginner,2025-11-17
8315,Canada,Customer Support Specialist,Intermediate,2025-06-24
8316,Italy,Software Developer,Expert,2026-03-02
8317,India,Entrepreneur,Beginner,2026-03-12
8318,Spain,Data Analyst,Intermediate,2025-03-13
8319,United Kingdom,Student,Advanced,2026-02-10
8320,Malaysia,Marketing Specialist,Advanced,2025-12-21
8321,USA,Content Creator,Intermediate,2026-02-26
8322,Brazil,Student,Advanced,2025-02-27
8323,India,Data Scientist,Intermediate,2025-10-06
8324,India,Data Scientist,Beginner,2025-02-23
8325,Japan,Software Developer,Advanced,2025-05-11
8326,USA,Software Developer,Intermediate,2025-12-07
8327,United Kingdom,Designer,Intermediate,2026-01-14
8328,India,Content Creator,Intermediate,2025-12-30
8329,Pakistan,Business Analyst,Advanced,2025-09-08
8330,Pakistan,Business Analyst,Expert,2026-01-10
8331,Canada,Data Analyst,Expert,2025-07-11
8332,India,Software Developer,Intermediate,2025-07-22
8333,Australia,Entrepreneur,Intermediate,2026-02-24
8334,Italy,Software Developer,Beginner,2025-10-23
8335,Germany,Customer Support Specialist,Intermediate,2025-07-28
8336,USA,Data Analyst,Beginner,2025-02-24
8337,Pakistan,Software Developer,Expert,2025-11-26
8338,Canada,Content Creator,Beginner,2026-03-04
8339,USA,Marketing Specialist,Advanced,2026-01-21
8340,Canada,Business Analyst,Advanced,2025-01-01
8341,USA,Data Analyst,Advanced,2025-09-16
8342,United Kingdom,Data Scientist,Intermediate,2025-09-11
8343,United Kingdom,Entrepreneur,Beginner,2025-02-06
8344,India,Designer,Advanced,2025-06-06
8345,Germany,Customer Support Specialist,Advanced,2025-07-27
8346,Canada,Data Analyst,Intermediate,2025-04-18
8347,Australia,Business Analyst,Expert,2025-02-19
8348,Germany,Designer,Beginner,2025-04-08
8349,USA,Data Analyst,Beginner,2025-01-16
8350,Pakistan,Student,Intermediate,2025-04-17
8351,Canada,Marketing Specialist,Intermediate,2026-02-02
8352,India,Customer Support Specialist,Beginner,2025-02-04
8353,Spain,Student,Intermediate,2025-03-02
8354,USA,Software Developer,Intermediate,2025-07-03
8355,UAE,Data Scientist,Intermediate,2025-01-06
8356,India,Student,Expert,2025-06-03
8357,Singapore,Designer,Beginner,2025-07-11
8358,India,Customer Support Specialist,Beginner,2025-08-08
8359,Saudi Arabia,Student,Expert,2025-09-02
8360,Pakistan,Student,Intermediate,2025-10-31
8361,Italy,Customer Support Specialist,Advanced,2025-09-09
8362,UAE,Marketing Specialist,Advanced,2025-09-13
8363,Singapore,Designer,Intermediate,2025-01-16
8364,Canada,Marketing Specialist,Advanced,2025-08-31
8365,Pakistan,Data Analyst,Intermediate,2025-07-16
8366,India,Designer,Expert,2026-01-30
8367,Germany,Business Analyst,Beginner,2025-12-19
8368,Brazil,Marketing Specialist,Beginner,2025-06-29
8369,Germany,Customer Support Specialist,Beginner,2025-12-17
8370,Germany,Entrepreneur,Beginner,2025-01-14
8371,Germany,Designer,Intermediate,2025-09-07
8372,Germany,Software Developer,Advanced,2025-02-14
8373,USA,Data Scientist,Intermediate,2025-10-06
8374,Pakistan,Data Scientist,Advanced,2025-05-06
8375,Spain,Business Analyst,Intermediate,2026-01-02
8376,Brazil,Entrepreneur,Intermediate,2025-02-18
8377,India,Software Developer,Intermediate,2026-01-19
8378,Spain,Marketing Specialist,Advanced,2025-11-06
8379,USA,Data Analyst,Intermediate,2025-01-18
8380,Italy,Student,Advanced,2025-10-10
8381,USA,Marketing Specialist,Intermediate,2025-08-20
8382,Singapore,Software Developer,Beginner,2025-07-30
8383,India,Customer Support Specialist,Beginner,2025-12-17
8384,USA,Designer,Intermediate,2025-12-12
8385,Japan,Customer Support Specialist,Intermediate,2025-09-17
8386,Netherlands,Researcher,Beginner,2025-09-15
8387,,Content Creator,Intermediate,2025-05-21
8388,France,Student,Beginner,2025-07-18
8389,Australia,Business Analyst,Advanced,2025-10-02
8390,India,Customer Support Specialist,Beginner,2025-01-25
8391,,Data Scientist,Beginner,2025-03-02
8392,Pakistan,Content Creator,Advanced,2025-09-09
8393,South Korea,Teacher,Intermediate,2025-08-20
8394,Australia,Business Analyst,Intermediate,2025-03-25
8395,Saudi Arabia,Designer,Intermediate,2025-11-04
8396,Canada,Content Creator,Advanced,2025-02-26
8397,Pakistan,Marketing Specialist,Expert,2026-03-05
8398,Malaysia,Data Analyst,Beginner,2025-09-04
8399,France,Student,Beginner,2025-01-03
8400,Pakistan,Teacher,Advanced,2026-01-17
8401,United Kingdom,Designer,Intermediate,2025-04-01
8402,India,Designer,Beginner,2025-01-23
8403,United Kingdom,Student,Advanced,2025-04-25
8404,Germany,Student,Beginner,2025-12-16
8405,India,Content Creator,Beginner,2025-09-10
8406,USA,Content Creator,Advanced,2025-08-16
8407,India,Designer,Expert,2025-03-01
8408,Spain,Data Scientist,Advanced,2025-03-13
8409,Germany,Customer Support Specialist,Intermediate,2025-11-06
8410,UAE,Teacher,Intermediate,2025-08-13
8411,Saudi Arabia,Data Scientist,Beginner,2026-02-11
8412,,Customer Support Specialist,Intermediate,2025-01-11
8413,Germany,Content Creator,Beginner,2025-12-22
8414,Pakistan,Researcher,Expert,2025-10-06
8415,USA,Student,Beginner,2025-08-31
8416,India,Student,Intermediate,2025-08-12
8417,India,Data Analyst,Advanced,2025-08-05
8418,Italy,Student,Advanced,2025-02-14
8419,India,Entrepreneur,Advanced,2025-12-07
8420,Saudi Arabia,Software Developer,Intermediate,2025-07-25
8421,Canada,Data Scientist,Beginner,2025-05-05
8422,Germany,Researcher,Beginner,2025-03-12
8423,Canada,Data Analyst,Beginner,2025-03-24
8424,Germany,Student,Intermediate,2025-04-06
8425,Pakistan,Content Creator,Intermediate,2025-08-17
8426,Italy,Student,Advanced,2025-10-07
8427,India,Designer,Intermediate,2025-05-15
8428,India,Designer,Beginner,2026-02-09
8429,USA,Data Analyst,Advanced,2025-10-26
8430,UAE,Data Scientist,Intermediate,2025-10-14
8431,USA,Data Analyst,Advanced,2025-04-14
8432,Germany,Data Analyst,Beginner,2025-03-10
8433,Saudi Arabia,Data Analyst,Intermediate,2025-07-20
8434,France,Marketing Specialist,Intermediate,2025-01-31
8435,Brazil,Data Analyst,Advanced,2025-01-07
8436,USA,Marketing Specialist,Advanced,2025-12-07
8437,United Kingdom,Researcher,Advanced,2025-09-29
8438,USA,Researcher,Expert,2026-02-20
8439,Canada,Data Analyst,Beginner,2025-05-05
8440,India,Software Developer,Intermediate,2026-02-15
8441,USA,Data Analyst,Intermediate,2025-12-06
8442,United Kingdom,Marketing Specialist,Advanced,2025-09-03
8443,USA,Software Developer,Beginner,2025-03-30
8444,Pakistan,Software Developer,Advanced,2025-11-21
8445,India,Customer Support Specialist,Intermediate,2026-02-16
8446,United Kingdom,Teacher,Advanced,2025-12-08
8447,Germany,Customer Support Specialist,Intermediate,2025-09-19
8448,Saudi Arabia,Student,Advanced,2026-01-25
8449,India,Data Scientist,Advanced,2025-09-20
8450,India,Data Analyst,Intermediate,2025-02-07
8451,France,Entrepreneur,Advanced,2025-05-07
8452,Japan,Marketing Specialist,Beginner,2025-07-31
8453,USA,Marketing Specialist,Intermediate,2025-07-05
8454,India,Student,Advanced,2026-02-28
8455,Pakistan,Teacher,Advanced,2025-01-31
8456,Australia,Customer Support Specialist,Beginner,2025-01-22
8457,France,Business Analyst,Intermediate,2026-02-04
8458,Saudi Arabia,Student,Intermediate,2025-04-09
8459,USA,Customer Support Specialist,Advanced,2025-07-11
8460,Singapore,Researcher,Beginner,2025-11-07
8461,USA,Business Analyst,Intermediate,2025-04-26
8462,India,Marketing Specialist,Intermediate,2025-03-07
8463,France,Designer,Advanced,2026-02-09
8464,Singapore,Data Analyst,Intermediate,2025-07-28
8465,United Kingdom,Customer Support Specialist,Intermediate,2026-01-22
8466,Pakistan,Content Creator,Intermediate,2025-05-04
8467,Italy,Entrepreneur,Intermediate,2025-05-28
8468,France,Software Developer,Advanced,2025-02-08
8469,Australia,Student,Beginner,2025-01-16
8470,Netherlands,Student,Advanced,2025-10-15
8471,USA,Student,Advanced,2026-02-02
8472,Pakistan,Marketing Specialist,Beginner,2025-11-25
8473,Pakistan,Entrepreneur,Intermediate,2025-05-23
8474,Brazil,Entrepreneur,Expert,2025-08-26
8475,Brazil,Software Developer,Expert,2025-06-24
8476,USA,Software Developer,Beginner,2025-10-02
8477,Pakistan,Content Creator,Intermediate,2025-06-07
8478,USA,Designer,Intermediate,2025-08-29
8479,UAE,Data Scientist,Beginner,2025-07-17
8480,India,Data Scientist,Intermediate,2026-03-06
8481,United Kingdom,Student,Intermediate,2025-12-22
8482,Pakistan,Customer Support Specialist,Beginner,2025-12-16
8483,Saudi Arabia,Researcher,Beginner,2025-12-05
8484,South Korea,Teacher,Advanced,2025-03-12
8485,Pakistan,Marketing Specialist,Beginner,2025-02-16
8486,USA,Business Analyst,Advanced,2025-06-25
8487,USA,Teacher,Advanced,2025-11-12
8488,USA,Student,Intermediate,2025-05-09
8489,UAE,Business Analyst,Beginner,2025-05-19
8490,Canada,Teacher,Advanced,2025-11-01
8491,USA,Designer,Advanced,2025-06-10
8492,India,Student,Advanced,2025-06-15
8493,USA,Business Analyst,Intermediate,2025-10-17
8494,USA,Data Analyst,Beginner,2025-06-06
8495,USA,Researcher,Beginner,2025-06-21
8496,Spain,Designer,Intermediate,2025-07-30
8497,United Kingdom,Researcher,Intermediate,2025-11-03
8498,USA,Entrepreneur,Intermediate,2025-12-04
8499,USA,Designer,Intermediate,2025-11-10
8500,India,Teacher,Advanced,2025-03-13
8501,France,Student,Expert,2025-12-19
8502,India,Marketing Specialist,Intermediate,2025-12-18
8503,UAE,Software Developer,Beginner,2025-12-31
8504,Saudi Arabia,Student,Intermediate,2025-06-14
8505,Germany,Researcher,Beginner,2025-08-25
8506,India,Customer Support Specialist,Intermediate,2025-03-30
8507,Pakistan,Teacher,Intermediate,2026-01-06
8508,India,Data Analyst,Intermediate,2025-11-23
8509,Singapore,Software Developer,Beginner,2025-11-03
8510,Brazil,Software Developer,Intermediate,2026-03-02
8511,India,Marketing Specialist,Intermediate,2025-11-28
8512,USA,Marketing Specialist,Advanced,2025-07-11
8513,France,Content Creator,Intermediate,2025-09-05
8514,Canada,Content Creator,Advanced,2025-10-18
8515,France,Marketing Specialist,Beginner,2025-06-24
8516,India,Data Scientist,Expert,2025-11-07
8517,UAE,Marketing Specialist,Beginner,2025-03-05
8518,USA,Entrepreneur,Advanced,2026-02-21
8519,USA,Teacher,Intermediate,2025-07-21
8520,India,Researcher,Intermediate,2025-04-07
8521,Saudi Arabia,Software Developer,Intermediate,2025-05-11
8522,India,Student,Intermediate,2025-08-21
8523,India,Student,Intermediate,2025-10-09
8524,Australia,Marketing Specialist,Advanced,2025-05-22
8525,India,Student,Beginner,2025-08-04
8526,USA,Data Scientist,Beginner,2025-01-27
8527,Germany,Customer Support Specialist,Beginner,2025-11-18
8528,Japan,Software Developer,Advanced,2025-11-01
8529,France,Entrepreneur,Beginner,2025-08-12
8530,India,Software Developer,Intermediate,2025-03-03
8531,Netherlands,Teacher,Advanced,2025-03-04
8532,Canada,Entrepreneur,Intermediate,2026-02-15
8533,USA,Business Analyst,Beginner,2025-01-22
8534,USA,Software Developer,Intermediate,2025-05-23
8535,Germany,Data Scientist,Advanced,2025-10-02
8536,UAE,Entrepreneur,Intermediate,2026-02-06
8537,UAE,Teacher,Beginner,2026-01-16
8538,India,Designer,Beginner,2025-04-15
8539,India,Designer,Beginner,2025-12-05
8540,USA,Student,Advanced,2025-01-06
8541,Japan,Marketing Specialist,Intermediate,2025-11-16
8542,Pakistan,Data Analyst,Beginner,2025-05-26
8543,Saudi Arabia,Student,Advanced,2025-04-29
8544,Australia,Data Analyst,Intermediate,2025-11-06
8545,United Kingdom,Student,Intermediate,2025-05-17
8546,South Korea,Business Analyst,Expert,2025-07-01
8547,USA,Data Analyst,Beginner,2025-03-19
8548,India,Student,Intermediate,2025-10-27
8549,United Kingdom,Entrepreneur,Expert,2025-04-23
8550,USA,Business Analyst,Intermediate,2026-02-27
8551,United Kingdom,Teacher,Beginner,2025-10-05
8552,Brazil,Content Creator,Advanced,2025-03-24
8553,South Korea,Designer,Beginner,2026-01-15
8554,USA,Student,Beginner,2025-05-19
8555,Saudi Arabia,Data Scientist,Expert,2025-03-05
8556,Australia,Data Analyst,Intermediate,2026-03-09
8557,United Kingdom,Designer,Intermediate,2025-05-04
8558,USA,Content Creator,Intermediate,2025-03-26
8559,Saudi Arabia,Business Analyst,Beginner,2025-04-23
8560,USA,Researcher,Expert,2025-01-02
8561,United Kingdom,Data Scientist,Beginner,2025-06-07
8562,India,Student,Intermediate,2025-11-04
8563,France,Data Scientist,Beginner,2025-08-17
8564,Pakistan,Business Analyst,Intermediate,2025-02-21
8565,Italy,Designer,Beginner,2025-07-29
8566,India,Researcher,Intermediate,2025-08-15
8567,Germany,Teacher,Advanced,2025-07-16
8568,USA,Teacher,Intermediate,2026-01-20
8569,Pakistan,Designer,Intermediate,2025-10-05
8570,USA,Student,Intermediate,2025-04-16
8571,Pakistan,Software Developer,Beginner,2025-09-09
8572,USA,Student,Advanced,2025-09-26
8573,India,Student,Intermediate,2025-01-11
8574,Saudi Arabia,Software Developer,Beginner,2025-11-12
8575,India,Customer Support Specialist,Intermediate,2025-08-15
8576,USA,Data Scientist,Beginner,2025-07-10
8577,USA,Teacher,Intermediate,2025-02-09
8578,Germany,Student,Intermediate,2025-12-24
8579,India,Data Scientist,Advanced,2025-03-28
8580,USA,Marketing Specialist,Advanced,2025-04-17
8581,USA,Entrepreneur,Beginner,2025-06-30
8582,Pakistan,Marketing Specialist,Intermediate,2025-05-08
8583,USA,Teacher,Expert,2025-04-29
8584,India,Entrepreneur,Intermediate,2025-08-29
8585,Spain,Data Analyst,Advanced,2025-12-18
8586,USA,Entrepreneur,Advanced,2025-05-05
8587,Pakistan,Data Analyst,Advanced,2025-02-03
8588,Germany,Student,Intermediate,2026-02-14
8589,Japan,Student,Beginner,2025-10-20
8590,Netherlands,Student,Intermediate,2025-07-15
8591,India,Entrepreneur,Beginner,2025-08-12
8592,Germany,Entrepreneur,Beginner,2025-08-06
8593,Japan,Student,Advanced,2025-05-11
8594,Pakistan,Researcher,Beginner,2025-05-18
8595,USA,Customer Support Specialist,Beginner,2025-05-14
8596,Japan,Data Analyst,Intermediate,2025-03-28
8597,Japan,Data Analyst,Advanced,2025-10-27
8598,United Kingdom,Student,Advanced,2025-11-03
8599,Pakistan,Student,Advanced,2025-04-11
8600,India,Data Analyst,Advanced,2025-07-15
8601,Saudi Arabia,Designer,Intermediate,2026-01-25
8602,Australia,Designer,Intermediate,2025-12-29
8603,South Korea,Data Analyst,Intermediate,2025-02-17
8604,Brazil,Content Creator,Advanced,2025-10-11
8605,Pakistan,Data Scientist,Advanced,2025-02-10
8606,Pakistan,Researcher,Beginner,2025-05-11
8607,UAE,Marketing Specialist,Beginner,2025-05-31
8608,United Kingdom,Researcher,Beginner,2025-08-12
8609,Germany,Marketing Specialist,Beginner,2025-04-06
8610,UAE,Data Scientist,Beginner,2025-06-09
8611,United Kingdom,Content Creator,Expert,2025-02-04
8612,USA,Student,Beginner,2025-02-17
8613,UAE,Student,Advanced,2025-10-21
8614,India,Business Analyst,Intermediate,2026-02-06
8615,Spain,Software Developer,Intermediate,2026-01-15
8616,UAE,Marketing Specialist,Beginner,2025-10-08
8617,Malaysia,Data Scientist,Beginner,2025-08-05
8618,United Kingdom,Marketing Specialist,Advanced,2025-05-01
8619,Pakistan,Student,Intermediate,2025-04-11
8620,Pakistan,Entrepreneur,Advanced,2025-02-09
8621,United Kingdom,Software Developer,Expert,2025-02-21
8622,USA,Data Scientist,Beginner,2026-02-05
8623,USA,Teacher,Intermediate,2025-03-05
8624,Italy,Data Analyst,Intermediate,2025-10-11
8625,Malaysia,Business Analyst,Advanced,2026-01-06
8626,India,Teacher,Intermediate,2025-10-01
8627,Canada,Marketing Specialist,Intermediate,2025-05-06
8628,Australia,Content Creator,Beginner,2025-06-16
8629,United Kingdom,Content Creator,Beginner,2026-01-28
8630,India,Software Developer,Intermediate,2026-02-21
8631,,Data Scientist,Intermediate,2025-09-16
8632,UAE,Software Developer,Expert,2025-07-21
8633,Pakistan,Business Analyst,Beginner,2025-01-25
8634,USA,Student,Intermediate,2026-03-10
8635,Japan,Software Developer,Intermediate,2025-11-08
8636,USA,Business Analyst,Advanced,2025-10-21
8637,United Kingdom,Data Analyst,Intermediate,2025-08-25
8638,USA,Data Analyst,Intermediate,2025-03-31
8639,South Korea,Entrepreneur,Intermediate,2026-01-01
8640,Canada,Customer Support Specialist,Intermediate,2025-11-24
8641,Pakistan,Entrepreneur,Beginner,2025-01-22
8642,USA,Content Creator,Beginner,2025-07-13
8643,Pakistan,Student,Intermediate,2025-05-28
8644,South Korea,Data Analyst,Intermediate,2026-02-14
8645,USA,Marketing Specialist,Advanced,2026-01-22
8646,United Kingdom,Data Scientist,Intermediate,2025-10-05
8647,Canada,Data Analyst,Intermediate,2025-09-26
8648,United Kingdom,Customer Support Specialist,Advanced,2025-11-28
8649,Australia,Entrepreneur,Advanced,2025-07-01
8650,Brazil,Software Developer,Intermediate,2025-10-23
8651,UAE,Marketing Specialist,Beginner,2026-01-19
8652,Pakistan,Student,Beginner,2025-05-09
8653,Pakistan,Designer,Advanced,2025-07-28
8654,UAE,Business Analyst,Advanced,2025-09-13
8655,Pakistan,Student,Beginner,2025-01-19
8656,Spain,Software Developer,Advanced,2025-11-04
8657,Pakistan,Customer Support Specialist,Intermediate,2026-03-08
8658,Saudi Arabia,Data Scientist,Beginner,2025-11-06
8659,Germany,Customer Support Specialist,Intermediate,2025-07-15
8660,Spain,Teacher,Advanced,2025-07-11
8661,United Kingdom,Student,Beginner,2025-09-07
8662,Italy,Customer Support Specialist,Advanced,2025-01-09
8663,India,Data Scientist,Expert,2026-02-01
8664,USA,Business Analyst,Intermediate,2025-03-17
8665,Pakistan,Business Analyst,Beginner,2025-10-30
8666,Pakistan,Customer Support Specialist,Advanced,2026-01-19
8667,UAE,Teacher,Beginner,2026-02-11
8668,India,Designer,Intermediate,2025-05-06
8669,Pakistan,Teacher,Beginner,2025-04-27
8670,France,Software Developer,Beginner,2025-05-10
8671,Pakistan,Business Analyst,Beginner,2025-08-27
8672,Canada,Content Creator,Beginner,2025-07-10
8673,Canada,Entrepreneur,Intermediate,2025-08-26
8674,USA,Content Creator,Intermediate,2025-01-27
8675,USA,Software Developer,Beginner,2025-03-16
8676,USA,Data Scientist,Intermediate,2025-02-21
8677,Pakistan,Entrepreneur,Intermediate,2025-01-28
8678,Singapore,Designer,Beginner,2025-07-17
8679,United Kingdom,Business Analyst,Beginner,2025-08-10
8680,USA,Student,Intermediate,2025-05-31
8681,India,Software Developer,Beginner,2025-09-20
8682,France,Student,Intermediate,2025-01-21
8683,Canada,Marketing Specialist,Beginner,2026-03-10
8684,Canada,Software Developer,Intermediate,2025-06-30
8685,Canada,Data Analyst,Beginner,2025-06-08
8686,India,Software Developer,Intermediate,2025-03-26
8687,Malaysia,Student,Intermediate,2025-02-21
8688,France,Content Creator,Expert,2025-12-31
8689,Singapore,Teacher,Expert,2025-01-31
8690,India,Marketing Specialist,Advanced,2025-04-22
8691,Germany,Customer Support Specialist,Beginner,2025-07-10
8692,United Kingdom,Customer Support Specialist,Intermediate,2025-07-26
8693,Australia,Software Developer,Advanced,2025-11-10
8694,Spain,Student,Beginner,2025-11-15
8695,USA,Entrepreneur,Advanced,2025-07-08
8696,USA,Software Developer,Advanced,2025-09-22
8697,Saudi Arabia,Software Developer,Intermediate,2025-08-13
8698,Saudi Arabia,Designer,Expert,2025-08-10
8699,United Kingdom,Content Creator,Intermediate,2025-01-19
8700,Spain,Student,Beginner,2025-10-08
8701,India,Business Analyst,Intermediate,2025-10-17
8702,Pakistan,Marketing Specialist,Beginner,2025-03-20
8703,USA,Data Scientist,Intermediate,2025-07-13
8704,Australia,Business Analyst,Expert,2026-01-01
8705,Pakistan,Teacher,Beginner,2026-01-05
8706,USA,Software Developer,Intermediate,2025-03-15
8707,India,Data Scientist,Intermediate,2025-04-11
8708,Pakistan,Marketing Specialist,Intermediate,2025-07-16
8709,USA,Software Developer,Beginner,2025-04-23
8710,USA,Marketing Specialist,Advanced,2025-06-05
8711,Pakistan,Student,Advanced,2025-03-10
8712,India,Software Developer,Intermediate,2025-10-19
8713,France,Marketing Specialist,Advanced,2026-02-14
8714,USA,Student,Beginner,2025-03-19
8715,UAE,Business Analyst,Beginner,2025-10-18
8716,USA,Data Scientist,Beginner,2025-04-18
8717,India,Designer,Expert,2025-02-03
8718,Pakistan,Data Analyst,Beginner,2025-01-20
8719,USA,Data Analyst,Advanced,2025-09-05
8720,USA,Customer Support Specialist,Intermediate,2025-04-23
8721,Canada,Student,Advanced,2025-03-26
8722,United Kingdom,Student,Beginner,2025-09-10
8723,Netherlands,Data Scientist,Intermediate,2025-12-09
8724,Pakistan,Software Developer,Beginner,2025-06-25
8725,India,Researcher,Intermediate,2025-07-10
8726,Saudi Arabia,Researcher,Beginner,2025-05-13
8727,Canada,Teacher,Intermediate,2025-10-08
8728,Germany,Researcher,Beginner,2026-02-21
8729,Australia,Data Scientist,Intermediate,2025-11-20
8730,India,Business Analyst,Intermediate,2025-09-27
8731,France,Teacher,Advanced,2025-12-16
8732,Australia,Data Analyst,Advanced,2025-10-29
8733,Germany,Marketing Specialist,Expert,2025-05-23
8734,India,Data Analyst,Intermediate,2026-02-03
8735,UAE,Student,Intermediate,2025-04-26
8736,United Kingdom,Marketing Specialist,Advanced,2025-08-11
8737,India,Researcher,Advanced,2025-06-18
8738,United Kingdom,Student,Beginner,2025-06-03
8739,Saudi Arabia,Student,Intermediate,2026-01-06
8740,Pakistan,Designer,Advanced,2025-01-27
8741,UAE,Student,Advanced,2025-06-03
8742,Australia,Data Scientist,Beginner,2025-05-12
8743,Brazil,Content Creator,Intermediate,2025-03-17
8744,USA,Business Analyst,Intermediate,2026-03-09
8745,Japan,Customer Support Specialist,Expert,2025-05-08
8746,Singapore,Software Developer,Advanced,2025-03-20
8747,USA,Business Analyst,Beginner,2025-12-24
8748,Germany,Software Developer,Advanced,2025-07-05
8749,USA,Student,Advanced,2025-07-24
8750,Australia,Software Developer,Intermediate,2025-06-19
8751,USA,Content Creator,Expert,2025-05-05
8752,France,Data Analyst,Intermediate,2025-09-04
8753,Malaysia,Data Analyst,Intermediate,2025-12-06
8754,Pakistan,Teacher,Advanced,2025-06-10
8755,Pakistan,Content Creator,Intermediate,2025-01-30
8756,India,Data Scientist,Intermediate,2026-02-22
8757,USA,Business Analyst,Beginner,2025-08-01
8758,USA,Student,Beginner,2025-01-16
8759,United Kingdom,Student,Advanced,2025-07-09
8760,Italy,Teacher,Beginner,2025-05-01
8761,Spain,Student,Intermediate,2025-09-09
8762,Pakistan,Data Scientist,Advanced,2025-07-22
8763,Pakistan,Marketing Specialist,Beginner,2025-07-27
8764,Saudi Arabia,Teacher,Beginner,2025-05-01
8765,France,Researcher,Intermediate,2025-11-09
8766,Germany,Marketing Specialist,Beginner,2025-06-22
8767,France,Student,Intermediate,2025-06-17
8768,Singapore,Software Developer,Beginner,2026-03-13
8769,USA,Software Developer,Beginner,2025-02-12
8770,South Korea,Data Scientist,Advanced,2026-01-13
8771,USA,Marketing Specialist,Expert,2025-10-04
8772,India,Business Analyst,Expert,2025-02-17
8773,Germany,Data Scientist,Advanced,2026-02-11
8774,Japan,Data Analyst,Intermediate,2025-11-28
8775,India,Data Scientist,Advanced,2025-01-27
8776,Pakistan,Student,Intermediate,2025-04-01
8777,India,Data Analyst,Intermediate,2025-05-30
8778,Pakistan,Data Scientist,Beginner,2025-07-07
8779,Canada,Business Analyst,Advanced,2026-02-28
8780,India,Marketing Specialist,Advanced,2025-12-08
8781,Pakistan,Customer Support Specialist,Expert,2025-01-21
8782,India,Data Scientist,Beginner,2025-06-08
8783,India,Entrepreneur,Expert,2025-01-20
8784,USA,Marketing Specialist,Intermediate,2025-02-12
8785,Pakistan,Content Creator,Expert,2025-11-11
8786,USA,Software Developer,Beginner,2025-04-09
8787,Pakistan,Student,Intermediate,2025-07-20
8788,United Kingdom,Teacher,Intermediate,2025-09-09
8789,Pakistan,Business Analyst,Advanced,2025-10-31
8790,India,Student,Advanced,2026-03-05
8791,USA,Student,Intermediate,2026-03-02
8792,India,Data Analyst,Intermediate,2025-03-12
8793,UAE,Business Analyst,Expert,2025-11-07
8794,USA,Data Analyst,Advanced,2025-03-22
8795,Canada,Student,Beginner,2025-12-25
8796,India,Student,Beginner,2025-09-12
8797,Italy,Software Developer,Expert,2025-12-19
8798,Japan,Student,Advanced,2025-07-21
8799,France,Data Analyst,Intermediate,2025-12-07
8800,Canada,Content Creator,Intermediate,2025-08-31
8801,United Kingdom,Student,Intermediate,2025-07-03
8802,United Kingdom,Marketing Specialist,Advanced,2025-06-06
8803,Germany,Researcher,Intermediate,2025-12-28
8804,France,Marketing Specialist,Beginner,2025-08-03
8805,South Korea,Software Developer,Intermediate,2025-05-01
8806,USA,Software Developer,Advanced,2026-03-10
8807,Pakistan,Teacher,Beginner,2025-06-17
8808,India,Data Scientist,Intermediate,2025-08-25
8809,Saudi Arabia,Student,Intermediate,2025-03-21
8810,Malaysia,Software Developer,Intermediate,2025-01-31
8811,Pakistan,Software Developer,Beginner,2025-03-02
8812,USA,Business Analyst,Intermediate,2025-08-18
8813,Saudi Arabia,Designer,Intermediate,2026-01-06
8814,Australia,Entrepreneur,Beginner,2026-01-30
8815,Pakistan,Researcher,Expert,2025-06-13
8816,South Korea,Content Creator,Beginner,2026-01-03
8817,USA,Customer Support Specialist,Intermediate,2025-07-29
8818,India,Customer Support Specialist,Beginner,2025-11-26
8819,Australia,Content Creator,Beginner,2025-12-10
8820,Pakistan,Data Analyst,Intermediate,2025-10-28
8821,United Kingdom,Software Developer,Expert,2025-12-30
8822,Pakistan,Data Scientist,Beginner,2025-08-31
8823,USA,Customer Support Specialist,Beginner,2025-07-06
8824,,Business Analyst,Intermediate,2025-04-09
8825,Pakistan,Entrepreneur,Advanced,2025-01-26
8826,India,Content Creator,Expert,2026-03-13
8827,United Kingdom,Researcher,Expert,2025-07-19
8828,Australia,Software Developer,Beginner,2025-09-12
8829,Germany,Data Scientist,Expert,2025-07-23
8830,Pakistan,Student,Advanced,2025-06-15
8831,Canada,Student,Beginner,2026-02-22
8832,Germany,Business Analyst,Advanced,2025-12-29
8833,Pakistan,Software Developer,Advanced,2025-06-11
8834,Spain,Student,Advanced,2026-01-20
8835,Pakistan,Designer,Advanced,2025-12-25
8836,USA,Designer,Beginner,2026-02-06
8837,Pakistan,Content Creator,Beginner,2025-05-09
8838,Germany,Data Scientist,Advanced,2025-09-07
8839,USA,Researcher,Intermediate,2025-06-21
8840,Malaysia,Entrepreneur,Beginner,2025-03-13
8841,USA,Content Creator,Intermediate,2025-11-06
8842,USA,Software Developer,Intermediate,2025-05-23
8843,Netherlands,Entrepreneur,Beginner,2026-01-05
8844,Pakistan,Software Developer,Intermediate,2025-01-20
8845,UAE,Teacher,Intermediate,2025-11-20
8846,USA,Student,Expert,2025-06-25
8847,India,Student,Advanced,2025-07-10
8848,Australia,Entrepreneur,Intermediate,2025-02-23
8849,Canada,Student,Expert,2026-02-27
8850,UAE,Business Analyst,Beginner,2025-04-14
8851,Saudi Arabia,Student,Beginner,2025-06-20
8852,USA,Content Creator,Intermediate,2026-01-13
8853,Singapore,Researcher,Beginner,2025-05-21
8854,France,Data Analyst,Intermediate,2025-09-28
8855,Germany,Business Analyst,Intermediate,2025-11-10
8856,Saudi Arabia,Teacher,Intermediate,2025-04-11
8857,United Kingdom,Researcher,Beginner,2026-01-10
8858,Brazil,Teacher,Beginner,2025-08-21
8859,South Korea,Data Analyst,Expert,2025-10-30
8860,India,Teacher,Intermediate,2025-10-03
8861,Australia,Data Analyst,Beginner,2025-08-22
8862,USA,Business Analyst,Beginner,2025-06-20
8863,Australia,Business Analyst,Expert,2025-10-29
8864,USA,Entrepreneur,Beginner,2026-02-10
8865,Australia,Researcher,Beginner,2026-03-01
8866,India,Designer,Intermediate,2025-08-26
8867,Netherlands,Student,Expert,2025-11-08
8868,United Kingdom,Customer Support Specialist,Advanced,2025-06-11
8869,Japan,Software Developer,Intermediate,2025-04-25
8870,USA,Data Scientist,Intermediate,2025-06-03
8871,Australia,Software Developer,Intermediate,2026-03-13
8872,Canada,Software Developer,Intermediate,2025-04-28
8873,Australia,Software Developer,Advanced,2025-10-24
8874,Canada,Business Analyst,Beginner,2025-05-16
8875,Japan,Software Developer,Intermediate,2025-04-28
8876,India,Business Analyst,Advanced,2026-02-25
8877,USA,Software Developer,Beginner,2025-07-23
8878,USA,Content Creator,Advanced,2025-01-25
8879,Spain,Customer Support Specialist,Advanced,2026-02-15
8880,USA,Student,Intermediate,2025-10-02
8881,United Kingdom,Marketing Specialist,Expert,2025-10-07
8882,Brazil,Software Developer,Beginner,2025-01-09
8883,Japan,Business Analyst,Beginner,2026-01-11
8884,Australia,Content Creator,Intermediate,2025-11-24
8885,India,Entrepreneur,Advanced,2026-01-29
8886,USA,Researcher,Advanced,2025-01-27
8887,Brazil,Data Analyst,Expert,2025-10-25
8888,USA,Marketing Specialist,Advanced,2025-12-05
8889,Pakistan,Designer,Advanced,2026-02-04
8890,France,Designer,Beginner,2025-05-01
8891,USA,Software Developer,Expert,2025-07-19
8892,UAE,Customer Support Specialist,Beginner,2025-06-18
8893,France,Software Developer,Advanced,2025-12-02
8894,Pakistan,Software Developer,Intermediate,2025-12-17
8895,India,Content Creator,Advanced,2025-06-18
8896,Australia,Customer Support Specialist,Intermediate,2025-09-03
8897,United Kingdom,Teacher,Intermediate,2025-03-08
8898,USA,Business Analyst,Beginner,2026-01-10
8899,USA,Software Developer,Beginner,2025-12-03
8900,USA,Software Developer,Intermediate,2025-05-12
8901,India,Software Developer,Advanced,2025-08-07
8902,India,Software Developer,Intermediate,2025-03-25
8903,India,Student,Intermediate,2026-01-27
8904,France,Marketing Specialist,Expert,2025-06-08
8905,Canada,Designer,Beginner,2025-12-21
8906,UAE,Data Analyst,Intermediate,2025-02-05
8907,Pakistan,Content Creator,Expert,2025-03-21
8908,Spain,Data Analyst,Beginner,2026-03-13
8909,Saudi Arabia,Designer,Intermediate,2025-05-03
8910,Australia,Marketing Specialist,Expert,2026-01-30
8911,Germany,Student,Intermediate,2025-05-19
8912,Saudi Arabia,Marketing Specialist,Intermediate,2025-02-28
8913,Malaysia,Marketing Specialist,Intermediate,2025-06-22
8914,Australia,Content Creator,Beginner,2026-01-28
8915,,Teacher,Intermediate,2025-10-01
8916,UAE,Student,Expert,2025-03-04
8917,India,Software Developer,Intermediate,2025-11-11
8918,Canada,Student,Beginner,2025-02-12
8919,France,Student,Intermediate,2025-02-17
8920,UAE,Teacher,Intermediate,2025-07-18
8921,Canada,Student,Advanced,2025-10-07
8922,Singapore,Student,Beginner,2026-01-07
8923,USA,Student,Intermediate,2025-11-14
8924,France,Student,Advanced,2026-02-11
8925,Spain,Content Creator,Beginner,2025-02-02
8926,Canada,Marketing Specialist,Advanced,2025-06-25
8927,Pakistan,Student,Intermediate,2026-02-22
8928,Canada,Researcher,Beginner,2025-04-10
8929,Canada,Software Developer,Intermediate,2026-01-23
8930,France,Data Analyst,Intermediate,2025-01-16
8931,Australia,Content Creator,Beginner,2025-07-19
8932,Canada,Data Analyst,Beginner,2025-08-10
8933,United Kingdom,Software Developer,Expert,2025-09-20
8934,USA,Teacher,Advanced,2025-07-26
8935,South Korea,Student,Advanced,2025-04-08
8936,Italy,Data Analyst,Intermediate,2025-09-05
8937,USA,Content Creator,Intermediate,2026-01-18
8938,India,Teacher,Beginner,2026-01-17
8939,Saudi Arabia,Software Developer,Advanced,2025-12-03
8940,USA,Data Scientist,Advanced,2026-02-04
8941,India,Designer,Expert,2026-01-30
8942,USA,Business Analyst,Beginner,2025-06-14
8943,USA,Software Developer,Expert,2025-04-12
8944,India,Entrepreneur,Expert,2025-01-19
8945,Pakistan,Content Creator,Advanced,2025-01-02
8946,Pakistan,Data Analyst,Intermediate,2025-01-09
8947,UAE,Teacher,Beginner,2025-07-10
8948,USA,Entrepreneur,Beginner,2025-08-01
8949,Australia,Software Developer,Advanced,2025-01-04
8950,Brazil,Data Scientist,Beginner,2025-08-26
8951,United Kingdom,Data Scientist,Intermediate,2026-03-08
8952,France,Data Analyst,Intermediate,2025-09-24
8953,Saudi Arabia,Content Creator,Intermediate,2025-03-01
8954,France,Teacher,Intermediate,2025-08-31
8955,India,Software Developer,Advanced,2025-10-10
8956,Japan,Researcher,Beginner,2025-06-24
8957,Germany,Business Analyst,Intermediate,2026-02-20
8958,India,Marketing Specialist,Advanced,2026-03-04
8959,USA,Marketing Specialist,Intermediate,2025-05-06
8960,Germany,Content Creator,Intermediate,2026-02-25
8961,USA,Data Analyst,Intermediate,2025-01-20
8962,USA,Content Creator,Advanced,2025-01-29
8963,India,Marketing Specialist,Intermediate,2025-12-07
8964,India,Student,Expert,2025-03-12
8965,Pakistan,Content Creator,Beginner,2026-02-22
8966,USA,Software Developer,Advanced,2025-03-20
8967,Pakistan,Data Analyst,Advanced,2026-03-12
8968,USA,Data Scientist,Intermediate,2025-02-08
8969,,Marketing Specialist,Intermediate,2025-07-06
8970,Pakistan,Business Analyst,Advanced,2025-06-07
8971,Japan,Business Analyst,Intermediate,2025-07-28
8972,France,Marketing Specialist,Advanced,2025-05-26
8973,Canada,Software Developer,Advanced,2025-12-31
8974,UAE,Business Analyst,Beginner,2025-03-12
8975,India,Data Scientist,Intermediate,2025-11-05
8976,USA,Student,Beginner,2025-02-21
8977,India,Researcher,Advanced,2025-02-18
8978,USA,Marketing Specialist,Beginner,2026-01-29
8979,USA,Researcher,Advanced,2025-03-05
8980,Saudi Arabia,Designer,Advanced,2025-04-19
8981,USA,Data Scientist,Beginner,2025-02-10
8982,Saudi Arabia,Data Analyst,Beginner,2025-05-22
8983,Germany,Software Developer,Beginner,2026-01-25
8984,USA,Software Developer,Advanced,2025-10-05
8985,Canada,Data Analyst,Beginner,2025-02-10
8986,Saudi Arabia,Designer,Advanced,2025-10-09
8987,,Data Analyst,Expert,2025-12-20
8988,Canada,Software Developer,Intermediate,2025-10-10
8989,India,Data Analyst,Expert,2025-02-21
8990,Brazil,Data Analyst,Intermediate,2026-01-21
8991,UAE,Data Analyst,Intermediate,2025-06-09
8992,Australia,Content Creator,Advanced,2025-08-04
8993,Australia,Customer Support Specialist,Intermediate,2025-06-20
8994,Singapore,Software Developer,Beginner,2025-01-27
8995,USA,Content Creator,Beginner,2025-02-18
8996,Japan,Content Creator,Beginner,2025-10-29
8997,Australia,Business Analyst,Advanced,2025-09-02
8998,USA,Business Analyst,Advanced,2026-02-19
8999,Pakistan,Student,Intermediate,2025-10-05
9000,Singapore,Data Scientist,Beginner,2025-03-23
9001,Singapore,Software Developer,Expert,2025-10-15
9002,India,Designer,Beginner,2025-05-07
9003,Brazil,Teacher,Expert,2025-03-28
9004,France,Data Analyst,Intermediate,2025-10-19
9005,,Marketing Specialist,Expert,2025-02-23
9006,Pakistan,Researcher,Expert,2025-01-09
9007,USA,Business Analyst,Intermediate,2026-01-09
9008,Australia,Data Scientist,Intermediate,2025-03-28
9009,USA,Customer Support Specialist,Advanced,2026-02-25
9010,USA,Customer Support Specialist,Intermediate,2025-09-18
9011,Singapore,Software Developer,Intermediate,2025-07-28
9012,France,Software Developer,Intermediate,2025-09-25
9013,United Kingdom,Data Analyst,Intermediate,2025-10-23
9014,Italy,Data Scientist,Beginner,2026-02-02
9015,Canada,Content Creator,Advanced,2025-09-10
9016,UAE,Software Developer,Intermediate,2025-01-31
9017,UAE,Entrepreneur,Intermediate,2025-11-10
9018,USA,Student,Beginner,2025-04-09
9019,UAE,Software Developer,Beginner,2025-05-30
9020,Pakistan,Student,Intermediate,2025-07-27
9021,United Kingdom,Researcher,Intermediate,2025-07-30
9022,Canada,Data Scientist,Intermediate,2025-05-28
9023,Germany,Designer,Advanced,2025-11-12
9024,Canada,Teacher,Intermediate,2025-03-05
9025,United Kingdom,Content Creator,Beginner,2025-05-11
9026,Pakistan,Content Creator,Beginner,2025-09-12
9027,United Kingdom,Marketing Specialist,Expert,2025-02-28
9028,Singapore,Data Scientist,Intermediate,2025-04-08
9029,USA,Data Scientist,Advanced,2025-12-20
9030,USA,Data Scientist,Expert,2025-04-05
9031,Japan,Teacher,Advanced,2025-10-25
9032,UAE,Software Developer,Intermediate,2025-12-10
9033,United Kingdom,Student,Advanced,2025-12-31
9034,United Kingdom,Software Developer,Beginner,2025-05-08
9035,India,Entrepreneur,Intermediate,2026-01-10
9036,Canada,Designer,Advanced,2025-07-22
9037,UAE,Marketing Specialist,Expert,2025-04-22
9038,Malaysia,Customer Support Specialist,Advanced,2025-02-27
9039,Spain,Student,Advanced,2025-11-30
9040,Brazil,Entrepreneur,Advanced,2025-02-26
9041,Pakistan,Data Analyst,Intermediate,2025-01-08
9042,UAE,Data Analyst,Intermediate,2025-06-24
9043,Canada,Marketing Specialist,Expert,2025-03-15
9044,France,Teacher,Intermediate,2025-11-28
9045,Japan,Data Scientist,Beginner,2025-07-08
9046,Netherlands,Researcher,Advanced,2025-07-30
9047,United Kingdom,Student,Intermediate,2025-09-23
9048,USA,Student,Intermediate,2025-08-16
9049,Canada,Content Creator,Expert,2025-11-22
9050,France,Entrepreneur,Intermediate,2025-07-19
9051,Germany,Software Developer,Beginner,2025-12-07
9052,Canada,Student,Advanced,2025-12-06
9053,Canada,Entrepreneur,Expert,2025-09-08
9054,USA,Student,Advanced,2025-08-12
9055,,Data Scientist,Advanced,2025-01-02
9056,South Korea,Teacher,Intermediate,2025-03-23
9057,United Kingdom,Designer,Intermediate,2026-03-03
9058,United Kingdom,Data Analyst,Expert,2025-08-23
9059,UAE,Content Creator,Expert,2025-04-15
9060,India,Software Developer,Advanced,2025-05-28
9061,South Korea,Marketing Specialist,Beginner,2025-05-24
9062,Saudi Arabia,Software Developer,Intermediate,2026-01-29
9063,India,Entrepreneur,Intermediate,2026-02-07
9064,Brazil,Data Scientist,Intermediate,2025-02-03
9065,Spain,Data Analyst,Intermediate,2025-06-28
9066,Pakistan,Teacher,Beginner,2025-04-25
9067,United Kingdom,Researcher,Intermediate,2025-12-19
9068,USA,Researcher,Intermediate,2026-03-06
9069,USA,Marketing Specialist,Expert,2025-07-19
9070,USA,Marketing Specialist,Advanced,2025-09-03
9071,USA,Software Developer,Intermediate,2025-03-10
9072,Saudi Arabia,Data Analyst,Advanced,2025-05-01
9073,France,Student,Intermediate,2025-07-16
9074,Italy,Data Analyst,Intermediate,2025-10-10
9075,Germany,Software Developer,Beginner,2025-03-16
9076,USA,Student,Beginner,2026-01-05
9077,Saudi Arabia,Customer Support Specialist,Beginner,2025-05-11
9078,United Kingdom,Software Developer,Beginner,2025-05-20
9079,India,Student,Expert,2025-09-22
9080,Pakistan,Designer,Beginner,2026-01-18
9081,USA,Entrepreneur,Beginner,2025-02-02
9082,Italy,Software Developer,Intermediate,2025-02-24
9083,South Korea,Software Developer,Intermediate,2025-05-25
9084,Saudi Arabia,Software Developer,Advanced,2025-05-06
9085,USA,Data Analyst,Beginner,2025-12-09
9086,Brazil,Data Analyst,Beginner,2025-11-11
9087,Germany,Student,Intermediate,2025-09-29
9088,USA,Teacher,Intermediate,2025-11-18
9089,Pakistan,Data Analyst,Intermediate,2025-09-28
9090,UAE,Student,Beginner,2025-01-11
9091,India,Content Creator,Expert,2025-12-20
9092,USA,Data Scientist,Beginner,2025-08-03
9093,India,Student,Expert,2025-01-01
9094,USA,Teacher,Intermediate,2025-04-06
9095,Saudi Arabia,Designer,Beginner,2025-06-06
9096,Spain,Software Developer,Intermediate,2025-08-06
9097,Singapore,Software Developer,Intermediate,2026-02-16
9098,Japan,Customer Support Specialist,Advanced,2025-04-13
9099,India,Researcher,Advanced,2025-12-09
9100,Australia,Business Analyst,Beginner,2025-11-05
9101,USA,Content Creator,Expert,2025-07-02
9102,United Kingdom,Customer Support Specialist,Expert,2025-08-30
9103,Brazil,Entrepreneur,Advanced,2025-05-06
9104,Saudi Arabia,Researcher,Beginner,2025-06-22
9105,USA,Software Developer,Beginner,2026-01-24
9106,USA,Entrepreneur,Advanced,2025-06-20
9107,India,Teacher,Intermediate,2025-08-09
9108,USA,Entrepreneur,Intermediate,2025-01-09
9109,Australia,Data Scientist,Intermediate,2025-02-22
9110,Saudi Arabia,Data Analyst,Expert,2025-03-12
9111,USA,Designer,Expert,2025-01-23
9112,Spain,Data Analyst,Beginner,2025-07-31
9113,Australia,Software Developer,Intermediate,2026-01-14
9114,Saudi Arabia,Marketing Specialist,Beginner,2025-12-15
9115,United Kingdom,Entrepreneur,Intermediate,2025-10-08
9116,Australia,Student,Beginner,2025-03-11
9117,India,Designer,Beginner,2025-04-20
9118,Canada,Researcher,Advanced,2025-02-19
9119,USA,Teacher,Advanced,2025-01-06
9120,USA,Software Developer,Intermediate,2025-07-29
9121,Pakistan,Data Analyst,Beginner,2025-05-24
9122,USA,Customer Support Specialist,Advanced,2025-08-19
9123,Canada,Customer Support Specialist,Intermediate,2025-02-17
9124,Australia,Data Scientist,Intermediate,2025-05-02
9125,USA,Student,Beginner,2025-02-17
9126,India,Software Developer,Intermediate,2026-02-10
9127,Japan,Student,Advanced,2026-01-18
9128,France,Designer,Beginner,2026-01-25
9129,Netherlands,Software Developer,Advanced,2025-09-01
9130,Germany,Student,Beginner,2025-10-05
9131,United Kingdom,Business Analyst,Advanced,2026-01-23
9132,Spain,Data Scientist,Intermediate,2025-01-04
9133,USA,Customer Support Specialist,Intermediate,2025-09-08
9134,Pakistan,Entrepreneur,Intermediate,2025-04-21
9135,Canada,Data Analyst,Intermediate,2025-06-19
9136,Netherlands,Marketing Specialist,Beginner,2025-09-15
9137,USA,Student,Intermediate,2025-10-22
9138,USA,Marketing Specialist,Intermediate,2025-08-07
9139,Saudi Arabia,Software Developer,Advanced,2025-07-02
9140,Canada,Student,Expert,2025-10-12
9141,USA,Marketing Specialist,Intermediate,2025-01-14
9142,Canada,Marketing Specialist,Beginner,2025-11-18
9143,France,Content Creator,Advanced,2025-12-08
9144,USA,Data Scientist,Advanced,2025-03-30
9145,USA,Content Creator,Beginner,2025-04-30
9146,Pakistan,Business Analyst,Advanced,2026-01-11
9147,France,Business Analyst,Advanced,2026-02-28
9148,Canada,Customer Support Specialist,Advanced,2025-03-09
9149,Germany,Student,Expert,2025-02-01
9150,India,Software Developer,Beginner,2025-04-26
9151,USA,Student,Advanced,2025-01-17
9152,France,Data Analyst,Advanced,2026-01-06
9153,United Kingdom,Designer,Intermediate,2025-11-18
9154,Singapore,Student,Beginner,2026-01-25
9155,India,Researcher,Advanced,2025-12-18
9156,India,Software Developer,Advanced,2025-12-19
9157,France,Student,Advanced,2025-03-23
9158,Malaysia,Data Analyst,Intermediate,2025-01-04
9159,USA,Researcher,Intermediate,2025-01-18
9160,India,Teacher,Advanced,2025-12-17
9161,USA,Software Developer,Intermediate,2025-08-04
9162,Germany,Teacher,Intermediate,2026-01-27
9163,Germany,Teacher,Intermediate,2025-02-07
9164,Germany,Designer,Advanced,2025-02-25
9165,India,Data Scientist,Beginner,2025-12-25
9166,Saudi Arabia,Student,Intermediate,2025-05-17
9167,South Korea,Entrepreneur,Expert,2026-01-01
9168,USA,Entrepreneur,Intermediate,2025-12-13
9169,USA,Student,Intermediate,2025-10-30
9170,USA,Designer,Advanced,2025-10-27
9171,Pakistan,Student,Intermediate,2025-08-20
9172,Netherlands,Software Developer,Intermediate,2025-11-01
9173,India,Entrepreneur,Beginner,2025-10-18
9174,Pakistan,Student,Advanced,2025-08-18
9175,India,Content Creator,Beginner,2025-11-09
9176,Italy,Marketing Specialist,Intermediate,2025-08-16
9177,United Kingdom,Student,Beginner,2025-05-14
9178,Germany,Customer Support Specialist,Intermediate,2026-01-11
9179,Brazil,Data Analyst,Expert,2026-03-04
9180,Pakistan,Student,Intermediate,2025-07-27
9181,Australia,Researcher,Intermediate,2026-01-31
9182,,Software Developer,Intermediate,2025-02-16
9183,Pakistan,Marketing Specialist,Intermediate,2025-03-01
9184,Australia,Researcher,Beginner,2025-03-06
9185,UAE,Software Developer,Advanced,2025-04-28
9186,USA,Researcher,Intermediate,2025-10-01
9187,United Kingdom,Researcher,Beginner,2025-02-27
9188,India,Marketing Specialist,Advanced,2025-07-22
9189,Pakistan,Data Scientist,Intermediate,2025-10-25
9190,Germany,Student,Advanced,2026-02-23
9191,Canada,Software Developer,Beginner,2025-09-23
9192,United Kingdom,Researcher,Beginner,2025-04-29
9193,Malaysia,Student,Intermediate,2025-05-04
9194,USA,Entrepreneur,Advanced,2025-09-18
9195,India,Customer Support Specialist,Intermediate,2025-10-06
9196,Australia,Business Analyst,Advanced,2025-05-04
9197,Netherlands,Business Analyst,Expert,2025-02-12
9198,India,Data Scientist,Intermediate,2025-10-03
9199,Australia,Designer,Beginner,2025-05-14
9200,Japan,Customer Support Specialist,Intermediate,2025-03-11
9201,India,Software Developer,Beginner,2025-01-23
9202,Australia,Entrepreneur,Beginner,2026-03-12
9203,Canada,Researcher,Beginner,2025-03-13
9204,Canada,Researcher,Advanced,2025-04-23
9205,United Kingdom,Teacher,Intermediate,2025-02-15
9206,India,Data Analyst,Intermediate,2025-11-16
9207,USA,Data Scientist,Advanced,2025-08-05
9208,France,Software Developer,Beginner,2025-10-07
9209,Canada,Student,Intermediate,2026-01-25
9210,Australia,Software Developer,Beginner,2025-03-26
9211,USA,Software Developer,Expert,2026-03-10
9212,Pakistan,Designer,Advanced,2025-01-17
9213,USA,Data Scientist,Advanced,2026-02-04
9214,Singapore,Student,Intermediate,2025-12-07
9215,UAE,Data Scientist,Beginner,2026-02-19
9216,India,Student,Beginner,2025-02-12
9217,United Kingdom,Teacher,Intermediate,2026-01-23
9218,USA,Student,Advanced,2025-11-23
9219,USA,Software Developer,Intermediate,2025-02-12
9220,India,Customer Support Specialist,Intermediate,2025-09-04
9221,India,Researcher,Intermediate,2025-02-20
9222,USA,Data Analyst,Intermediate,2025-10-03
9223,USA,Data Scientist,Beginner,2025-01-30
9224,India,Content Creator,Advanced,2026-01-19
9225,Australia,Content Creator,Expert,2025-01-14
9226,USA,Data Analyst,Intermediate,2025-06-30
9227,,Student,Beginner,2025-12-11
9228,USA,Designer,Expert,2025-09-16
9229,Pakistan,Software Developer,Advanced,2026-01-21
9230,India,Data Scientist,Intermediate,2025-03-23
9231,Australia,Business Analyst,Intermediate,2026-02-21
9232,India,Student,Beginner,2025-12-09
9233,Spain,Content Creator,Beginner,2025-09-02
9234,France,Student,Expert,2025-09-25
9235,Saudi Arabia,Data Analyst,Advanced,2025-02-09
9236,United Kingdom,Data Analyst,Advanced,2026-02-27
9237,Canada,Software Developer,Intermediate,2025-09-14
9238,Germany,Data Analyst,Intermediate,2025-01-22
9239,Germany,Software Developer,Advanced,2025-08-29
9240,USA,Software Developer,Beginner,2025-08-11
9241,Canada,Content Creator,Intermediate,2025-01-23
9242,India,Teacher,Beginner,2025-01-02
9243,India,Software Developer,Beginner,2025-05-06
9244,Pakistan,Data Analyst,Beginner,2025-11-22
9245,Japan,Data Analyst,Advanced,2025-07-05
9246,France,Student,Intermediate,2025-05-21
9247,United Kingdom,Software Developer,Expert,2025-07-27
9248,Canada,Entrepreneur,Advanced,2025-03-04
9249,USA,Data Analyst,Beginner,2025-03-18
9250,Japan,Business Analyst,Intermediate,2025-09-19
9251,USA,Software Developer,Advanced,2025-06-14
9252,Netherlands,Data Analyst,Beginner,2025-01-26
9253,Pakistan,Software Developer,Advanced,2026-02-25
9254,United Kingdom,Content Creator,Intermediate,2025-10-23
9255,Pakistan,Data Analyst,Advanced,2025-01-22
9256,Australia,Student,Intermediate,2025-01-21
9257,USA,Software Developer,Intermediate,2025-01-28
9258,Canada,Student,Advanced,2025-05-04
9259,United Kingdom,Student,Beginner,2025-11-11
9260,Japan,Marketing Specialist,Beginner,2025-11-13
9261,France,Student,Advanced,2025-01-09
9262,Netherlands,Marketing Specialist,Advanced,2026-02-03
9263,USA,Marketing Specialist,Advanced,2025-09-27
9264,United Kingdom,Marketing Specialist,Advanced,2025-02-03
9265,India,Software Developer,Advanced,2026-02-15
9266,Japan,Business Analyst,Intermediate,2025-03-04
9267,Japan,Researcher,Beginner,2025-05-10
9268,UAE,Data Analyst,Beginner,2025-03-05
9269,Pakistan,Student,Intermediate,2025-09-28
9270,USA,Data Scientist,Beginner,2025-05-14
9271,United Kingdom,Teacher,Advanced,2025-05-13
9272,Japan,Student,Advanced,2025-11-26
9273,India,Software Developer,Advanced,2025-08-31
9274,France,Teacher,Intermediate,2025-05-08
9275,USA,Business Analyst,Intermediate,2025-07-13
9276,Saudi Arabia,Teacher,Beginner,2025-04-07
9277,USA,Data Analyst,Beginner,2025-02-02
9278,India,Student,Expert,2025-05-05
9279,Singapore,Researcher,Beginner,2025-02-03
9280,Pakistan,Content Creator,Beginner,2025-07-24
9281,Saudi Arabia,Entrepreneur,Intermediate,2025-06-01
9282,Australia,Data Analyst,Advanced,2025-09-25
9283,USA,Data Analyst,Advanced,2025-12-09
9284,Australia,Content Creator,Intermediate,2025-06-07
9285,France,Teacher,Expert,2025-03-23
9286,Brazil,Teacher,Advanced,2025-08-03
9287,Canada,Software Developer,Beginner,2025-03-08
9288,Japan,Teacher,Intermediate,2026-01-07
9289,United Kingdom,Software Developer,Intermediate,2025-08-09
9290,Pakistan,Designer,Expert,2025-06-08
9291,USA,Designer,Intermediate,2025-05-09
9292,South Korea,Business Analyst,Intermediate,2025-01-21
9293,South Korea,Designer,Beginner,2025-05-30
9294,Canada,Data Analyst,Intermediate,2025-11-20
9295,Spain,Teacher,Beginner,2025-07-01
9296,India,Software Developer,Beginner,2025-07-11
9297,USA,Designer,Advanced,2025-01-22
9298,UAE,Software Developer,Intermediate,2026-02-08
9299,India,Software Developer,Intermediate,2025-12-12
9300,India,Content Creator,Advanced,2025-10-06
9301,United Kingdom,Teacher,Beginner,2025-05-31
9302,Brazil,Data Analyst,Beginner,2026-01-09
9303,USA,Data Scientist,Intermediate,2025-02-13
9304,South Korea,Teacher,Intermediate,2025-06-07
9305,Canada,Content Creator,Advanced,2025-05-24
9306,Australia,Marketing Specialist,Advanced,2025-09-20
9307,UAE,Software Developer,Beginner,2026-02-22
9308,France,Business Analyst,Intermediate,2025-01-12
9309,Malaysia,Data Analyst,Intermediate,2026-01-10
9310,Pakistan,Customer Support Specialist,Beginner,2025-05-04
9311,United Kingdom,Data Analyst,Intermediate,2025-09-14
9312,Singapore,Data Scientist,Advanced,2026-03-02
9313,Netherlands,Software Developer,Advanced,2025-06-19
9314,India,Data Analyst,Intermediate,2025-03-10
9315,Australia,Student,Beginner,2026-03-02
9316,Brazil,Researcher,Beginner,2025-12-11
9317,United Kingdom,Software Developer,Intermediate,2025-01-20
9318,Canada,Designer,Beginner,2025-11-24
9319,UAE,Data Scientist,Intermediate,2026-03-13
9320,India,Student,Beginner,2025-04-15
9321,Germany,Student,Beginner,2025-04-17
9322,USA,Designer,Beginner,2026-02-26
9323,Germany,Student,Advanced,2026-03-01
9324,Italy,Designer,Advanced,2025-10-28
9325,UAE,Entrepreneur,Beginner,2025-12-29
9326,Japan,Entrepreneur,Intermediate,2026-01-08
9327,India,Customer Support Specialist,Intermediate,2025-03-14
9328,Pakistan,Teacher,Intermediate,2025-02-16
9329,USA,Marketing Specialist,Intermediate,2025-11-04
9330,Japan,Student,Advanced,2025-08-27
9331,India,Marketing Specialist,Beginner,2026-02-08
9332,Pakistan,Business Analyst,Beginner,2025-01-25
9333,Saudi Arabia,Data Scientist,Beginner,2025-04-12
9334,USA,Teacher,Beginner,2025-02-16
9335,France,Researcher,Intermediate,2025-04-12
9336,United Kingdom,Student,Expert,2025-03-10
9337,India,Data Analyst,Intermediate,2025-06-15
9338,France,Researcher,Expert,2025-01-21
9339,Brazil,Data Scientist,Intermediate,2025-01-18
9340,UAE,Entrepreneur,Intermediate,2025-02-12
9341,United Kingdom,Entrepreneur,Intermediate,2025-11-10
9342,United Kingdom,Entrepreneur,Advanced,2025-09-12
9343,India,Student,Intermediate,2025-06-17
9344,Netherlands,Customer Support Specialist,Advanced,2025-02-18
9345,United Kingdom,Software Developer,Advanced,2025-09-14
9346,Pakistan,Content Creator,Intermediate,2026-02-03
9347,United Kingdom,Customer Support Specialist,Beginner,2025-09-26
9348,Australia,Student,Advanced,2025-01-06
9349,France,Software Developer,Beginner,2025-04-17
9350,India,Data Analyst,Advanced,2026-02-20
9351,India,Designer,Beginner,2025-02-24
9352,Germany,Researcher,Intermediate,2025-08-01
9353,Germany,Business Analyst,Beginner,2025-03-07
9354,Australia,Student,Beginner,2025-09-26
9355,Canada,Data Analyst,Advanced,2025-05-06
9356,USA,Software Developer,Intermediate,2025-06-20
9357,Germany,Researcher,Beginner,2025-12-26
9358,Japan,Customer Support Specialist,Intermediate,2026-01-09
9359,UAE,Designer,Beginner,2025-11-02
9360,India,Software Developer,Expert,2026-01-07
9361,India,Content Creator,Beginner,2025-01-02
9362,France,Data Analyst,Advanced,2025-12-15
9363,USA,Entrepreneur,Advanced,2025-07-08
9364,France,Software Developer,Beginner,2025-06-27
9365,Singapore,Software Developer,Beginner,2025-01-30
9366,Canada,Data Scientist,Beginner,2025-11-06
9367,Canada,Student,Beginner,2025-03-05
9368,Canada,Student,Advanced,2025-11-24
9369,USA,Content Creator,Intermediate,2025-05-27
9370,Pakistan,Data Analyst,Beginner,2025-05-30
9371,Japan,Student,Advanced,2025-07-23
9372,Spain,Marketing Specialist,Intermediate,2025-06-25
9373,India,Customer Support Specialist,Advanced,2025-10-28
9374,France,Student,Advanced,2025-07-28
9375,Australia,Data Scientist,Intermediate,2026-02-22
9376,United Kingdom,Software Developer,Advanced,2025-04-21
9377,USA,Designer,Intermediate,2025-09-16
9378,Pakistan,Designer,Expert,2025-05-03
9379,Pakistan,Data Analyst,Intermediate,2025-06-21
9380,India,Software Developer,Beginner,2025-02-09
9381,USA,Student,Intermediate,2025-01-19
9382,India,Teacher,Beginner,2026-01-10
9383,Netherlands,Marketing Specialist,Beginner,2025-09-24
9384,Italy,Data Scientist,Intermediate,2026-01-18
9385,India,Researcher,Intermediate,2025-07-07
9386,USA,Software Developer,Advanced,2026-02-03
9387,India,Software Developer,Intermediate,2025-05-02
9388,Saudi Arabia,Data Scientist,Beginner,2025-07-22
9389,Japan,Data Analyst,Intermediate,2026-02-09
9390,Italy,Business Analyst,Beginner,2025-09-23
9391,India,Data Analyst,Expert,2025-03-01
9392,South Korea,Data Analyst,Advanced,2025-08-07
9393,Japan,Data Analyst,Beginner,2025-01-10
9394,USA,Student,Advanced,2025-04-09
9395,Brazil,Software Developer,Beginner,2025-01-29
9396,Pakistan,Teacher,Intermediate,2025-04-15
9397,Canada,Marketing Specialist,Beginner,2025-07-23
9398,United Kingdom,Customer Support Specialist,Beginner,2025-02-15
9399,Canada,Data Scientist,Intermediate,2026-01-26
9400,Canada,Marketing Specialist,Advanced,2025-03-20
9401,Pakistan,Designer,Beginner,2025-02-07
9402,Saudi Arabia,Data Scientist,Advanced,2026-01-17
9403,India,Software Developer,Beginner,2025-03-31
9404,South Korea,Student,Beginner,2025-05-11
9405,USA,Student,Beginner,2025-07-02
9406,Canada,Data Analyst,Intermediate,2025-08-09
9407,USA,Student,Intermediate,2025-04-04
9408,USA,Student,Intermediate,2025-02-25
9409,India,Marketing Specialist,Intermediate,2026-03-10
9410,Germany,Data Analyst,Beginner,2026-01-26
9411,India,Marketing Specialist,Intermediate,2025-03-15
9412,Pakistan,Teacher,Beginner,2025-09-26
9413,Malaysia,Software Developer,Advanced,2025-05-29
9414,Pakistan,Business Analyst,Beginner,2025-01-21
9415,Pakistan,Student,Expert,2025-06-05
9416,South Korea,Data Analyst,Intermediate,2025-01-03
9417,Canada,Data Analyst,Beginner,2025-08-18
9418,,Student,Beginner,2025-06-25
9419,India,Data Scientist,Intermediate,2025-09-02
9420,Pakistan,Student,Beginner,2025-10-09
9421,India,Software Developer,Advanced,2025-09-28
9422,India,Teacher,Intermediate,2025-01-24
9423,United Kingdom,Data Scientist,Advanced,2025-11-27
9424,Japan,Data Scientist,Beginner,2026-01-06
9425,France,Data Analyst,Intermediate,2025-02-22
9426,USA,Content Creator,Intermediate,2025-08-20
9427,USA,Content Creator,Intermediate,2025-01-10
9428,India,Student,Intermediate,2025-01-25
9429,USA,Customer Support Specialist,Advanced,2025-10-17
9430,USA,Business Analyst,Intermediate,2025-02-03
9431,Germany,Data Scientist,Advanced,2025-05-27
9432,Australia,Marketing Specialist,Beginner,2025-01-09
9433,India,Student,Beginner,2025-08-20
9434,Pakistan,Content Creator,Advanced,2025-10-26
9435,Pakistan,Data Analyst,Advanced,2025-07-26
9436,,Student,Beginner,2025-12-28
9437,Australia,Teacher,Beginner,2025-11-17
9438,Germany,Marketing Specialist,Intermediate,2025-11-16
9439,UAE,Student,Advanced,2025-07-12
9440,Canada,Data Scientist,Intermediate,2025-12-03
9441,Australia,Customer Support Specialist,Intermediate,2025-10-10
9442,USA,Customer Support Specialist,Intermediate,2026-01-24
9443,Spain,Software Developer,Intermediate,2026-01-09
9444,USA,Business Analyst,Advanced,2026-01-25
9445,United Kingdom,Data Analyst,Beginner,2025-08-22
9446,Germany,Designer,Advanced,2025-09-25
9447,India,Student,Beginner,2025-10-02
9448,Germany,Student,Expert,2025-10-24
9449,France,Student,Beginner,2025-10-19
9450,Brazil,Software Developer,Intermediate,2025-06-19
9451,Spain,Content Creator,Intermediate,2025-05-31
9452,India,Business Analyst,Beginner,2025-09-14
9453,India,Data Analyst,Beginner,2025-10-19
9454,Italy,Marketing Specialist,Intermediate,2025-04-10
9455,Italy,Data Analyst,Beginner,2025-04-08
9456,Germany,Designer,Intermediate,2026-03-06
9457,USA,Student,Beginner,2026-02-24
9458,India,Data Analyst,Intermediate,2026-02-04
9459,Pakistan,Data Scientist,Expert,2025-08-09
9460,Spain,Marketing Specialist,Expert,2025-10-14
9461,South Korea,Student,Intermediate,2025-01-29
9462,Italy,Marketing Specialist,Beginner,2025-12-25
9463,France,Data Analyst,Intermediate,2025-10-13
9464,India,Data Scientist,Beginner,2025-07-23
9465,Brazil,Data Scientist,Beginner,2025-08-23
9466,USA,Marketing Specialist,Expert,2025-01-16
9467,USA,Software Developer,Intermediate,2025-03-31
9468,Canada,Data Scientist,Intermediate,2025-06-08
9469,Pakistan,Student,Expert,2026-01-06
9470,USA,Data Analyst,Advanced,2025-11-07
9471,Japan,Software Developer,Expert,2025-12-10
9472,Australia,Data Scientist,Intermediate,2025-07-05
9473,India,Data Analyst,Beginner,2025-09-24
9474,Germany,Business Analyst,Intermediate,2025-10-15
9475,Pakistan,Student,Intermediate,2026-03-05
9476,UAE,Student,Intermediate,2025-05-26
9477,Pakistan,Researcher,Beginner,2025-06-26
9478,India,Student,Advanced,2025-12-06
9479,Canada,Customer Support Specialist,Beginner,2025-03-14
9480,United Kingdom,Student,Intermediate,2025-10-17
9481,Saudi Arabia,Business Analyst,Advanced,2025-06-24
9482,France,Customer Support Specialist,Intermediate,2026-02-16
9483,Japan,Entrepreneur,Intermediate,2025-03-17
9484,Australia,Student,Beginner,2026-01-26
9485,Germany,Data Analyst,Intermediate,2025-12-13
9486,Singapore,Software Developer,Beginner,2025-12-05
9487,Germany,Student,Intermediate,2026-02-06
9488,Pakistan,Software Developer,Beginner,2025-10-21
9489,Brazil,Data Analyst,Intermediate,2025-07-28
9490,Malaysia,Business Analyst,Beginner,2026-03-01
9491,United Kingdom,Researcher,Advanced,2025-10-15
9492,UAE,Student,Beginner,2025-08-07
9493,United Kingdom,Content Creator,Intermediate,2026-03-02
9494,USA,Software Developer,Expert,2025-03-16
9495,USA,Data Scientist,Advanced,2026-02-18
9496,Pakistan,Data Analyst,Intermediate,2025-10-20
9497,Canada,Student,Expert,2026-01-20
9498,India,Content Creator,Beginner,2026-03-08
9499,Pakistan,Teacher,Beginner,2025-05-17
9500,Germany,Data Analyst,Beginner,2025-03-18
9501,Canada,Content Creator,Beginner,2026-02-12
9502,Netherlands,Data Analyst,Beginner,2026-03-12
9503,India,Data Analyst,Beginner,2025-11-17
9504,Saudi Arabia,Designer,Intermediate,2025-01-16
9505,Italy,Student,Beginner,2025-03-26
9506,India,Data Analyst,Intermediate,2025-04-25
9507,India,Designer,Advanced,2025-12-08
9508,UAE,Researcher,Beginner,2025-08-11
9509,USA,Marketing Specialist,Beginner,2025-07-19
9510,USA,Designer,Intermediate,2025-01-29
9511,UAE,Student,Expert,2026-01-26
9512,UAE,Software Developer,Intermediate,2025-04-14
9513,Canada,Researcher,Intermediate,2025-12-09
9514,United Kingdom,Student,Beginner,2025-11-10
9515,Spain,Student,Beginner,2026-02-26
9516,USA,Business Analyst,Intermediate,2025-01-25
9517,UAE,Teacher,Advanced,2025-07-12
9518,Canada,Data Analyst,Beginner,2025-11-10
9519,Canada,Student,Intermediate,2025-02-11
9520,United Kingdom,Marketing Specialist,Beginner,2025-11-07
9521,USA,Researcher,Beginner,2026-01-13
9522,France,Marketing Specialist,Expert,2025-08-21
9523,Japan,Student,Intermediate,2025-04-01
9524,USA,Student,Advanced,2025-09-25
9525,Germany,Designer,Beginner,2025-10-26
9526,Saudi Arabia,Data Scientist,Advanced,2025-11-25
9527,Germany,Student,Beginner,2025-03-15
9528,India,Entrepreneur,Advanced,2025-07-08
9529,Canada,Student,Intermediate,2025-05-24
9530,United Kingdom,Content Creator,Intermediate,2025-09-11
9531,Japan,Researcher,Intermediate,2025-11-03
9532,Japan,Designer,Beginner,2025-03-25
9533,USA,Researcher,Advanced,2025-08-18
9534,Saudi Arabia,Content Creator,Beginner,2026-01-07
9535,USA,Student,Advanced,2025-07-30
9536,Italy,Data Scientist,Advanced,2025-11-02
9537,Canada,Software Developer,Intermediate,2025-01-10
9538,Saudi Arabia,Data Scientist,Advanced,2025-02-17
9539,India,Software Developer,Beginner,2025-09-09
9540,,Student,Advanced,2026-02-27
9541,Canada,Designer,Advanced,2025-07-16
9542,Pakistan,Teacher,Beginner,2025-03-24
9543,Germany,Researcher,Advanced,2025-11-05
9544,India,Marketing Specialist,Intermediate,2026-02-03
9545,Pakistan,Software Developer,Beginner,2025-07-23
9546,Japan,Teacher,Intermediate,2025-12-12
9547,Japan,Software Developer,Intermediate,2025-02-04
9548,Singapore,Business Analyst,Intermediate,2025-04-12
9549,UAE,Student,Advanced,2025-04-29
9550,Canada,Teacher,Beginner,2025-03-09
9551,Germany,Marketing Specialist,Intermediate,2025-06-10
9552,Australia,Entrepreneur,Advanced,2025-03-29
9553,India,Business Analyst,Beginner,2025-07-25
9554,Germany,Entrepreneur,Beginner,2025-10-06
9555,Japan,Teacher,Intermediate,2025-08-26
9556,India,Student,Expert,2026-03-11
9557,India,Marketing Specialist,Beginner,2025-03-26
9558,India,Teacher,Intermediate,2025-02-10
9559,South Korea,Designer,Intermediate,2025-01-01
9560,USA,Customer Support Specialist,Beginner,2025-04-23
9561,Canada,Student,Intermediate,2025-05-02
9562,France,Content Creator,Beginner,2025-12-09
9563,United Kingdom,Teacher,Intermediate,2025-08-28
9564,USA,Student,Beginner,2025-10-21
9565,USA,Student,Intermediate,2025-07-12
9566,USA,Marketing Specialist,Expert,2025-04-22
9567,Italy,Business Analyst,Beginner,2025-12-08
9568,USA,Business Analyst,Beginner,2025-06-07
9569,India,Marketing Specialist,Beginner,2025-01-26
9570,Japan,Teacher,Advanced,2025-03-28
9571,Saudi Arabia,Data Analyst,Advanced,2025-06-15
9572,Pakistan,Content Creator,Beginner,2025-07-22
9573,Australia,Customer Support Specialist,Beginner,2025-01-23
9574,USA,Software Developer,Intermediate,2025-02-18
9575,India,Teacher,Intermediate,2025-05-26
9576,United Kingdom,Researcher,Intermediate,2025-05-02
9577,Pakistan,Teacher,Advanced,2025-12-16
9578,USA,Data Analyst,Beginner,2025-02-22
9579,Pakistan,Data Scientist,Advanced,2025-10-01
9580,Japan,Data Analyst,Intermediate,2025-03-14
9581,Pakistan,Designer,Intermediate,2026-01-15
9582,Brazil,Data Analyst,Beginner,2025-12-08
9583,Germany,Student,Beginner,2025-04-06
9584,USA,Marketing Specialist,Intermediate,2026-03-03
9585,South Korea,Student,Beginner,2025-02-17
9586,Germany,Data Scientist,Intermediate,2026-02-25
9587,United Kingdom,Student,Advanced,2026-02-28
9588,India,Entrepreneur,Advanced,2025-11-18
9589,Pakistan,Data Analyst,Beginner,2025-09-23
9590,Pakistan,Marketing Specialist,Beginner,2025-08-03
9591,Netherlands,Software Developer,Beginner,2025-10-07
9592,USA,Data Scientist,Advanced,2026-03-01
9593,Germany,Data Analyst,Advanced,2026-01-10
9594,Saudi Arabia,Teacher,Advanced,2025-08-13
9595,Germany,Designer,Intermediate,2025-08-07
9596,India,Marketing Specialist,Advanced,2025-04-29
9597,Germany,Entrepreneur,Intermediate,2025-10-04
9598,Australia,Content Creator,Advanced,2025-02-28
9599,France,Data Analyst,Beginner,2025-04-01
9600,Malaysia,Software Developer,Intermediate,2025-06-13
9601,Pakistan,Student,Advanced,2025-06-23
9602,UAE,Entrepreneur,Intermediate,2026-01-20
9603,Canada,Entrepreneur,Expert,2026-01-14
9604,Italy,Researcher,Beginner,2026-02-07
9605,USA,Business Analyst,Advanced,2025-10-06
9606,UAE,Data Scientist,Intermediate,2025-08-08
9607,India,Student,Intermediate,2025-03-02
9608,Netherlands,Data Analyst,Intermediate,2025-12-25
9609,Pakistan,Content Creator,Intermediate,2025-09-12
9610,Netherlands,Software Developer,Beginner,2025-07-27
9611,UAE,Student,Beginner,2026-02-18
9612,United Kingdom,Content Creator,Beginner,2026-02-10
9613,India,Teacher,Intermediate,2026-01-27
9614,USA,Data Scientist,Intermediate,2025-10-04
9615,India,Business Analyst,Advanced,2025-12-04
9616,United Kingdom,Entrepreneur,Intermediate,2025-04-03
9617,India,Content Creator,Intermediate,2025-06-28
9618,Pakistan,Student,Intermediate,2025-03-23
9619,India,Researcher,Advanced,2025-07-21
9620,United Kingdom,Student,Intermediate,2025-12-04
9621,India,Software Developer,Beginner,2026-02-02
9622,India,Marketing Specialist,Advanced,2025-08-18
9623,Pakistan,Customer Support Specialist,Advanced,2025-12-18
9624,South Korea,Business Analyst,Intermediate,2025-10-19
9625,Germany,Software Developer,Advanced,2025-02-07
9626,Germany,Designer,Advanced,2026-01-30
9627,United Kingdom,Designer,Intermediate,2025-02-07
9628,Australia,Business Analyst,Advanced,2025-03-13
9629,Saudi Arabia,Software Developer,Expert,2025-07-23
9630,India,Entrepreneur,Beginner,2026-01-22
9631,United Kingdom,Teacher,Intermediate,2025-01-21
9632,Pakistan,Content Creator,Intermediate,2025-10-01
9633,India,Content Creator,Beginner,2025-05-18
9634,Australia,Software Developer,Intermediate,2025-11-16
9635,Pakistan,Data Scientist,Intermediate,2025-05-28
9636,France,Customer Support Specialist,Advanced,2025-01-09
9637,Australia,Designer,Intermediate,2025-03-06
9638,USA,Student,Advanced,2025-01-20
9639,Pakistan,Student,Beginner,2026-02-13
9640,India,Software Developer,Intermediate,2025-11-06
9641,United Kingdom,Marketing Specialist,Intermediate,2025-04-28
9642,Saudi Arabia,Teacher,Advanced,2025-10-05
9643,United Kingdom,Student,Expert,2026-01-04
9644,USA,Data Analyst,Intermediate,2025-12-21
9645,Germany,Software Developer,Advanced,2025-05-30
9646,Canada,Designer,Intermediate,2025-06-02
9647,Canada,Data Analyst,Beginner,2025-06-22
9648,India,Researcher,Intermediate,2025-11-09
9649,United Kingdom,Marketing Specialist,Intermediate,2025-11-19
9650,India,Software Developer,Advanced,2025-02-13
9651,Germany,Researcher,Intermediate,2025-08-20
9652,UAE,Marketing Specialist,Beginner,2025-09-17
9653,Brazil,Data Scientist,Beginner,2026-02-19
9654,USA,Researcher,Advanced,2025-01-19
9655,Australia,Entrepreneur,Intermediate,2025-08-14
9656,Canada,Marketing Specialist,Expert,2025-04-02
9657,India,Customer Support Specialist,Beginner,2025-10-06
9658,UAE,Content Creator,Advanced,2025-07-19
9659,USA,Software Developer,Beginner,2025-10-04
9660,Germany,Marketing Specialist,Expert,2025-12-03
9661,United Kingdom,Software Developer,Beginner,2025-11-12
9662,USA,Teacher,Advanced,2025-07-14
9663,South Korea,Student,Beginner,2025-11-11
9664,India,Marketing Specialist,Expert,2025-11-18
9665,USA,Software Developer,Advanced,2025-08-25
9666,France,Data Scientist,Advanced,2025-09-30
9667,USA,Entrepreneur,Beginner,2025-10-05
9668,USA,Student,Beginner,2025-11-16
9669,Canada,Content Creator,Intermediate,2025-08-12
9670,France,Student,Beginner,2026-01-03
9671,Malaysia,Business Analyst,Beginner,2026-03-05
9672,United Kingdom,Content Creator,Beginner,2025-06-13
9673,Canada,Designer,Beginner,2025-04-11
9674,USA,Teacher,Intermediate,2026-01-19
9675,India,Researcher,Advanced,2025-11-26
9676,India,Business Analyst,Advanced,2025-12-15
9677,Pakistan,Student,Advanced,2025-07-24
9678,India,Student,Advanced,2025-12-16
9679,Canada,Marketing Specialist,Intermediate,2025-05-02
9680,India,Student,Intermediate,2025-12-23
9681,Saudi Arabia,Content Creator,Intermediate,2025-01-16
9682,Malaysia,Software Developer,Beginner,2025-07-04
9683,Pakistan,Data Analyst,Intermediate,2025-07-19
9684,USA,Data Analyst,Beginner,2025-11-14
9685,France,Business Analyst,Advanced,2025-08-22
9686,India,Marketing Specialist,Beginner,2025-01-16
9687,India,Teacher,Intermediate,2025-03-27
9688,USA,Student,Beginner,2025-10-05
9689,Pakistan,Designer,Intermediate,2026-01-18
9690,Spain,Marketing Specialist,Advanced,2025-07-11
9691,UAE,Content Creator,Intermediate,2025-04-04
9692,USA,Marketing Specialist,Intermediate,2025-07-21
9693,USA,Student,Advanced,2025-07-21
9694,Italy,Student,Intermediate,2025-06-30
9695,Singapore,Student,Beginner,2025-11-10
9696,India,Entrepreneur,Beginner,2025-11-23
9697,India,Student,Advanced,2025-03-10
9698,Spain,Student,Expert,2026-01-14
9699,USA,Data Analyst,Expert,2025-05-18
9700,United Kingdom,Data Analyst,Intermediate,2026-03-02
9701,Saudi Arabia,Business Analyst,Advanced,2025-04-10
9702,Canada,Business Analyst,Intermediate,2025-10-21
9703,Germany,Teacher,Intermediate,2025-06-24
9704,USA,Student,Intermediate,2025-05-14
9705,India,Data Analyst,Beginner,2025-12-15
9706,USA,Teacher,Beginner,2025-04-06
9707,USA,Researcher,Advanced,2025-06-22
9708,USA,Data Analyst,Expert,2025-09-05
9709,Pakistan,Customer Support Specialist,Beginner,2025-06-25
9710,India,Data Analyst,Beginner,2025-10-22
9711,Brazil,Customer Support Specialist,Expert,2025-10-29
9712,Singapore,Business Analyst,Advanced,2025-12-22
9713,Japan,Data Analyst,Intermediate,2025-09-29
9714,France,Business Analyst,Advanced,2025-12-18
9715,Japan,Designer,Advanced,2025-04-25
9716,Malaysia,Data Analyst,Expert,2025-09-16
9717,Canada,Content Creator,Advanced,2025-12-30
9718,Pakistan,Student,Intermediate,2025-07-07
9719,USA,Designer,Beginner,2025-11-27
9720,Netherlands,Software Developer,Intermediate,2025-05-15
9721,,Entrepreneur,Advanced,2026-03-12
9722,Germany,Data Scientist,Intermediate,2025-01-09
9723,USA,Teacher,Intermediate,2026-01-23
9724,France,Student,Intermediate,2025-12-15
9725,Canada,Teacher,Beginner,2025-05-14
9726,Pakistan,Software Developer,Beginner,2025-04-10
9727,Germany,Data Analyst,Beginner,2025-11-16
9728,Brazil,Designer,Beginner,2025-12-12
9729,USA,Software Developer,Intermediate,2026-02-27
9730,France,Content Creator,Beginner,2026-03-03
9731,Germany,Student,Intermediate,2025-09-04
9732,Saudi Arabia,Student,Beginner,2025-03-26
9733,Singapore,Data Analyst,Beginner,2025-09-25
9734,Australia,Content Creator,Advanced,2025-06-20
9735,India,Student,Beginner,2025-05-18
9736,Canada,Data Scientist,Advanced,2025-02-14
9737,USA,Software Developer,Intermediate,2025-04-18
9738,Italy,Entrepreneur,Expert,2025-02-15
9739,Pakistan,Software Developer,Intermediate,2025-08-21
9740,France,Software Developer,Beginner,2026-02-28
9741,USA,Designer,Beginner,2025-02-24
9742,USA,Student,Intermediate,2025-03-30
9743,Canada,Teacher,Beginner,2025-04-20
9744,Saudi Arabia,Software Developer,Intermediate,2025-09-01
9745,Germany,Customer Support Specialist,Intermediate,2025-09-26
9746,USA,Designer,Intermediate,2026-02-13
9747,United Kingdom,Data Analyst,Intermediate,2026-03-12
9748,USA,Teacher,Intermediate,2025-01-09
9749,USA,Entrepreneur,Intermediate,2025-05-17
9750,India,Software Developer,Intermediate,2025-03-18
9751,Pakistan,Entrepreneur,Beginner,2025-11-26
9752,USA,Customer Support Specialist,Expert,2025-05-26
9753,USA,Researcher,Beginner,2026-02-10
9754,Australia,Business Analyst,Beginner,2026-02-02
9755,India,Software Developer,Beginner,2025-08-22
9756,USA,Teacher,Beginner,2025-09-28
9757,United Kingdom,Teacher,Intermediate,2025-03-04
9758,Pakistan,Software Developer,Intermediate,2025-09-26
9759,USA,Teacher,Beginner,2025-01-31
9760,France,Content Creator,Intermediate,2026-03-04
9761,,Data Scientist,Advanced,2025-09-02
9762,USA,Data Analyst,Intermediate,2025-07-04
9763,Saudi Arabia,Student,Advanced,2026-03-09
9764,Canada,Software Developer,Intermediate,2025-10-13
9765,Saudi Arabia,Customer Support Specialist,Beginner,2025-06-28
9766,France,Student,Beginner,2025-03-12
9767,Germany,Software Developer,Intermediate,2025-10-13
9768,India,Student,Intermediate,2026-02-19
9769,Pakistan,Marketing Specialist,Beginner,2025-08-02
9770,Germany,Business Analyst,Beginner,2025-06-16
9771,United Kingdom,Content Creator,Intermediate,2025-10-26
9772,Pakistan,Content Creator,Beginner,2026-02-10
9773,Pakistan,Designer,Beginner,2025-10-03
9774,United Kingdom,Content Creator,Advanced,2025-06-02
9775,USA,Customer Support Specialist,Intermediate,2025-03-12
9776,Pakistan,Data Scientist,Intermediate,2025-06-22
9777,Brazil,Designer,Advanced,2026-01-15
9778,Pakistan,Student,Beginner,2025-05-24
9779,Australia,Student,Beginner,2025-06-23
9780,Pakistan,Business Analyst,Advanced,2025-08-05
9781,Pakistan,Entrepreneur,Beginner,2026-02-12
9782,USA,Software Developer,Beginner,2026-02-08
9783,USA,Content Creator,Intermediate,2025-11-11
9784,France,Content Creator,Advanced,2025-09-15
9785,India,Content Creator,Intermediate,2025-11-11
9786,Spain,Data Analyst,Beginner,2025-02-12
9787,France,Teacher,Beginner,2025-08-08
9788,Canada,Software Developer,Expert,2025-01-14
9789,USA,Software Developer,Beginner,2026-03-12
9790,Pakistan,Software Developer,Advanced,2025-01-21
9791,Brazil,Data Scientist,Intermediate,2026-02-15
9792,USA,Student,Beginner,2025-11-24
9793,India,Content Creator,Beginner,2025-11-28
9794,Singapore,Content Creator,Advanced,2025-02-07
9795,Spain,Customer Support Specialist,Intermediate,2025-03-09
9796,United Kingdom,Student,Advanced,2026-02-27
9797,Canada,Customer Support Specialist,Beginner,2026-02-28
9798,India,Student,Advanced,2025-06-16
9799,USA,Student,Intermediate,2025-02-05
9800,USA,Student,Intermediate,2025-06-15
9801,USA,Designer,Expert,2025-01-18
9802,Malaysia,Designer,Intermediate,2025-11-21
9803,India,Customer Support Specialist,Beginner,2025-10-12
9804,United Kingdom,Software Developer,Intermediate,2025-12-16
9805,USA,Teacher,Intermediate,2025-06-05
9806,Canada,Data Scientist,Advanced,2025-09-24
9807,USA,Student,Advanced,2025-07-16
9808,Brazil,Data Analyst,Intermediate,2025-11-14
9809,Canada,Business Analyst,Beginner,2025-09-09
9810,Pakistan,Data Analyst,Beginner,2026-03-12
9811,USA,Customer Support Specialist,Beginner,2025-04-24
9812,Spain,Data Analyst,Expert,2025-11-23
9813,France,Software Developer,Intermediate,2026-01-04
9814,India,Student,Intermediate,2025-11-26
9815,Pakistan,Content Creator,Advanced,2026-01-18
9816,India,Entrepreneur,Expert,2025-07-07
9817,USA,Software Developer,Intermediate,2026-01-14
9818,Germany,Data Scientist,Beginner,2025-07-08
9819,France,Marketing Specialist,Beginner,2025-02-05
9820,Brazil,Content Creator,Intermediate,2026-02-17
9821,France,Software Developer,Intermediate,2025-12-29
9822,USA,Software Developer,Intermediate,2026-02-22
9823,USA,Content Creator,Advanced,2025-03-10
9824,USA,Software Developer,Advanced,2025-02-02
9825,USA,Student,Intermediate,2025-11-07
9826,Saudi Arabia,Business Analyst,Advanced,2026-03-07
9827,India,Researcher,Beginner,2025-11-17
9828,India,Marketing Specialist,Advanced,2025-02-17
9829,USA,Software Developer,Advanced,2026-01-14
9830,Singapore,Marketing Specialist,Intermediate,2025-02-16
9831,Japan,Researcher,Intermediate,2025-08-01
9832,India,Data Analyst,Intermediate,2025-03-23
9833,India,Student,Intermediate,2025-10-11
9834,USA,Teacher,Beginner,2025-01-13
9835,United Kingdom,Teacher,Intermediate,2026-01-28
9836,Pakistan,Designer,Advanced,2025-09-23
9837,South Korea,Content Creator,Advanced,2025-12-07
9838,USA,Entrepreneur,Expert,2026-02-07
9839,Canada,Teacher,Intermediate,2025-06-29
9840,India,Business Analyst,Intermediate,2025-06-14
9841,Canada,Content Creator,Advanced,2025-07-05
9842,Australia,Data Analyst,Intermediate,2025-05-17
9843,South Korea,Marketing Specialist,Expert,2025-07-14
9844,Saudi Arabia,Content Creator,Intermediate,2025-10-20
9845,India,Content Creator,Intermediate,2025-06-16
9846,Saudi Arabia,Teacher,Intermediate,2025-02-16
9847,Australia,Designer,Intermediate,2026-02-02
9848,Pakistan,Entrepreneur,Intermediate,2026-01-15
9849,India,Student,Beginner,2025-12-03
9850,Canada,Data Analyst,Advanced,2026-01-09
9851,India,Marketing Specialist,Beginner,2025-01-28
9852,Malaysia,Student,Advanced,2025-04-04
9853,UAE,Researcher,Advanced,2025-03-03
9854,USA,Content Creator,Beginner,2025-03-31
9855,Saudi Arabia,Customer Support Specialist,Expert,2025-12-18
9856,USA,Student,Intermediate,2025-08-15
9857,USA,Software Developer,Intermediate,2026-01-08
9858,South Korea,Marketing Specialist,Intermediate,2025-10-17
9859,United Kingdom,Content Creator,Expert,2025-04-06
9860,Germany,Software Developer,Intermediate,2025-01-15
9861,South Korea,Student,Intermediate,2025-03-30
9862,USA,Data Analyst,Advanced,2025-10-18
9863,India,Data Scientist,Intermediate,2025-04-20
9864,Italy,Software Developer,Advanced,2025-03-29
9865,Pakistan,Business Analyst,Expert,2026-01-11
9866,Pakistan,Software Developer,Beginner,2025-06-17
9867,UAE,Data Analyst,Beginner,2025-10-27
9868,India,Student,Beginner,2025-06-05
9869,Singapore,Business Analyst,Intermediate,2025-10-09
9870,Germany,Content Creator,Advanced,2025-03-27
9871,Canada,Designer,Intermediate,2025-07-06
9872,Australia,Student,Intermediate,2025-05-06
9873,India,Marketing Specialist,Intermediate,2025-10-04
9874,Canada,Student,Advanced,2025-10-12
9875,USA,Marketing Specialist,Intermediate,2025-05-17
9876,Pakistan,Student,Advanced,2025-09-08
9877,,Business Analyst,Advanced,2025-08-26
9878,France,Teacher,Intermediate,2025-09-10
9879,Canada,Customer Support Specialist,Beginner,2026-02-18
9880,USA,Data Scientist,Intermediate,2025-05-07
9881,India,Entrepreneur,Intermediate,2025-10-20
9882,Japan,Data Scientist,Intermediate,2025-05-10
9883,USA,Data Scientist,Intermediate,2026-02-01
9884,Spain,Student,Intermediate,2026-01-02
9885,Pakistan,Software Developer,Intermediate,2025-04-03
9886,USA,Entrepreneur,Advanced,2025-11-06
9887,Pakistan,Content Creator,Beginner,2025-10-26
9888,Australia,Business Analyst,Advanced,2025-04-06
9889,India,Data Scientist,Intermediate,2025-08-14
9890,Italy,Entrepreneur,Intermediate,2025-01-29
9891,UAE,Entrepreneur,Beginner,2025-12-08
9892,Japan,Data Scientist,Intermediate,2025-08-28
9893,India,Designer,Advanced,2025-09-12
9894,Canada,Software Developer,Beginner,2025-04-20
9895,Canada,Marketing Specialist,Intermediate,2026-02-23
9896,USA,Teacher,Expert,2025-10-24
9897,Canada,Researcher,Expert,2025-09-23
9898,France,Content Creator,Advanced,2025-03-18
9899,India,Marketing Specialist,Advanced,2025-12-12
9900,India,Entrepreneur,Intermediate,2025-02-20
9901,Pakistan,Content Creator,Intermediate,2025-07-06
9902,Japan,Designer,Expert,2026-02-09
9903,United Kingdom,Content Creator,Expert,2025-01-28
9904,USA,Researcher,Beginner,2025-03-30
9905,Japan,Marketing Specialist,Expert,2025-01-23
9906,Singapore,Software Developer,Beginner,2025-10-11
9907,Germany,Designer,Beginner,2026-02-20
9908,USA,Marketing Specialist,Beginner,2025-08-27
9909,Singapore,Teacher,Advanced,2025-09-17
9910,USA,Software Developer,Intermediate,2025-08-13
9911,South Korea,Student,Intermediate,2025-04-18
9912,USA,Content Creator,Intermediate,2026-01-05
9913,USA,Student,Advanced,2025-07-10
9914,United Kingdom,Content Creator,Advanced,2025-07-02
9915,France,Marketing Specialist,Advanced,2025-11-23
9916,Brazil,Student,Beginner,2025-02-01
9917,Saudi Arabia,Data Analyst,Expert,2026-01-20
9918,USA,Entrepreneur,Intermediate,2026-02-21
9919,UAE,Student,Expert,2025-04-14
9920,India,Data Scientist,Beginner,2025-06-04
9921,Spain,Student,Advanced,2025-07-18
9922,France,Business Analyst,Advanced,2026-02-22
9923,Canada,Researcher,Advanced,2026-02-11
9924,,Software Developer,Beginner,2025-02-26
9925,Pakistan,Designer,Intermediate,2025-06-27
9926,Italy,Student,Advanced,2025-03-25
9927,Canada,Data Analyst,Intermediate,2026-01-08
9928,Italy,Software Developer,Intermediate,2025-02-17
9929,USA,Student,Intermediate,2025-03-18
9930,Japan,Researcher,Intermediate,2025-03-27
9931,Brazil,Data Scientist,Advanced,2026-01-09
9932,United Kingdom,Entrepreneur,Advanced,2026-01-19
9933,Brazil,Data Analyst,Advanced,2025-01-13
9934,Australia,Teacher,Intermediate,2025-04-12
9935,USA,Data Scientist,Intermediate,2025-12-01
9936,Singapore,Business Analyst,Beginner,2025-09-19
9937,Spain,Data Analyst,Intermediate,2025-11-10
9938,India,Business Analyst,Advanced,2025-01-03
9939,Pakistan,Content Creator,Beginner,2025-08-29
9940,Pakistan,Student,Beginner,2025-12-18
9941,Singapore,Content Creator,Beginner,2025-02-17
9942,India,Software Developer,Intermediate,2025-02-28
9943,Canada,Data Scientist,Advanced,2025-01-25
9944,Pakistan,Student,Expert,2026-01-10
9945,India,Student,Intermediate,2025-04-17
9946,India,Data Analyst,Intermediate,2025-12-18
9947,Singapore,Teacher,Advanced,2025-08-24
9948,United Kingdom,Designer,Beginner,2026-01-21
9949,USA,Student,Intermediate,2025-01-28
9950,USA,Software Developer,Beginner,2026-01-30
9951,Pakistan,Student,Beginner,2025-02-15
9952,India,Data Scientist,Beginner,2025-07-15
9953,India,Software Developer,Advanced,2025-03-08
9954,Pakistan,Student,Beginner,2025-01-22
9955,India,Data Analyst,Expert,2026-01-05
9956,Japan,Software Developer,Intermediate,2025-03-11
9957,India,Software Developer,Advanced,2025-12-05
9958,USA,Student,Intermediate,2025-09-28
9959,Canada,Customer Support Specialist,Advanced,2025-05-08
9960,UAE,Student,Beginner,2025-11-15
9961,Australia,Customer Support Specialist,Intermediate,2025-04-20
9962,South Korea,Data Analyst,Beginner,2025-10-20
9963,USA,Designer,Advanced,2025-07-14
9964,Pakistan,Entrepreneur,Intermediate,2025-10-02
9965,United Kingdom,Teacher,Beginner,2025-04-02
9966,UAE,Data Scientist,Beginner,2025-12-07
9967,Germany,Entrepreneur,Intermediate,2026-02-02
9968,France,Teacher,Beginner,2025-03-18
9969,Japan,Student,Beginner,2025-05-25
9970,Pakistan,Data Scientist,Beginner,2025-02-16
9971,India,Data Analyst,Advanced,2026-02-09
9972,Canada,Content Creator,Intermediate,2025-07-22
9973,UAE,Software Developer,Intermediate,2025-03-13
9974,India,Designer,Intermediate,2025-01-05
9975,Saudi Arabia,Entrepreneur,Advanced,2025-06-17
9976,USA,Data Scientist,Expert,2025-03-18
9977,United Kingdom,Customer Support Specialist,Intermediate,2025-07-12
9978,Italy,Entrepreneur,Advanced,2026-03-07
9979,USA,Student,Expert,2025-04-10
9980,Brazil,Data Analyst,Intermediate,2025-07-07
9981,Japan,Marketing Specialist,Advanced,2025-06-29
9982,Japan,Entrepreneur,Beginner,2026-03-06
9983,USA,Software Developer,Expert,2026-02-19
9984,,Software Developer,Intermediate,2025-12-02
9985,Pakistan,Teacher,Advanced,2025-04-20
9986,France,Software Developer,Expert,2025-10-19
9987,India,Content Creator,Beginner,2025-03-07
9988,USA,Software Developer,Intermediate,2025-10-26
9989,Germany,Software Developer,Beginner,2025-01-09
9990,Singapore,Software Developer,Beginner,2025-04-28
9991,Pakistan,Business Analyst,Beginner,2025-03-02
9992,South Korea,Student,Intermediate,2025-04-08
9993,USA,Content Creator,Beginner,2025-07-03
9994,Germany,Data Analyst,Intermediate,2025-10-04
9995,Singapore,Researcher,Beginner,2025-06-07
9996,Germany,Content Creator,Beginner,2025-03-08
9997,United Kingdom,Data Scientist,Intermediate,2025-01-14
9998,UAE,Data Analyst,Beginner,2025-02-08
9999,India,Customer Support Specialist,Advanced,2026-02-03
10000,USA,Student,Beginner,2025-03-14
